{
    "type": "FeatureCollection",
    "features": [
        {
            "type": "Feature",
            "geometry": {
                "type": "Point",
                "coordinates": [
                    2.66523,
                    48.7965
                ]
            },
            "properties": {
                "equip_numero": "E005I773900005",
                "inst_numero": "I773900005",
                "inst_enqu_date": "2025-03-31",
                "inst_nom": "COMPLEXE SPORTIF COUVERT CHANU",
                "inst_siret": null,
                "inst_adresse": "RUE EUGENE DELACROIX",
                "inst_cp": "77680",
                "new_name": "Roissy-en-Brie",
                "new_code": "77390",
                "inst_part_type_filter": [
                    "Complexe sportif"
                ],
                "inst_uai": null,
                "inst_acc_handi_type": "[\"Handicap moteur\"]",
                "inst_trans_type": "[\"Bus\"]",
                "inst_obs": null,
                "inst_date_etat": "2016-08-26",
                "inst_date_creation": "2005-09-22",
                "inst_hs_bool": null,
                "epci_code": "200057958",
                "dep_code": "77",
                "dep_nom": "Seine-et-Marne",
                "reg_code": "11",
                "reg_nom": "\u00cele-de-France",
                "epci_nom": "CA Paris - Vall\u00e9e de la Marne",
                "code_bdv": "75056",
                "lib_bdv": "Paris",
                "arr_code": "775",
                "arr_name": "Torcy",
                "dens_niveau": 1,
                "dens_lib": "Grands centres urbains",
                "dep_code_filled": "77",
                "aca_nom": "Acad\u00e9mie de Cr\u00e9teil",
                "zrr_simp": "NC - Commune non class\u00e9e",
                "equip_nom": "SALLE DE JUDO J",
                "equip_type_name": "Dojo \/ Salle d'arts martiaux",
                "equip_prop_nom": null,
                "equip_prop_type": "Commune",
                "equip_propsec_type": null,
                "equip_gest_type": "Commune",
                "equip_cogest_type": null,
                "equip_dsp": "false",
                "equip_ouv_public_bool": "true",
                "equip_erp_type": "[\"X\"]",
                "equip_erp_cat": 2,
                "equip_homo_date": null,
                "equip_homo_periode": null,
                "equip_service_date": "1978",
                "equip_service_periode": "1975-1984",
                "equip_travaux_date": "2006",
                "equip_travaux_periode": "A partir de 2005",
                "equip_travaux_type": "[\"V\u00e9tust\u00e9 normale\", \"remise \u00e0 niveau\"]",
                "equip_energie": "[\"Gaz\"]",
                "equip_nature": "Int\u00e9rieur",
                "equip_sol": "B\u00e9ton",
                "equip_long": 15.0,
                "equip_larg": 13.7,
                "equip_haut": 6.0,
                "equip_surf": 206.0,
                "equip_eclair": "true",
                "equip_piste_nb": null,
                "equip_trib_nb": 0,
                "equip_vest_sport": 4,
                "equip_vest_ens": 1,
                "equip_douche": "true",
                "equip_sanit": "true",
                "equip_loc_type": "[\"Autre\"]",
                "equip_conf_type": null,
                "equip_acces_handi_mobilite": "Aire de jeu",
                "equip_acces_handi_sensoriel": null,
                "equip_pdesi_pdipr": null,
                "equip_bassin_long": null,
                "equip_bassin_larg": null,
                "equip_bassin_surf": null,
                "equip_bassin_min": null,
                "equip_bassin_max": null,
                "equip_piste_long": null,
                "equip_sae_haut": null,
                "equip_sae_surf": null,
                "equip_sae_couloir": null,
                "equip_pasdetir": null,
                "equip_url": null,
                "equip_utilisateur": "[\"Clubs sportifs,comit\u00e9s,ligues,f\u00e9d\u00e9rations,Scolaires,universit\u00e9s,Autre - association(s) et groupes divers\"]",
                "equip_acc_libre": "false",
                "equip_saison": "false",
                "equip_obs": null,
                "equip_type_famille": "Salle de combat",
                "equip_type_code": "1801",
                "equip_rnb": "2FTRKKWWKFPC",
                "inst_acc_handi_bool": "true",
                "inst_trans_bool": "true",
                "inst_part_bool": "true",
                "equip_loc_bool": "true",
                "equip_pmr_vest": "false",
                "equip_pmr_acc": "false",
                "equip_pmr_aire": "true",
                "equip_pmr_chem": "false",
                "equip_pmr_douche": "false",
                "equip_pmr_sanit": "false",
                "equip_pmr_trib": "false",
                "equip_pshs_aire": "false",
                "equip_pshs_chem": "false",
                "equip_pshs_sanit": "false",
                "equip_pshs_sign": "false",
                "equip_pshs_trib": "false",
                "equip_pshs_vest": "false",
                "equip_x": "2.66523",
                "equip_y": "48.7965",
                "inst_part_type": "[\"Complexe sportif\"]",
                "aps_name": [
                    "Judo \/ Jujitsu \/ Ta\u00efso"
                ],
                "equip_qpv": null,
                "equip_qpv_200m": null,
                "categorie": null,
                "gen_2024fin_labellisation": null
            }
        },
        {
            "type": "Feature",
            "geometry": {
                "type": "Point",
                "coordinates": [
                    2.54322,
                    48.52523
                ]
            },
            "properties": {
                "equip_numero": "E005I774070001",
                "inst_numero": "I774070001",
                "inst_enqu_date": "2025-03-31",
                "inst_nom": "ESPACE GEORGES TETTAMANTI",
                "inst_siret": null,
                "inst_adresse": "RUE DE JONVILLE",
                "inst_cp": "77310",
                "new_name": "Saint-Fargeau-Ponthierry",
                "new_code": "77407",
                "inst_part_type_filter": null,
                "inst_uai": null,
                "inst_acc_handi_type": "[\"Handicap moteur\"]",
                "inst_trans_type": null,
                "inst_obs": null,
                "inst_date_etat": "2019-06-19",
                "inst_date_creation": "2005-09-22",
                "inst_hs_bool": null,
                "epci_code": "247700057",
                "dep_code": "77",
                "dep_nom": "Seine-et-Marne",
                "reg_code": "11",
                "reg_nom": "\u00cele-de-France",
                "epci_nom": "CA Melun Val de Seine",
                "code_bdv": "77407",
                "lib_bdv": "Saint-Fargeau-Ponthierry",
                "arr_code": "772",
                "arr_name": "Melun",
                "dens_niveau": 3,
                "dens_lib": "Petites villes",
                "dep_code_filled": "77",
                "aca_nom": "Acad\u00e9mie de Cr\u00e9teil",
                "zrr_simp": "NC - Commune non class\u00e9e",
                "equip_nom": "SALLE D",
                "equip_type_name": "Dojo \/ Salle d'arts martiaux",
                "equip_prop_nom": null,
                "equip_prop_type": "Commune",
                "equip_propsec_type": null,
                "equip_gest_type": "Commune",
                "equip_cogest_type": null,
                "equip_dsp": "false",
                "equip_ouv_public_bool": "true",
                "equip_erp_type": "[\"X\"]",
                "equip_erp_cat": 5,
                "equip_homo_date": null,
                "equip_homo_periode": null,
                "equip_service_date": "1980",
                "equip_service_periode": "1975-1984",
                "equip_travaux_date": "2013",
                "equip_travaux_periode": "A partir de 2005",
                "equip_travaux_type": "[\"V\u00e9tust\u00e9 normale\", \"remise \u00e0 niveau\"]",
                "equip_energie": "[\"Gaz\"]",
                "equip_nature": "Int\u00e9rieur",
                "equip_sol": "Synth\u00e9tique (hors gazon)",
                "equip_long": 15.0,
                "equip_larg": 12.0,
                "equip_haut": 4.0,
                "equip_surf": 180.0,
                "equip_eclair": "true",
                "equip_piste_nb": null,
                "equip_trib_nb": 0,
                "equip_vest_sport": 2,
                "equip_vest_ens": 0,
                "equip_douche": "true",
                "equip_sanit": "true",
                "equip_loc_type": "[\"Local de rangement\"]",
                "equip_conf_type": null,
                "equip_acces_handi_mobilite": null,
                "equip_acces_handi_sensoriel": null,
                "equip_pdesi_pdipr": null,
                "equip_bassin_long": null,
                "equip_bassin_larg": null,
                "equip_bassin_surf": null,
                "equip_bassin_min": null,
                "equip_bassin_max": null,
                "equip_piste_long": null,
                "equip_sae_haut": null,
                "equip_sae_surf": null,
                "equip_sae_couloir": null,
                "equip_pasdetir": null,
                "equip_url": null,
                "equip_utilisateur": "[\"Clubs sportifs,comit\u00e9s,ligues,f\u00e9d\u00e9rations,Scolaires,universit\u00e9s\"]",
                "equip_acc_libre": "true",
                "equip_saison": "false",
                "equip_obs": null,
                "equip_type_famille": "Salle de combat",
                "equip_type_code": "1801",
                "equip_rnb": "YS3GKHVN8XW2",
                "inst_acc_handi_bool": "true",
                "inst_trans_bool": "false",
                "inst_part_bool": "false",
                "equip_loc_bool": "true",
                "equip_pmr_vest": "false",
                "equip_pmr_acc": "false",
                "equip_pmr_aire": "false",
                "equip_pmr_chem": "false",
                "equip_pmr_douche": "false",
                "equip_pmr_sanit": "false",
                "equip_pmr_trib": "false",
                "equip_pshs_aire": "false",
                "equip_pshs_chem": "false",
                "equip_pshs_sanit": "false",
                "equip_pshs_sign": "false",
                "equip_pshs_trib": "false",
                "equip_pshs_vest": "false",
                "equip_x": "2.54322",
                "equip_y": "48.52523",
                "inst_part_type": null,
                "aps_name": [
                    "Judo \/ Jujitsu \/ Ta\u00efso",
                    "Karat\u00e9\/Karat\u00e9 jutsu\/Goshin jutsu\/Kobudo\/Nihon Tai-jutsu\/Taijitsu\/Nambudo\/Ninjutsu\/Nunchaku\/..."
                ],
                "equip_qpv": null,
                "equip_qpv_200m": null,
                "categorie": null,
                "gen_2024fin_labellisation": null
            }
        },
        {
            "type": "Feature",
            "geometry": {
                "type": "Point",
                "coordinates": [
                    2.886186,
                    48.964765
                ]
            },
            "properties": {
                "equip_numero": "E005I772840019",
                "inst_numero": "I772840019",
                "inst_enqu_date": "2025-03-31",
                "inst_nom": "INSTITUTION SAINTE-GENEVIEVE",
                "inst_siret": "30410077900061",
                "inst_adresse": "12 rue de la visitation",
                "inst_cp": "77100",
                "new_name": "Meaux",
                "new_code": "77284",
                "inst_part_type_filter": [
                    "Etablissement scolaire"
                ],
                "inst_uai": "0771284C",
                "inst_acc_handi_type": "[\"Handicap moteur\"]",
                "inst_trans_type": "[\"Bus\"]",
                "inst_obs": "En cours en 2024: Accessibilit\u00e9 PMR et handi-sensoriel en cours sur les 5 prochaines ann\u00e9es",
                "inst_date_etat": "2024-01-26",
                "inst_date_creation": "2005-09-22",
                "inst_hs_bool": "false",
                "epci_code": "200072130",
                "dep_code": "77",
                "dep_nom": "Seine-et-Marne",
                "reg_code": "11",
                "reg_nom": "\u00cele-de-France",
                "epci_nom": "CA du Pays de Meaux",
                "code_bdv": "77284",
                "lib_bdv": "Meaux",
                "arr_code": "771",
                "arr_name": "Meaux",
                "dens_niveau": 1,
                "dens_lib": "Grands centres urbains",
                "dep_code_filled": "77",
                "aca_nom": "Acad\u00e9mie de Cr\u00e9teil",
                "zrr_simp": "NC - Commune non class\u00e9e",
                "equip_nom": "DOJO DU GYMNASE",
                "equip_type_name": "Dojo \/ Salle d'arts martiaux",
                "equip_prop_nom": "Ecole primaire priv\u00e9e Sainte-Genevi\u00e8ve",
                "equip_prop_type": "Etablissement d'enseignement priv\u00e9",
                "equip_propsec_type": null,
                "equip_gest_type": "Association(s)",
                "equip_cogest_type": null,
                "equip_dsp": "false",
                "equip_ouv_public_bool": "true",
                "equip_erp_type": "[\"R\", \"L\", \"X\"]",
                "equip_erp_cat": 2,
                "equip_homo_date": null,
                "equip_homo_periode": null,
                "equip_service_date": "1992",
                "equip_service_periode": "1985-1994",
                "equip_travaux_date": null,
                "equip_travaux_periode": null,
                "equip_travaux_type": null,
                "equip_energie": "[\"Autre\"]",
                "equip_nature": "Int\u00e9rieur",
                "equip_sol": "Synth\u00e9tique (hors gazon)",
                "equip_long": 10.0,
                "equip_larg": 10.0,
                "equip_haut": 3.0,
                "equip_surf": 100.0,
                "equip_eclair": "true",
                "equip_piste_nb": null,
                "equip_trib_nb": 0,
                "equip_vest_sport": 2,
                "equip_vest_ens": 0,
                "equip_douche": "false",
                "equip_sanit": "true",
                "equip_loc_type": "[\"R\u00e9ception \/ Accueil\", \"Infirmerie\", \"Salle(s) de r\u00e9union\/cours\", \"Local de rangement\"]",
                "equip_conf_type": null,
                "equip_acces_handi_mobilite": "Accueil",
                "equip_acces_handi_sensoriel": null,
                "equip_pdesi_pdipr": null,
                "equip_bassin_long": null,
                "equip_bassin_larg": null,
                "equip_bassin_surf": null,
                "equip_bassin_min": null,
                "equip_bassin_max": null,
                "equip_piste_long": null,
                "equip_sae_haut": null,
                "equip_sae_surf": null,
                "equip_sae_couloir": null,
                "equip_pasdetir": null,
                "equip_url": null,
                "equip_utilisateur": "[\"Scolaires,universit\u00e9s\"]",
                "equip_acc_libre": "false",
                "equip_saison": "false",
                "equip_obs": null,
                "equip_type_famille": "Salle de combat",
                "equip_type_code": "1801",
                "equip_rnb": "HVEVQGEC9NAV",
                "inst_acc_handi_bool": "true",
                "inst_trans_bool": "true",
                "inst_part_bool": "true",
                "equip_loc_bool": "true",
                "equip_pmr_vest": "false",
                "equip_pmr_acc": "true",
                "equip_pmr_aire": "false",
                "equip_pmr_chem": "false",
                "equip_pmr_douche": "false",
                "equip_pmr_sanit": "false",
                "equip_pmr_trib": "false",
                "equip_pshs_aire": "false",
                "equip_pshs_chem": "false",
                "equip_pshs_sanit": "false",
                "equip_pshs_sign": "false",
                "equip_pshs_trib": "false",
                "equip_pshs_vest": "false",
                "equip_x": "2.886186",
                "equip_y": "48.964765",
                "inst_part_type": "[\"Etablissement scolaire\"]",
                "aps_name": [
                    "Boxe Anglaise",
                    "Gymnastique Acrobatique",
                    "Gymnastique Artistique",
                    "Judo \/ Jujitsu \/ Ta\u00efso"
                ],
                "equip_qpv": null,
                "equip_qpv_200m": null,
                "categorie": null,
                "gen_2024fin_labellisation": null
            }
        },
        {
            "type": "Feature",
            "geometry": {
                "type": "Point",
                "coordinates": [
                    2.56957,
                    48.52449
                ]
            },
            "properties": {
                "equip_numero": "E001I770400007",
                "inst_numero": "I770400007",
                "inst_enqu_date": "2025-03-31",
                "inst_nom": "SALLE DE COMBAT",
                "inst_siret": null,
                "inst_adresse": "RUE DU CLOS BOUQUET",
                "inst_cp": "77310",
                "new_name": "Boissise-le-Roi",
                "new_code": "77040",
                "inst_part_type_filter": null,
                "inst_uai": null,
                "inst_acc_handi_type": "[\"Handicap moteur\"]",
                "inst_trans_type": "[\"Bus\"]",
                "inst_obs": null,
                "inst_date_etat": "2024-04-25",
                "inst_date_creation": "2005-09-22",
                "inst_hs_bool": null,
                "epci_code": "247700057",
                "dep_code": "77",
                "dep_nom": "Seine-et-Marne",
                "reg_code": "11",
                "reg_nom": "\u00cele-de-France",
                "epci_nom": "CA Melun Val de Seine",
                "code_bdv": "77407",
                "lib_bdv": "Saint-Fargeau-Ponthierry",
                "arr_code": "772",
                "arr_name": "Melun",
                "dens_niveau": 4,
                "dens_lib": "Ceintures urbaines",
                "dep_code_filled": "77",
                "aca_nom": "Acad\u00e9mie de Cr\u00e9teil",
                "zrr_simp": "NC - Commune non class\u00e9e",
                "equip_nom": "SALLE DE JUDO ENTRAINEMENT",
                "equip_type_name": "Dojo \/ Salle d'arts martiaux",
                "equip_prop_nom": null,
                "equip_prop_type": "Commune",
                "equip_propsec_type": null,
                "equip_gest_type": "Commune",
                "equip_cogest_type": null,
                "equip_dsp": "false",
                "equip_ouv_public_bool": "true",
                "equip_erp_type": "[\"X\"]",
                "equip_erp_cat": 5,
                "equip_homo_date": null,
                "equip_homo_periode": null,
                "equip_service_date": null,
                "equip_service_periode": "1975-1984",
                "equip_travaux_date": null,
                "equip_travaux_periode": null,
                "equip_travaux_type": null,
                "equip_energie": "[\"Gaz\"]",
                "equip_nature": "Int\u00e9rieur",
                "equip_sol": "Parquet",
                "equip_long": 11.0,
                "equip_larg": 8.9,
                "equip_haut": 3.0,
                "equip_surf": 98.0,
                "equip_eclair": "true",
                "equip_piste_nb": null,
                "equip_trib_nb": 0,
                "equip_vest_sport": 2,
                "equip_vest_ens": 0,
                "equip_douche": "true",
                "equip_sanit": null,
                "equip_loc_type": null,
                "equip_conf_type": null,
                "equip_acces_handi_mobilite": "Cheminements",
                "equip_acces_handi_sensoriel": null,
                "equip_pdesi_pdipr": null,
                "equip_bassin_long": null,
                "equip_bassin_larg": null,
                "equip_bassin_surf": null,
                "equip_bassin_min": null,
                "equip_bassin_max": null,
                "equip_piste_long": null,
                "equip_sae_haut": null,
                "equip_sae_surf": null,
                "equip_sae_couloir": null,
                "equip_pasdetir": null,
                "equip_url": "http:\/\/www.mairie-boissise-le-roi.fr",
                "equip_utilisateur": "[\"Clubs sportifs,comit\u00e9s,ligues,f\u00e9d\u00e9rations\"]",
                "equip_acc_libre": "false",
                "equip_saison": "false",
                "equip_obs": null,
                "equip_type_famille": "Salle de combat",
                "equip_type_code": "1801",
                "equip_rnb": "5MFFPWHMSH6N",
                "inst_acc_handi_bool": "true",
                "inst_trans_bool": "true",
                "inst_part_bool": "false",
                "equip_loc_bool": "false",
                "equip_pmr_vest": "false",
                "equip_pmr_acc": "false",
                "equip_pmr_aire": "false",
                "equip_pmr_chem": "true",
                "equip_pmr_douche": "false",
                "equip_pmr_sanit": "false",
                "equip_pmr_trib": "false",
                "equip_pshs_aire": "false",
                "equip_pshs_chem": "false",
                "equip_pshs_sanit": "false",
                "equip_pshs_sign": "false",
                "equip_pshs_trib": "false",
                "equip_pshs_vest": "false",
                "equip_x": "2.56957",
                "equip_y": "48.52449",
                "inst_part_type": null,
                "aps_name": [
                    "Judo \/ Jujitsu \/ Ta\u00efso",
                    "Karat\u00e9\/Karat\u00e9 jutsu\/Goshin jutsu\/Kobudo\/Nihon Tai-jutsu\/Taijitsu\/Nambudo\/Ninjutsu\/Nunchaku\/..."
                ],
                "equip_qpv": null,
                "equip_qpv_200m": null,
                "categorie": null,
                "gen_2024fin_labellisation": null
            }
        },
        {
            "type": "Feature",
            "geometry": {
                "type": "Point",
                "coordinates": [
                    3.0197,
                    48.34505
                ]
            },
            "properties": {
                "equip_numero": "E001I770540002",
                "inst_numero": "I770540002",
                "inst_enqu_date": "2025-03-31",
                "inst_nom": "SALLE DE SPORTS",
                "inst_siret": null,
                "inst_adresse": "RUE JACQUINE",
                "inst_cp": "77940",
                "new_name": "La Brosse-Montceaux",
                "new_code": "77054",
                "inst_part_type_filter": null,
                "inst_uai": null,
                "inst_acc_handi_type": "[\"Handicap moteur\"]",
                "inst_trans_type": null,
                "inst_obs": null,
                "inst_date_etat": "2018-01-09",
                "inst_date_creation": "2005-09-22",
                "inst_hs_bool": null,
                "epci_code": "247700107",
                "dep_code": "77",
                "dep_nom": "Seine-et-Marne",
                "reg_code": "11",
                "reg_nom": "\u00cele-de-France",
                "epci_nom": "CC Pays de Montereau",
                "code_bdv": "77305",
                "lib_bdv": "Montereau-Fault-Yonne",
                "arr_code": "773",
                "arr_name": "Provins",
                "dens_niveau": 6,
                "dens_lib": "Rural \u00e0 habitat dispers\u00e9",
                "dep_code_filled": "77",
                "aca_nom": "Acad\u00e9mie de Cr\u00e9teil",
                "zrr_simp": "NC - Commune non class\u00e9e",
                "equip_nom": "SALLE DE SPORTS",
                "equip_type_name": "Salle multisports (gymnase)",
                "equip_prop_nom": null,
                "equip_prop_type": "Commune",
                "equip_propsec_type": null,
                "equip_gest_type": "Commune",
                "equip_cogest_type": null,
                "equip_dsp": "false",
                "equip_ouv_public_bool": "true",
                "equip_erp_type": "[\"X\"]",
                "equip_erp_cat": 5,
                "equip_homo_date": null,
                "equip_homo_periode": null,
                "equip_service_date": "1985",
                "equip_service_periode": "1985-1994",
                "equip_travaux_date": "2007",
                "equip_travaux_periode": "A partir de 2005",
                "equip_travaux_type": "[\"Inadaptation aux attentes des usagers\"]",
                "equip_energie": "[\"Electricit\u00e9\"]",
                "equip_nature": "Int\u00e9rieur",
                "equip_sol": "Bitume",
                "equip_long": 19.0,
                "equip_larg": 12.1,
                "equip_haut": 7.0,
                "equip_surf": 230.0,
                "equip_eclair": "true",
                "equip_piste_nb": null,
                "equip_trib_nb": 0,
                "equip_vest_sport": 1,
                "equip_vest_ens": 0,
                "equip_douche": "true",
                "equip_sanit": "true",
                "equip_loc_type": "[\"Local de rangement\"]",
                "equip_conf_type": null,
                "equip_acces_handi_mobilite": "Aire de jeu",
                "equip_acces_handi_sensoriel": null,
                "equip_pdesi_pdipr": null,
                "equip_bassin_long": null,
                "equip_bassin_larg": null,
                "equip_bassin_surf": null,
                "equip_bassin_min": null,
                "equip_bassin_max": null,
                "equip_piste_long": null,
                "equip_sae_haut": null,
                "equip_sae_surf": null,
                "equip_sae_couloir": null,
                "equip_pasdetir": null,
                "equip_url": null,
                "equip_utilisateur": "[\"Clubs sportifs,comit\u00e9s,ligues,f\u00e9d\u00e9rations,Scolaires,universit\u00e9s\"]",
                "equip_acc_libre": "false",
                "equip_saison": "false",
                "equip_obs": null,
                "equip_type_famille": "Salle multisports",
                "equip_type_code": "1901",
                "equip_rnb": "PV5QB236CWD4",
                "inst_acc_handi_bool": "true",
                "inst_trans_bool": "false",
                "inst_part_bool": "false",
                "equip_loc_bool": "true",
                "equip_pmr_vest": "false",
                "equip_pmr_acc": "false",
                "equip_pmr_aire": "true",
                "equip_pmr_chem": "false",
                "equip_pmr_douche": "false",
                "equip_pmr_sanit": "false",
                "equip_pmr_trib": "false",
                "equip_pshs_aire": "false",
                "equip_pshs_chem": "false",
                "equip_pshs_sanit": "false",
                "equip_pshs_sign": "false",
                "equip_pshs_trib": "false",
                "equip_pshs_vest": "false",
                "equip_x": "3.0197",
                "equip_y": "48.34505",
                "inst_part_type": null,
                "aps_name": [
                    "Autres Danses",
                    "Basket-Ball",
                    "Gymnastique Rythmique",
                    "Judo \/ Jujitsu \/ Ta\u00efso"
                ],
                "equip_qpv": null,
                "equip_qpv_200m": null,
                "categorie": "structurant",
                "gen_2024fin_labellisation": null
            }
        },
        {
            "type": "Feature",
            "geometry": {
                "type": "Point",
                "coordinates": [
                    2.98319,
                    48.3607
                ]
            },
            "properties": {
                "equip_numero": "E001I770610001",
                "inst_numero": "I770610001",
                "inst_enqu_date": "2025-03-31",
                "inst_nom": "DOJO",
                "inst_siret": null,
                "inst_adresse": "RUE DES ECOLES",
                "inst_cp": "77130",
                "new_name": "Cannes-\u00c9cluse",
                "new_code": "77061",
                "inst_part_type_filter": null,
                "inst_uai": null,
                "inst_acc_handi_type": "[\"Handicap moteur\"]",
                "inst_trans_type": null,
                "inst_obs": null,
                "inst_date_etat": "2024-03-29",
                "inst_date_creation": "2016-01-22",
                "inst_hs_bool": "false",
                "epci_code": "247700107",
                "dep_code": "77",
                "dep_nom": "Seine-et-Marne",
                "reg_code": "11",
                "reg_nom": "\u00cele-de-France",
                "epci_nom": "CC Pays de Montereau",
                "code_bdv": "77305",
                "lib_bdv": "Montereau-Fault-Yonne",
                "arr_code": "773",
                "arr_name": "Provins",
                "dens_niveau": 5,
                "dens_lib": "Bourgs ruraux",
                "dep_code_filled": "77",
                "aca_nom": "Acad\u00e9mie de Cr\u00e9teil",
                "zrr_simp": "NC - Commune non class\u00e9e",
                "equip_nom": "DOJO",
                "equip_type_name": "Dojo \/ Salle d'arts martiaux",
                "equip_prop_nom": "Commune de Cannes-Ecluse",
                "equip_prop_type": "Commune",
                "equip_propsec_type": null,
                "equip_gest_type": "Commune",
                "equip_cogest_type": null,
                "equip_dsp": "false",
                "equip_ouv_public_bool": "true",
                "equip_erp_type": "[\"X\"]",
                "equip_erp_cat": 5,
                "equip_homo_date": null,
                "equip_homo_periode": null,
                "equip_service_date": "2011",
                "equip_service_periode": "A partir de 2005",
                "equip_travaux_date": null,
                "equip_travaux_periode": null,
                "equip_travaux_type": null,
                "equip_energie": "[\"Gaz\"]",
                "equip_nature": "Int\u00e9rieur",
                "equip_sol": "Carrelage",
                "equip_long": 7.0,
                "equip_larg": 5.0,
                "equip_haut": 3.0,
                "equip_surf": 35.0,
                "equip_eclair": "true",
                "equip_piste_nb": null,
                "equip_trib_nb": 0,
                "equip_vest_sport": 2,
                "equip_vest_ens": 0,
                "equip_douche": "true",
                "equip_sanit": "true",
                "equip_loc_type": "[\"Local de rangement\"]",
                "equip_conf_type": null,
                "equip_acces_handi_mobilite": "Accueil,Aire de jeu,Cheminements,Douches,Sanitaires,Vestiaires",
                "equip_acces_handi_sensoriel": null,
                "equip_pdesi_pdipr": null,
                "equip_bassin_long": null,
                "equip_bassin_larg": null,
                "equip_bassin_surf": null,
                "equip_bassin_min": null,
                "equip_bassin_max": null,
                "equip_piste_long": null,
                "equip_sae_haut": null,
                "equip_sae_surf": null,
                "equip_sae_couloir": null,
                "equip_pasdetir": null,
                "equip_url": "http:\/\/cannes-ecluse.com",
                "equip_utilisateur": "[\"Clubs sportifs,comit\u00e9s,ligues,f\u00e9d\u00e9rations\"]",
                "equip_acc_libre": "false",
                "equip_saison": "false",
                "equip_obs": null,
                "equip_type_famille": "Salle de combat",
                "equip_type_code": "1801",
                "equip_rnb": "XM2GHKVTG7TS",
                "inst_acc_handi_bool": "true",
                "inst_trans_bool": "false",
                "inst_part_bool": "false",
                "equip_loc_bool": "true",
                "equip_pmr_vest": "true",
                "equip_pmr_acc": "true",
                "equip_pmr_aire": "true",
                "equip_pmr_chem": "true",
                "equip_pmr_douche": "true",
                "equip_pmr_sanit": "true",
                "equip_pmr_trib": "false",
                "equip_pshs_aire": "false",
                "equip_pshs_chem": "false",
                "equip_pshs_sanit": "false",
                "equip_pshs_sign": "false",
                "equip_pshs_trib": "false",
                "equip_pshs_vest": "false",
                "equip_x": "2.98319",
                "equip_y": "48.3607",
                "inst_part_type": null,
                "aps_name": [
                    "Judo \/ Jujitsu \/ Ta\u00efso",
                    "Karat\u00e9\/Karat\u00e9 jutsu\/Goshin jutsu\/Kobudo\/Nihon Tai-jutsu\/Taijitsu\/Nambudo\/Ninjutsu\/Nunchaku\/..."
                ],
                "equip_qpv": null,
                "equip_qpv_200m": null,
                "categorie": null,
                "gen_2024fin_labellisation": null
            }
        },
        {
            "type": "Feature",
            "geometry": {
                "type": "Point",
                "coordinates": [
                    2.57147,
                    48.32103
                ]
            },
            "properties": {
                "equip_numero": "E004I770880001",
                "inst_numero": "I770880001",
                "inst_enqu_date": "2025-03-31",
                "inst_nom": "COMPLEXE MUNICIPAL",
                "inst_siret": null,
                "inst_adresse": "RUE VILLIONNE",
                "inst_cp": "77760",
                "new_name": "La Chapelle-la-Reine",
                "new_code": "77088",
                "inst_part_type_filter": null,
                "inst_uai": null,
                "inst_acc_handi_type": "[\"Handicap moteur\"]",
                "inst_trans_type": "[\"Bus\"]",
                "inst_obs": null,
                "inst_date_etat": "2024-04-25",
                "inst_date_creation": "2005-09-22",
                "inst_hs_bool": null,
                "epci_code": "200072346",
                "dep_code": "77",
                "dep_nom": "Seine-et-Marne",
                "reg_code": "11",
                "reg_nom": "\u00cele-de-France",
                "epci_nom": "CA du Pays de Fontainebleau",
                "code_bdv": "77088",
                "lib_bdv": "La Chapelle-la-Reine",
                "arr_code": "774",
                "arr_name": "Fontainebleau",
                "dens_niveau": 5,
                "dens_lib": "Bourgs ruraux",
                "dep_code_filled": "77",
                "aca_nom": "Acad\u00e9mie de Cr\u00e9teil",
                "zrr_simp": "NC - Commune non class\u00e9e",
                "equip_nom": "DOJO",
                "equip_type_name": "Dojo \/ Salle d'arts martiaux",
                "equip_prop_nom": null,
                "equip_prop_type": "Commune",
                "equip_propsec_type": null,
                "equip_gest_type": "Commune",
                "equip_cogest_type": null,
                "equip_dsp": "false",
                "equip_ouv_public_bool": "true",
                "equip_erp_type": "[\"L\"]",
                "equip_erp_cat": 5,
                "equip_homo_date": null,
                "equip_homo_periode": null,
                "equip_service_date": "1990",
                "equip_service_periode": "1985-1994",
                "equip_travaux_date": null,
                "equip_travaux_periode": null,
                "equip_travaux_type": null,
                "equip_energie": "[\"Electricit\u00e9\"]",
                "equip_nature": "Int\u00e9rieur",
                "equip_sol": "Synth\u00e9tique (hors gazon)",
                "equip_long": 20.0,
                "equip_larg": 7.0,
                "equip_haut": 3.0,
                "equip_surf": 140.0,
                "equip_eclair": "true",
                "equip_piste_nb": null,
                "equip_trib_nb": 0,
                "equip_vest_sport": 2,
                "equip_vest_ens": 1,
                "equip_douche": "true",
                "equip_sanit": "true",
                "equip_loc_type": null,
                "equip_conf_type": null,
                "equip_acces_handi_mobilite": "Cheminements",
                "equip_acces_handi_sensoriel": null,
                "equip_pdesi_pdipr": null,
                "equip_bassin_long": null,
                "equip_bassin_larg": null,
                "equip_bassin_surf": null,
                "equip_bassin_min": null,
                "equip_bassin_max": null,
                "equip_piste_long": null,
                "equip_sae_haut": null,
                "equip_sae_surf": null,
                "equip_sae_couloir": null,
                "equip_pasdetir": null,
                "equip_url": "http:\/\/www.lachapellelareine.net",
                "equip_utilisateur": "[\"Clubs sportifs,comit\u00e9s,ligues,f\u00e9d\u00e9rations\"]",
                "equip_acc_libre": "false",
                "equip_saison": "false",
                "equip_obs": null,
                "equip_type_famille": "Salle de combat",
                "equip_type_code": "1801",
                "equip_rnb": "GXWTCBGKS6CP",
                "inst_acc_handi_bool": "true",
                "inst_trans_bool": "true",
                "inst_part_bool": "false",
                "equip_loc_bool": "false",
                "equip_pmr_vest": "false",
                "equip_pmr_acc": "false",
                "equip_pmr_aire": "false",
                "equip_pmr_chem": "true",
                "equip_pmr_douche": "false",
                "equip_pmr_sanit": "false",
                "equip_pmr_trib": "false",
                "equip_pshs_aire": "false",
                "equip_pshs_chem": "false",
                "equip_pshs_sanit": "false",
                "equip_pshs_sign": "false",
                "equip_pshs_trib": "false",
                "equip_pshs_vest": "false",
                "equip_x": "2.57147",
                "equip_y": "48.32103",
                "inst_part_type": null,
                "aps_name": [
                    "Judo \/ Jujitsu \/ Ta\u00efso"
                ],
                "equip_qpv": null,
                "equip_qpv_200m": null,
                "categorie": null,
                "gen_2024fin_labellisation": null
            }
        },
        {
            "type": "Feature",
            "geometry": {
                "type": "Point",
                "coordinates": [
                    3.31288,
                    48.7833
                ]
            },
            "properties": {
                "equip_numero": "E004I771820002",
                "inst_numero": "I771820002",
                "inst_enqu_date": "2025-03-31",
                "inst_nom": "COMPLEXE SPORTIF G. PETIT FRERE",
                "inst_siret": null,
                "inst_adresse": "ROUTE DE SAINT MARTIN DES CHAMPS",
                "inst_cp": "77320",
                "new_name": "La Fert\u00e9-Gaucher",
                "new_code": "77182",
                "inst_part_type_filter": null,
                "inst_uai": null,
                "inst_acc_handi_type": "[\"Handicap moteur\"]",
                "inst_trans_type": null,
                "inst_obs": null,
                "inst_date_etat": "2024-04-25",
                "inst_date_creation": "2005-09-22",
                "inst_hs_bool": null,
                "epci_code": "200072544",
                "dep_code": "77",
                "dep_nom": "Seine-et-Marne",
                "reg_code": "11",
                "reg_nom": "\u00cele-de-France",
                "epci_nom": "CC des Deux Morin",
                "code_bdv": "77182",
                "lib_bdv": "La Fert\u00e9-Gaucher",
                "arr_code": "773",
                "arr_name": "Provins",
                "dens_niveau": 3,
                "dens_lib": "Petites villes",
                "dep_code_filled": "77",
                "aca_nom": "Acad\u00e9mie de Cr\u00e9teil",
                "zrr_simp": "NC - Commune non class\u00e9e",
                "equip_nom": "DOJO",
                "equip_type_name": "Dojo \/ Salle d'arts martiaux",
                "equip_prop_nom": null,
                "equip_prop_type": "EPCI",
                "equip_propsec_type": null,
                "equip_gest_type": "EPCI",
                "equip_cogest_type": null,
                "equip_dsp": "false",
                "equip_ouv_public_bool": "true",
                "equip_erp_type": "[\"L\", \"X\"]",
                "equip_erp_cat": 5,
                "equip_homo_date": null,
                "equip_homo_periode": null,
                "equip_service_date": "1991",
                "equip_service_periode": "1985-1994",
                "equip_travaux_date": null,
                "equip_travaux_periode": null,
                "equip_travaux_type": null,
                "equip_energie": "[\"Gaz\"]",
                "equip_nature": "Int\u00e9rieur",
                "equip_sol": "B\u00e9ton",
                "equip_long": 15.0,
                "equip_larg": 10.0,
                "equip_haut": 4.0,
                "equip_surf": 150.0,
                "equip_eclair": "true",
                "equip_piste_nb": null,
                "equip_trib_nb": 0,
                "equip_vest_sport": 4,
                "equip_vest_ens": 1,
                "equip_douche": "true",
                "equip_sanit": "true",
                "equip_loc_type": "[\"Bureau(x) Club(s)\"]",
                "equip_conf_type": null,
                "equip_acces_handi_mobilite": "Aire de jeu,Sanitaires,Vestiaires",
                "equip_acces_handi_sensoriel": "Sanitaires",
                "equip_pdesi_pdipr": null,
                "equip_bassin_long": null,
                "equip_bassin_larg": null,
                "equip_bassin_surf": null,
                "equip_bassin_min": null,
                "equip_bassin_max": null,
                "equip_piste_long": null,
                "equip_sae_haut": null,
                "equip_sae_surf": null,
                "equip_sae_couloir": null,
                "equip_pasdetir": null,
                "equip_url": null,
                "equip_utilisateur": "[\"Clubs sportifs,comit\u00e9s,ligues,f\u00e9d\u00e9rations\"]",
                "equip_acc_libre": "false",
                "equip_saison": "false",
                "equip_obs": null,
                "equip_type_famille": "Salle de combat",
                "equip_type_code": "1801",
                "equip_rnb": "AMH6JFEYXE8C",
                "inst_acc_handi_bool": "true",
                "inst_trans_bool": "false",
                "inst_part_bool": "false",
                "equip_loc_bool": "true",
                "equip_pmr_vest": "true",
                "equip_pmr_acc": "false",
                "equip_pmr_aire": "true",
                "equip_pmr_chem": "false",
                "equip_pmr_douche": "false",
                "equip_pmr_sanit": "true",
                "equip_pmr_trib": "false",
                "equip_pshs_aire": "false",
                "equip_pshs_chem": "false",
                "equip_pshs_sanit": "true",
                "equip_pshs_sign": "false",
                "equip_pshs_trib": "false",
                "equip_pshs_vest": "false",
                "equip_x": "3.31288",
                "equip_y": "48.7833",
                "inst_part_type": null,
                "aps_name": [
                    "Judo \/ Jujitsu \/ Ta\u00efso",
                    "Karat\u00e9\/Karat\u00e9 jutsu\/Goshin jutsu\/Kobudo\/Nihon Tai-jutsu\/Taijitsu\/Nambudo\/Ninjutsu\/Nunchaku\/..."
                ],
                "equip_qpv": null,
                "equip_qpv_200m": null,
                "categorie": null,
                "gen_2024fin_labellisation": null
            }
        },
        {
            "type": "Feature",
            "geometry": {
                "type": "Point",
                "coordinates": [
                    2.54698,
                    48.62721
                ]
            },
            "properties": {
                "equip_numero": "E004I772510002",
                "inst_numero": "I772510002",
                "inst_enqu_date": "2025-03-31",
                "inst_nom": "COMPLEXE SPORTIF LAVOISIER",
                "inst_siret": null,
                "inst_adresse": "RUE DES GRANDS CHAMPS",
                "inst_cp": "77127",
                "new_name": "Lieusaint",
                "new_code": "77251",
                "inst_part_type_filter": [
                    "Complexe sportif"
                ],
                "inst_uai": null,
                "inst_acc_handi_type": null,
                "inst_trans_type": null,
                "inst_obs": null,
                "inst_date_etat": "2016-02-18",
                "inst_date_creation": "2005-09-22",
                "inst_hs_bool": null,
                "epci_code": "200059228",
                "dep_code": "77",
                "dep_nom": "Seine-et-Marne",
                "reg_code": "11",
                "reg_nom": "\u00cele-de-France",
                "epci_nom": "CA Grand Paris Sud Seine Essonne S\u00e9nart",
                "code_bdv": "75056",
                "lib_bdv": "Paris",
                "arr_code": "772",
                "arr_name": "Melun",
                "dens_niveau": 2,
                "dens_lib": "Centres urbains interm\u00e9diaires",
                "dep_code_filled": "77",
                "aca_nom": "Acad\u00e9mie de Cr\u00e9teil",
                "zrr_simp": "NC - Commune non class\u00e9e",
                "equip_nom": "DOJO",
                "equip_type_name": "Dojo \/ Salle d'arts martiaux",
                "equip_prop_nom": null,
                "equip_prop_type": "EPCI",
                "equip_propsec_type": null,
                "equip_gest_type": "Commune",
                "equip_cogest_type": null,
                "equip_dsp": "false",
                "equip_ouv_public_bool": "true",
                "equip_erp_type": "[\"X\"]",
                "equip_erp_cat": 5,
                "equip_homo_date": null,
                "equip_homo_periode": null,
                "equip_service_date": "1991",
                "equip_service_periode": "1985-1994",
                "equip_travaux_date": null,
                "equip_travaux_periode": null,
                "equip_travaux_type": null,
                "equip_energie": "[\"Gaz\"]",
                "equip_nature": "Int\u00e9rieur",
                "equip_sol": "Synth\u00e9tique (hors gazon)",
                "equip_long": 20.0,
                "equip_larg": 12.0,
                "equip_haut": 4.0,
                "equip_surf": 240.0,
                "equip_eclair": "true",
                "equip_piste_nb": null,
                "equip_trib_nb": 0,
                "equip_vest_sport": 7,
                "equip_vest_ens": 1,
                "equip_douche": "false",
                "equip_sanit": "false",
                "equip_loc_type": null,
                "equip_conf_type": null,
                "equip_acces_handi_mobilite": null,
                "equip_acces_handi_sensoriel": null,
                "equip_pdesi_pdipr": null,
                "equip_bassin_long": null,
                "equip_bassin_larg": null,
                "equip_bassin_surf": null,
                "equip_bassin_min": null,
                "equip_bassin_max": null,
                "equip_piste_long": null,
                "equip_sae_haut": null,
                "equip_sae_surf": null,
                "equip_sae_couloir": null,
                "equip_pasdetir": null,
                "equip_url": "www.ville-lieusaint.fr",
                "equip_utilisateur": "[\"Clubs sportifs,comit\u00e9s,ligues,f\u00e9d\u00e9rations,Scolaires,universit\u00e9s\"]",
                "equip_acc_libre": "false",
                "equip_saison": "false",
                "equip_obs": null,
                "equip_type_famille": "Salle de combat",
                "equip_type_code": "1801",
                "equip_rnb": "V15QMDRBGERW",
                "inst_acc_handi_bool": "false",
                "inst_trans_bool": "false",
                "inst_part_bool": "true",
                "equip_loc_bool": "false",
                "equip_pmr_vest": "false",
                "equip_pmr_acc": "false",
                "equip_pmr_aire": "false",
                "equip_pmr_chem": "false",
                "equip_pmr_douche": "false",
                "equip_pmr_sanit": "false",
                "equip_pmr_trib": "false",
                "equip_pshs_aire": "false",
                "equip_pshs_chem": "false",
                "equip_pshs_sanit": "false",
                "equip_pshs_sign": "false",
                "equip_pshs_trib": "false",
                "equip_pshs_vest": "false",
                "equip_x": "2.54698",
                "equip_y": "48.62721",
                "inst_part_type": "[\"Complexe sportif\"]",
                "aps_name": [
                    "Judo \/ Jujitsu \/ Ta\u00efso"
                ],
                "equip_qpv": null,
                "equip_qpv_200m": null,
                "categorie": null,
                "gen_2024fin_labellisation": null
            }
        },
        {
            "type": "Feature",
            "geometry": {
                "type": "Point",
                "coordinates": [
                    2.61404,
                    48.8452
                ]
            },
            "properties": {
                "equip_numero": "E004I773370001",
                "inst_numero": "I773370001",
                "inst_enqu_date": "2025-03-31",
                "inst_nom": "CENTRE OMNISPORT DU LUZARD",
                "inst_siret": null,
                "inst_adresse": "COURS DES ROCHES",
                "inst_cp": "77186",
                "new_name": "Noisiel",
                "new_code": "77337",
                "inst_part_type_filter": null,
                "inst_uai": null,
                "inst_acc_handi_type": "[\"Handicap moteur\"]",
                "inst_trans_type": null,
                "inst_obs": null,
                "inst_date_etat": "2024-04-25",
                "inst_date_creation": "2005-09-22",
                "inst_hs_bool": null,
                "epci_code": "200057958",
                "dep_code": "77",
                "dep_nom": "Seine-et-Marne",
                "reg_code": "11",
                "reg_nom": "\u00cele-de-France",
                "epci_nom": "CA Paris - Vall\u00e9e de la Marne",
                "code_bdv": "75056",
                "lib_bdv": "Paris",
                "arr_code": "775",
                "arr_name": "Torcy",
                "dens_niveau": 1,
                "dens_lib": "Grands centres urbains",
                "dep_code_filled": "77",
                "aca_nom": "Acad\u00e9mie de Cr\u00e9teil",
                "zrr_simp": "NC - Commune non class\u00e9e",
                "equip_nom": "SALLE DE JUDO",
                "equip_type_name": "Dojo \/ Salle d'arts martiaux",
                "equip_prop_nom": null,
                "equip_prop_type": "Commune",
                "equip_propsec_type": null,
                "equip_gest_type": "Commune",
                "equip_cogest_type": null,
                "equip_dsp": "false",
                "equip_ouv_public_bool": "true",
                "equip_erp_type": "[\"L\", \"X\"]",
                "equip_erp_cat": 2,
                "equip_homo_date": null,
                "equip_homo_periode": null,
                "equip_service_date": "1986",
                "equip_service_periode": "1985-1994",
                "equip_travaux_date": null,
                "equip_travaux_periode": null,
                "equip_travaux_type": null,
                "equip_energie": "[\"Gaz\"]",
                "equip_nature": "Int\u00e9rieur",
                "equip_sol": "Synth\u00e9tique (hors gazon)",
                "equip_long": 12.0,
                "equip_larg": 12.0,
                "equip_haut": 4.0,
                "equip_surf": 144.0,
                "equip_eclair": "true",
                "equip_piste_nb": null,
                "equip_trib_nb": 0,
                "equip_vest_sport": 6,
                "equip_vest_ens": 2,
                "equip_douche": "true",
                "equip_sanit": "true",
                "equip_loc_type": null,
                "equip_conf_type": null,
                "equip_acces_handi_mobilite": "Aire de jeu,Sanitaires,Vestiaires",
                "equip_acces_handi_sensoriel": "Sanitaires",
                "equip_pdesi_pdipr": null,
                "equip_bassin_long": null,
                "equip_bassin_larg": null,
                "equip_bassin_surf": null,
                "equip_bassin_min": null,
                "equip_bassin_max": null,
                "equip_piste_long": null,
                "equip_sae_haut": null,
                "equip_sae_surf": null,
                "equip_sae_couloir": null,
                "equip_pasdetir": null,
                "equip_url": null,
                "equip_utilisateur": "[\"Clubs sportifs,comit\u00e9s,ligues,f\u00e9d\u00e9rations\"]",
                "equip_acc_libre": "false",
                "equip_saison": "false",
                "equip_obs": "TATAMI",
                "equip_type_famille": "Salle de combat",
                "equip_type_code": "1801",
                "equip_rnb": "T4AR9B6KD39Y",
                "inst_acc_handi_bool": "true",
                "inst_trans_bool": "false",
                "inst_part_bool": "false",
                "equip_loc_bool": "false",
                "equip_pmr_vest": "true",
                "equip_pmr_acc": "false",
                "equip_pmr_aire": "true",
                "equip_pmr_chem": "false",
                "equip_pmr_douche": "false",
                "equip_pmr_sanit": "true",
                "equip_pmr_trib": "false",
                "equip_pshs_aire": "false",
                "equip_pshs_chem": "false",
                "equip_pshs_sanit": "true",
                "equip_pshs_sign": "false",
                "equip_pshs_trib": "false",
                "equip_pshs_vest": "false",
                "equip_x": "2.61404",
                "equip_y": "48.8452",
                "inst_part_type": null,
                "aps_name": [
                    "Judo \/ Jujitsu \/ Ta\u00efso"
                ],
                "equip_qpv": null,
                "equip_qpv_200m": "QN07705M",
                "categorie": null,
                "gen_2024fin_labellisation": null
            }
        },
        {
            "type": "Feature",
            "geometry": {
                "type": "Point",
                "coordinates": [
                    2.70209,
                    48.8422
                ]
            },
            "properties": {
                "equip_numero": "E004I770580001",
                "inst_numero": "I770580001",
                "inst_enqu_date": "2025-03-31",
                "inst_nom": "COMPLEXE SPORTIF MICHEL JAZY",
                "inst_siret": null,
                "inst_adresse": "RUE DU CIMETIERE",
                "inst_cp": "77600",
                "new_name": "Bussy-Saint-Georges",
                "new_code": "77058",
                "inst_part_type_filter": [
                    "Complexe sportif"
                ],
                "inst_uai": null,
                "inst_acc_handi_type": "[\"Handicap moteur\"]",
                "inst_trans_type": "[\"Bus\"]",
                "inst_obs": null,
                "inst_date_etat": "2018-07-17",
                "inst_date_creation": "2005-09-22",
                "inst_hs_bool": null,
                "epci_code": "247700594",
                "dep_code": "77",
                "dep_nom": "Seine-et-Marne",
                "reg_code": "11",
                "reg_nom": "\u00cele-de-France",
                "epci_nom": "CA Marne et Gondoire",
                "code_bdv": "75056",
                "lib_bdv": "Paris",
                "arr_code": "775",
                "arr_name": "Torcy",
                "dens_niveau": 1,
                "dens_lib": "Grands centres urbains",
                "dep_code_filled": "77",
                "aca_nom": "Acad\u00e9mie de Cr\u00e9teil",
                "zrr_simp": "NC - Commune non class\u00e9e",
                "equip_nom": "DOJO",
                "equip_type_name": "Dojo \/ Salle d'arts martiaux",
                "equip_prop_nom": null,
                "equip_prop_type": "Commune",
                "equip_propsec_type": null,
                "equip_gest_type": "Commune",
                "equip_cogest_type": null,
                "equip_dsp": "false",
                "equip_ouv_public_bool": "true",
                "equip_erp_type": "[\"X\"]",
                "equip_erp_cat": 2,
                "equip_homo_date": null,
                "equip_homo_periode": null,
                "equip_service_date": "1990",
                "equip_service_periode": "1985-1994",
                "equip_travaux_date": null,
                "equip_travaux_periode": null,
                "equip_travaux_type": null,
                "equip_energie": "[\"Gaz\"]",
                "equip_nature": "Int\u00e9rieur",
                "equip_sol": "Synth\u00e9tique (hors gazon)",
                "equip_long": 15.0,
                "equip_larg": 15.0,
                "equip_haut": 4.0,
                "equip_surf": 225.0,
                "equip_eclair": "true",
                "equip_piste_nb": null,
                "equip_trib_nb": 0,
                "equip_vest_sport": 2,
                "equip_vest_ens": 0,
                "equip_douche": "true",
                "equip_sanit": "true",
                "equip_loc_type": null,
                "equip_conf_type": null,
                "equip_acces_handi_mobilite": "Aire de jeu",
                "equip_acces_handi_sensoriel": null,
                "equip_pdesi_pdipr": null,
                "equip_bassin_long": null,
                "equip_bassin_larg": null,
                "equip_bassin_surf": null,
                "equip_bassin_min": null,
                "equip_bassin_max": null,
                "equip_piste_long": null,
                "equip_sae_haut": null,
                "equip_sae_surf": null,
                "equip_sae_couloir": null,
                "equip_pasdetir": null,
                "equip_url": null,
                "equip_utilisateur": "[\"Individuel(s),famille(s),Clubs sportifs,comit\u00e9s,ligues,f\u00e9d\u00e9rations\"]",
                "equip_acc_libre": "false",
                "equip_saison": "false",
                "equip_obs": null,
                "equip_type_famille": "Salle de combat",
                "equip_type_code": "1801",
                "equip_rnb": "MYGC9FZ1715T",
                "inst_acc_handi_bool": "true",
                "inst_trans_bool": "true",
                "inst_part_bool": "true",
                "equip_loc_bool": "false",
                "equip_pmr_vest": "false",
                "equip_pmr_acc": "false",
                "equip_pmr_aire": "true",
                "equip_pmr_chem": "false",
                "equip_pmr_douche": "false",
                "equip_pmr_sanit": "false",
                "equip_pmr_trib": "false",
                "equip_pshs_aire": "false",
                "equip_pshs_chem": "false",
                "equip_pshs_sanit": "false",
                "equip_pshs_sign": "false",
                "equip_pshs_trib": "false",
                "equip_pshs_vest": "false",
                "equip_x": "2.70209",
                "equip_y": "48.8422",
                "inst_part_type": "[\"Complexe sportif\"]",
                "aps_name": [
                    "Judo \/ Jujitsu \/ Ta\u00efso"
                ],
                "equip_qpv": null,
                "equip_qpv_200m": null,
                "categorie": null,
                "gen_2024fin_labellisation": null
            }
        },
        {
            "type": "Feature",
            "geometry": {
                "type": "Point",
                "coordinates": [
                    2.68373,
                    48.4041
                ]
            },
            "properties": {
                "equip_numero": "E004I771860007",
                "inst_numero": "I771860007",
                "inst_enqu_date": "2025-03-31",
                "inst_nom": "COMPLEXE SPORTIF COUVERT LUCIEN MARTINEL",
                "inst_siret": null,
                "inst_adresse": "RUE DE L'HERMITAGE",
                "inst_cp": "77300",
                "new_name": "Fontainebleau",
                "new_code": "77186",
                "inst_part_type_filter": [
                    "Complexe sportif"
                ],
                "inst_uai": null,
                "inst_acc_handi_type": "[\"Handicap moteur\"]",
                "inst_trans_type": "[\"Bus\"]",
                "inst_obs": null,
                "inst_date_etat": "2016-06-21",
                "inst_date_creation": "2005-09-22",
                "inst_hs_bool": null,
                "epci_code": "200072346",
                "dep_code": "77",
                "dep_nom": "Seine-et-Marne",
                "reg_code": "11",
                "reg_nom": "\u00cele-de-France",
                "epci_nom": "CA du Pays de Fontainebleau",
                "code_bdv": "77186",
                "lib_bdv": "Fontainebleau",
                "arr_code": "774",
                "arr_name": "Fontainebleau",
                "dens_niveau": 2,
                "dens_lib": "Centres urbains interm\u00e9diaires",
                "dep_code_filled": "77",
                "aca_nom": "Acad\u00e9mie de Cr\u00e9teil",
                "zrr_simp": "NC - Commune non class\u00e9e",
                "equip_nom": "SALLE D'ARTS MARTIAUX",
                "equip_type_name": "Dojo \/ Salle d'arts martiaux",
                "equip_prop_nom": null,
                "equip_prop_type": "Commune",
                "equip_propsec_type": null,
                "equip_gest_type": "Commune",
                "equip_cogest_type": null,
                "equip_dsp": "false",
                "equip_ouv_public_bool": "true",
                "equip_erp_type": "[\"X\"]",
                "equip_erp_cat": 3,
                "equip_homo_date": null,
                "equip_homo_periode": null,
                "equip_service_date": "1978",
                "equip_service_periode": "1975-1984",
                "equip_travaux_date": "2011",
                "equip_travaux_periode": "A partir de 2005",
                "equip_travaux_type": "[\"Inadaptation aux attentes des usagers\", \"V\u00e9tust\u00e9 normale\", \"remise \u00e0 niveau\"]",
                "equip_energie": "[\"Gaz\"]",
                "equip_nature": "Int\u00e9rieur",
                "equip_sol": "Synth\u00e9tique (hors gazon)",
                "equip_long": 17.0,
                "equip_larg": 15.0,
                "equip_haut": 4.0,
                "equip_surf": 255.0,
                "equip_eclair": "true",
                "equip_piste_nb": null,
                "equip_trib_nb": 0,
                "equip_vest_sport": 2,
                "equip_vest_ens": 0,
                "equip_douche": "true",
                "equip_sanit": "true",
                "equip_loc_type": null,
                "equip_conf_type": null,
                "equip_acces_handi_mobilite": "Aire de jeu,Cheminements,Douches,Sanitaires,Vestiaires",
                "equip_acces_handi_sensoriel": "Sanitaires",
                "equip_pdesi_pdipr": null,
                "equip_bassin_long": null,
                "equip_bassin_larg": null,
                "equip_bassin_surf": null,
                "equip_bassin_min": null,
                "equip_bassin_max": null,
                "equip_piste_long": null,
                "equip_sae_haut": null,
                "equip_sae_surf": null,
                "equip_sae_couloir": null,
                "equip_pasdetir": null,
                "equip_url": null,
                "equip_utilisateur": "[\"Clubs sportifs,comit\u00e9s,ligues,f\u00e9d\u00e9rations\"]",
                "equip_acc_libre": "false",
                "equip_saison": "false",
                "equip_obs": null,
                "equip_type_famille": "Salle de combat",
                "equip_type_code": "1801",
                "equip_rnb": "ACTF5ZTNBCDY",
                "inst_acc_handi_bool": "true",
                "inst_trans_bool": "true",
                "inst_part_bool": "true",
                "equip_loc_bool": "false",
                "equip_pmr_vest": "true",
                "equip_pmr_acc": "false",
                "equip_pmr_aire": "true",
                "equip_pmr_chem": "true",
                "equip_pmr_douche": "true",
                "equip_pmr_sanit": "true",
                "equip_pmr_trib": "false",
                "equip_pshs_aire": "false",
                "equip_pshs_chem": "false",
                "equip_pshs_sanit": "true",
                "equip_pshs_sign": "false",
                "equip_pshs_trib": "false",
                "equip_pshs_vest": "false",
                "equip_x": "2.68373",
                "equip_y": "48.4041",
                "inst_part_type": "[\"Complexe sportif\"]",
                "aps_name": [
                    "Judo \/ Jujitsu \/ Ta\u00efso",
                    "Karat\u00e9\/Karat\u00e9 jutsu\/Goshin jutsu\/Kobudo\/Nihon Tai-jutsu\/Taijitsu\/Nambudo\/Ninjutsu\/Nunchaku\/..."
                ],
                "equip_qpv": null,
                "equip_qpv_200m": null,
                "categorie": null,
                "gen_2024fin_labellisation": null
            }
        },
        {
            "type": "Feature",
            "geometry": {
                "type": "Point",
                "coordinates": [
                    2.86997,
                    48.69957
                ]
            },
            "properties": {
                "equip_numero": "E004I771920006",
                "inst_numero": "I771920006",
                "inst_enqu_date": "2025-03-31",
                "inst_nom": "COMPLEXE SPORTIF PIERRE CURIE",
                "inst_siret": null,
                "inst_adresse": "ROUTE DE CHAUMES EN BRIE",
                "inst_cp": "77610",
                "new_name": "Fontenay-Tr\u00e9signy",
                "new_code": "77192",
                "inst_part_type_filter": null,
                "inst_uai": null,
                "inst_acc_handi_type": "[\"Handicap moteur\"]",
                "inst_trans_type": "[\"Autre\"]",
                "inst_obs": null,
                "inst_date_etat": "2016-02-05",
                "inst_date_creation": "2005-09-22",
                "inst_hs_bool": null,
                "epci_code": "200072874",
                "dep_code": "77",
                "dep_nom": "Seine-et-Marne",
                "reg_code": "11",
                "reg_nom": "\u00cele-de-France",
                "epci_nom": "CC Val Briard",
                "code_bdv": "77192",
                "lib_bdv": "Fontenay-Tr\u00e9signy",
                "arr_code": "773",
                "arr_name": "Provins",
                "dens_niveau": 3,
                "dens_lib": "Petites villes",
                "dep_code_filled": "77",
                "aca_nom": "Acad\u00e9mie de Cr\u00e9teil",
                "zrr_simp": "NC - Commune non class\u00e9e",
                "equip_nom": "DOJO",
                "equip_type_name": "Dojo \/ Salle d'arts martiaux",
                "equip_prop_nom": null,
                "equip_prop_type": "Commune",
                "equip_propsec_type": null,
                "equip_gest_type": "Commune",
                "equip_cogest_type": null,
                "equip_dsp": "false",
                "equip_ouv_public_bool": "true",
                "equip_erp_type": "[\"X\"]",
                "equip_erp_cat": 5,
                "equip_homo_date": null,
                "equip_homo_periode": null,
                "equip_service_date": "1995",
                "equip_service_periode": "1995-2004",
                "equip_travaux_date": null,
                "equip_travaux_periode": null,
                "equip_travaux_type": null,
                "equip_energie": "[\"Fuel\"]",
                "equip_nature": "Int\u00e9rieur",
                "equip_sol": "B\u00e9ton",
                "equip_long": 40.0,
                "equip_larg": 15.0,
                "equip_haut": 4.0,
                "equip_surf": 600.0,
                "equip_eclair": "true",
                "equip_piste_nb": null,
                "equip_trib_nb": 0,
                "equip_vest_sport": 6,
                "equip_vest_ens": 1,
                "equip_douche": "true",
                "equip_sanit": "true",
                "equip_loc_type": null,
                "equip_conf_type": null,
                "equip_acces_handi_mobilite": "Aire de jeu,Sanitaires",
                "equip_acces_handi_sensoriel": "Sanitaires",
                "equip_pdesi_pdipr": null,
                "equip_bassin_long": null,
                "equip_bassin_larg": null,
                "equip_bassin_surf": null,
                "equip_bassin_min": null,
                "equip_bassin_max": null,
                "equip_piste_long": null,
                "equip_sae_haut": null,
                "equip_sae_surf": null,
                "equip_sae_couloir": null,
                "equip_pasdetir": null,
                "equip_url": "www.fontenay-tresigny.fr",
                "equip_utilisateur": "[\"Individuel(s),famille(s),Clubs sportifs,comit\u00e9s,ligues,f\u00e9d\u00e9rations,Scolaires,universit\u00e9s\"]",
                "equip_acc_libre": "false",
                "equip_saison": "false",
                "equip_obs": null,
                "equip_type_famille": "Salle de combat",
                "equip_type_code": "1801",
                "equip_rnb": "5Y7CDGY1N6JJ",
                "inst_acc_handi_bool": "true",
                "inst_trans_bool": "true",
                "inst_part_bool": "false",
                "equip_loc_bool": "false",
                "equip_pmr_vest": "false",
                "equip_pmr_acc": "false",
                "equip_pmr_aire": "true",
                "equip_pmr_chem": "false",
                "equip_pmr_douche": "false",
                "equip_pmr_sanit": "true",
                "equip_pmr_trib": "false",
                "equip_pshs_aire": "false",
                "equip_pshs_chem": "false",
                "equip_pshs_sanit": "true",
                "equip_pshs_sign": "false",
                "equip_pshs_trib": "false",
                "equip_pshs_vest": "false",
                "equip_x": "2.86997",
                "equip_y": "48.69957",
                "inst_part_type": null,
                "aps_name": [
                    "Judo \/ Jujitsu \/ Ta\u00efso"
                ],
                "equip_qpv": null,
                "equip_qpv_200m": null,
                "categorie": null,
                "gen_2024fin_labellisation": null
            }
        },
        {
            "type": "Feature",
            "geometry": {
                "type": "Point",
                "coordinates": [
                    2.84361630678,
                    48.8800916279
                ]
            },
            "properties": {
                "equip_numero": "E004I774130001",
                "inst_numero": "I774130001",
                "inst_enqu_date": "2025-03-31",
                "inst_nom": "Centre Sportif Jacques Goddet",
                "inst_siret": null,
                "inst_adresse": "Rue de Montguillon",
                "inst_cp": "77860",
                "new_name": "Saint-Germain-sur-Morin",
                "new_code": "77413",
                "inst_part_type_filter": [
                    "Complexe sportif"
                ],
                "inst_uai": null,
                "inst_acc_handi_type": "[\"Handicap moteur\"]",
                "inst_trans_type": "[\"Bus\"]",
                "inst_obs": null,
                "inst_date_etat": "2024-04-29",
                "inst_date_creation": "2005-09-22",
                "inst_hs_bool": "false",
                "epci_code": "247700339",
                "dep_code": "77",
                "dep_nom": "Seine-et-Marne",
                "reg_code": "11",
                "reg_nom": "\u00cele-de-France",
                "epci_nom": "CA Val d'Europe Agglom\u00e9ration",
                "code_bdv": "77171",
                "lib_bdv": "Esbly",
                "arr_code": "775",
                "arr_name": "Torcy",
                "dens_niveau": 4,
                "dens_lib": "Ceintures urbaines",
                "dep_code_filled": "77",
                "aca_nom": "Acad\u00e9mie de Cr\u00e9teil",
                "zrr_simp": "NC - Commune non class\u00e9e",
                "equip_nom": "Dojo",
                "equip_type_name": "Dojo \/ Salle d'arts martiaux",
                "equip_prop_nom": "Commune de Saint-Germain-sur-Morin",
                "equip_prop_type": "Commune",
                "equip_propsec_type": null,
                "equip_gest_type": "Commune",
                "equip_cogest_type": null,
                "equip_dsp": "false",
                "equip_ouv_public_bool": "true",
                "equip_erp_type": "[\"X\"]",
                "equip_erp_cat": 5,
                "equip_homo_date": null,
                "equip_homo_periode": null,
                "equip_service_date": "1991",
                "equip_service_periode": "1985-1994",
                "equip_travaux_date": null,
                "equip_travaux_periode": null,
                "equip_travaux_type": null,
                "equip_energie": "[\"Electricit\u00e9\"]",
                "equip_nature": "Int\u00e9rieur",
                "equip_sol": "Synth\u00e9tique (hors gazon)",
                "equip_long": 20.0,
                "equip_larg": 20.0,
                "equip_haut": 4.0,
                "equip_surf": 400.0,
                "equip_eclair": "true",
                "equip_piste_nb": null,
                "equip_trib_nb": 0,
                "equip_vest_sport": 1,
                "equip_vest_ens": 1,
                "equip_douche": "true",
                "equip_sanit": "true",
                "equip_loc_type": "[\"Local de rangement\"]",
                "equip_conf_type": null,
                "equip_acces_handi_mobilite": "Aire de jeu,Sanitaires",
                "equip_acces_handi_sensoriel": "Sanitaires",
                "equip_pdesi_pdipr": null,
                "equip_bassin_long": null,
                "equip_bassin_larg": null,
                "equip_bassin_surf": null,
                "equip_bassin_min": null,
                "equip_bassin_max": null,
                "equip_piste_long": null,
                "equip_sae_haut": null,
                "equip_sae_surf": null,
                "equip_sae_couloir": null,
                "equip_pasdetir": null,
                "equip_url": "http:\/\/www.saint-germain-sur-morin.org",
                "equip_utilisateur": "[\"Clubs sportifs,comit\u00e9s,ligues,f\u00e9d\u00e9rations\"]",
                "equip_acc_libre": "false",
                "equip_saison": "false",
                "equip_obs": null,
                "equip_type_famille": "Salle de combat",
                "equip_type_code": "1801",
                "equip_rnb": "T8WKE7KN6E7N",
                "inst_acc_handi_bool": "true",
                "inst_trans_bool": "true",
                "inst_part_bool": "true",
                "equip_loc_bool": "true",
                "equip_pmr_vest": "false",
                "equip_pmr_acc": "false",
                "equip_pmr_aire": "true",
                "equip_pmr_chem": "false",
                "equip_pmr_douche": "false",
                "equip_pmr_sanit": "true",
                "equip_pmr_trib": "false",
                "equip_pshs_aire": "false",
                "equip_pshs_chem": "false",
                "equip_pshs_sanit": "true",
                "equip_pshs_sign": "false",
                "equip_pshs_trib": "false",
                "equip_pshs_vest": "false",
                "equip_x": "2.84361630678",
                "equip_y": "48.8800916279",
                "inst_part_type": "[\"Complexe sportif\"]",
                "aps_name": [
                    "Aikido \/ Aikibudo \/ Budo",
                    "Judo \/ Jujitsu \/ Ta\u00efso",
                    "Karat\u00e9\/Karat\u00e9 jutsu\/Goshin jutsu\/Kobudo\/Nihon Tai-jutsu\/Taijitsu\/Nambudo\/Ninjutsu\/Nunchaku\/..."
                ],
                "equip_qpv": null,
                "equip_qpv_200m": null,
                "categorie": null,
                "gen_2024fin_labellisation": null
            }
        },
        {
            "type": "Feature",
            "geometry": {
                "type": "Point",
                "coordinates": [
                    2.62044,
                    48.9408
                ]
            },
            "properties": {
                "equip_numero": "E004I775140004",
                "inst_numero": "I775140004",
                "inst_enqu_date": "2025-03-31",
                "inst_nom": "COMPLEXE SPORTIF RAYMOND AUBERTIN",
                "inst_siret": null,
                "inst_adresse": "67 RUE DE RUZE",
                "inst_cp": "77270",
                "new_name": "Villeparisis",
                "new_code": "77514",
                "inst_part_type_filter": [
                    "Complexe sportif"
                ],
                "inst_uai": null,
                "inst_acc_handi_type": "[\"Handicap moteur\"]",
                "inst_trans_type": "[\"Bus\"]",
                "inst_obs": "parking \u00e0 proximit\u00e9 du complexe",
                "inst_date_etat": "2013-11-26",
                "inst_date_creation": "2005-09-22",
                "inst_hs_bool": null,
                "epci_code": "200055655",
                "dep_code": "77",
                "dep_nom": "Seine-et-Marne",
                "reg_code": "11",
                "reg_nom": "\u00cele-de-France",
                "epci_nom": "CA Roissy Pays de France",
                "code_bdv": "75056",
                "lib_bdv": "Paris",
                "arr_code": "771",
                "arr_name": "Meaux",
                "dens_niveau": 1,
                "dens_lib": "Grands centres urbains",
                "dep_code_filled": "77",
                "aca_nom": "Acad\u00e9mie de Cr\u00e9teil",
                "zrr_simp": "NC - Commune non class\u00e9e",
                "equip_nom": "SALLE JUDO",
                "equip_type_name": "Dojo \/ Salle d'arts martiaux",
                "equip_prop_nom": null,
                "equip_prop_type": "Commune",
                "equip_propsec_type": null,
                "equip_gest_type": "Commune",
                "equip_cogest_type": null,
                "equip_dsp": "false",
                "equip_ouv_public_bool": "true",
                "equip_erp_type": "[\"X\"]",
                "equip_erp_cat": 3,
                "equip_homo_date": null,
                "equip_homo_periode": null,
                "equip_service_date": "1993",
                "equip_service_periode": "1985-1994",
                "equip_travaux_date": null,
                "equip_travaux_periode": null,
                "equip_travaux_type": null,
                "equip_energie": "[\"Gaz\"]",
                "equip_nature": "Int\u00e9rieur",
                "equip_sol": "Synth\u00e9tique (hors gazon)",
                "equip_long": 13.0,
                "equip_larg": 8.6,
                "equip_haut": 3.0,
                "equip_surf": 112.0,
                "equip_eclair": "true",
                "equip_piste_nb": null,
                "equip_trib_nb": 0,
                "equip_vest_sport": 2,
                "equip_vest_ens": 0,
                "equip_douche": "true",
                "equip_sanit": "true",
                "equip_loc_type": null,
                "equip_conf_type": null,
                "equip_acces_handi_mobilite": "Aire de jeu",
                "equip_acces_handi_sensoriel": null,
                "equip_pdesi_pdipr": null,
                "equip_bassin_long": null,
                "equip_bassin_larg": null,
                "equip_bassin_surf": null,
                "equip_bassin_min": null,
                "equip_bassin_max": null,
                "equip_piste_long": null,
                "equip_sae_haut": null,
                "equip_sae_surf": null,
                "equip_sae_couloir": null,
                "equip_pasdetir": null,
                "equip_url": null,
                "equip_utilisateur": "[\"Clubs sportifs,comit\u00e9s,ligues,f\u00e9d\u00e9rations\"]",
                "equip_acc_libre": "false",
                "equip_saison": "false",
                "equip_obs": null,
                "equip_type_famille": "Salle de combat",
                "equip_type_code": "1801",
                "equip_rnb": "7MW727EEMFNZ",
                "inst_acc_handi_bool": "true",
                "inst_trans_bool": "true",
                "inst_part_bool": "true",
                "equip_loc_bool": "false",
                "equip_pmr_vest": "false",
                "equip_pmr_acc": "false",
                "equip_pmr_aire": "true",
                "equip_pmr_chem": "false",
                "equip_pmr_douche": "false",
                "equip_pmr_sanit": "false",
                "equip_pmr_trib": "false",
                "equip_pshs_aire": "false",
                "equip_pshs_chem": "false",
                "equip_pshs_sanit": "false",
                "equip_pshs_sign": "false",
                "equip_pshs_trib": "false",
                "equip_pshs_vest": "false",
                "equip_x": "2.62044",
                "equip_y": "48.9408",
                "inst_part_type": "[\"Complexe sportif\"]",
                "aps_name": [
                    "Judo \/ Jujitsu \/ Ta\u00efso"
                ],
                "equip_qpv": null,
                "equip_qpv_200m": null,
                "categorie": null,
                "gen_2024fin_labellisation": null
            }
        },
        {
            "type": "Feature",
            "geometry": {
                "type": "Point",
                "coordinates": [
                    2.98617,
                    48.36192
                ]
            },
            "properties": {
                "equip_numero": "E008I770610004",
                "inst_numero": "I770610004",
                "inst_enqu_date": "2025-03-31",
                "inst_nom": "COMPLEXE MULTISPORTS DE L\u2019\u00c9COLE NATIONALE SUP\u00c9RIEURE DE POLICE",
                "inst_siret": "19690189600023",
                "inst_adresse": "46 Rue D\u00e9sir\u00e9 Thoison",
                "inst_cp": "77130",
                "new_name": "Cannes-\u00c9cluse",
                "new_code": "77061",
                "inst_part_type_filter": [
                    "Etablissement scolaire"
                ],
                "inst_uai": "0772316Z",
                "inst_acc_handi_type": null,
                "inst_trans_type": null,
                "inst_obs": "Enseignement sup\u00e9rieur",
                "inst_date_etat": "2024-12-20",
                "inst_date_creation": "2016-01-25",
                "inst_hs_bool": null,
                "epci_code": "247700107",
                "dep_code": "77",
                "dep_nom": "Seine-et-Marne",
                "reg_code": "11",
                "reg_nom": "\u00cele-de-France",
                "epci_nom": "CC Pays de Montereau",
                "code_bdv": "77305",
                "lib_bdv": "Montereau-Fault-Yonne",
                "arr_code": "773",
                "arr_name": "Provins",
                "dens_niveau": 5,
                "dens_lib": "Bourgs ruraux",
                "dep_code_filled": "77",
                "aca_nom": "Acad\u00e9mie de Cr\u00e9teil",
                "zrr_simp": "NC - Commune non class\u00e9e",
                "equip_nom": "DOJOS 2",
                "equip_type_name": "Dojo \/ Salle d'arts martiaux",
                "equip_prop_nom": "\u00c9COLE NATIONALE SUP\u00c9RIEURE DE POLICE",
                "equip_prop_type": "Etat",
                "equip_propsec_type": null,
                "equip_gest_type": "Etat",
                "equip_cogest_type": null,
                "equip_dsp": "false",
                "equip_ouv_public_bool": "true",
                "equip_erp_type": "[\"X\"]",
                "equip_erp_cat": 5,
                "equip_homo_date": null,
                "equip_homo_periode": null,
                "equip_service_date": null,
                "equip_service_periode": "1995-2004",
                "equip_travaux_date": null,
                "equip_travaux_periode": null,
                "equip_travaux_type": null,
                "equip_energie": "[\"Autre\"]",
                "equip_nature": "Int\u00e9rieur",
                "equip_sol": "Synth\u00e9tique (hors gazon)",
                "equip_long": 8.0,
                "equip_larg": 8.0,
                "equip_haut": null,
                "equip_surf": 64.0,
                "equip_eclair": "true",
                "equip_piste_nb": null,
                "equip_trib_nb": 0,
                "equip_vest_sport": 0,
                "equip_vest_ens": 0,
                "equip_douche": "false",
                "equip_sanit": "true",
                "equip_loc_type": null,
                "equip_conf_type": null,
                "equip_acces_handi_mobilite": null,
                "equip_acces_handi_sensoriel": null,
                "equip_pdesi_pdipr": null,
                "equip_bassin_long": null,
                "equip_bassin_larg": null,
                "equip_bassin_surf": null,
                "equip_bassin_min": null,
                "equip_bassin_max": null,
                "equip_piste_long": null,
                "equip_sae_haut": null,
                "equip_sae_surf": null,
                "equip_sae_couloir": null,
                "equip_pasdetir": null,
                "equip_url": "http:\/\/www.ensp.interieur.gouv.fr",
                "equip_utilisateur": "[\"Scolaires,universit\u00e9s,Autre - association(s) et groupes divers\"]",
                "equip_acc_libre": "true",
                "equip_saison": "false",
                "equip_obs": null,
                "equip_type_famille": "Salle de combat",
                "equip_type_code": "1801",
                "equip_rnb": "4G9RTVJ2KTZ7",
                "inst_acc_handi_bool": "false",
                "inst_trans_bool": "false",
                "inst_part_bool": "true",
                "equip_loc_bool": "false",
                "equip_pmr_vest": "false",
                "equip_pmr_acc": "false",
                "equip_pmr_aire": "false",
                "equip_pmr_chem": "false",
                "equip_pmr_douche": "false",
                "equip_pmr_sanit": "false",
                "equip_pmr_trib": "false",
                "equip_pshs_aire": "false",
                "equip_pshs_chem": "false",
                "equip_pshs_sanit": "false",
                "equip_pshs_sign": "false",
                "equip_pshs_trib": "false",
                "equip_pshs_vest": "false",
                "equip_x": "2.98617",
                "equip_y": "48.36192",
                "inst_part_type": "[\"Etablissement scolaire\"]",
                "aps_name": [
                    "Judo \/ Jujitsu \/ Ta\u00efso"
                ],
                "equip_qpv": null,
                "equip_qpv_200m": null,
                "categorie": null,
                "gen_2024fin_labellisation": null
            }
        },
        {
            "type": "Feature",
            "geometry": {
                "type": "Point",
                "coordinates": [
                    2.81698,
                    48.88742
                ]
            },
            "properties": {
                "equip_numero": "E005I773150002",
                "inst_numero": "I773150002",
                "inst_enqu_date": "2025-03-31",
                "inst_nom": "EPIDE, ETABLISSEMENT PUBLIC D'INSERTION A LA DEFENSE",
                "inst_siret": null,
                "inst_adresse": "50 AVENUE DU 27 AOUT 1944",
                "inst_cp": "77450",
                "new_name": "Montry",
                "new_code": "77315",
                "inst_part_type_filter": null,
                "inst_uai": null,
                "inst_acc_handi_type": "[\"Handicap moteur\"]",
                "inst_trans_type": null,
                "inst_obs": null,
                "inst_date_etat": "2015-01-12",
                "inst_date_creation": "2005-09-22",
                "inst_hs_bool": null,
                "epci_code": "247700339",
                "dep_code": "77",
                "dep_nom": "Seine-et-Marne",
                "reg_code": "11",
                "reg_nom": "\u00cele-de-France",
                "epci_nom": "CA Val d'Europe Agglom\u00e9ration",
                "code_bdv": "77171",
                "lib_bdv": "Esbly",
                "arr_code": "775",
                "arr_name": "Torcy",
                "dens_niveau": 4,
                "dens_lib": "Ceintures urbaines",
                "dep_code_filled": "77",
                "aca_nom": "Acad\u00e9mie de Cr\u00e9teil",
                "zrr_simp": "NC - Commune non class\u00e9e",
                "equip_nom": "GYMNASE",
                "equip_type_name": "Salle multisports (gymnase)",
                "equip_prop_nom": null,
                "equip_prop_type": "Etat",
                "equip_propsec_type": null,
                "equip_gest_type": "Etat",
                "equip_cogest_type": null,
                "equip_dsp": "false",
                "equip_ouv_public_bool": "true",
                "equip_erp_type": "[\"X\"]",
                "equip_erp_cat": 5,
                "equip_homo_date": null,
                "equip_homo_periode": null,
                "equip_service_date": "1990",
                "equip_service_periode": "1985-1994",
                "equip_travaux_date": null,
                "equip_travaux_periode": null,
                "equip_travaux_type": null,
                "equip_energie": "[\"Electricit\u00e9\"]",
                "equip_nature": "Int\u00e9rieur",
                "equip_sol": "Parquet",
                "equip_long": 44.0,
                "equip_larg": 22.0,
                "equip_haut": 12.0,
                "equip_surf": 968.0,
                "equip_eclair": "true",
                "equip_piste_nb": null,
                "equip_trib_nb": 0,
                "equip_vest_sport": 0,
                "equip_vest_ens": 0,
                "equip_douche": "true",
                "equip_sanit": "true",
                "equip_loc_type": "[\"Local de rangement\"]",
                "equip_conf_type": null,
                "equip_acces_handi_mobilite": null,
                "equip_acces_handi_sensoriel": null,
                "equip_pdesi_pdipr": null,
                "equip_bassin_long": null,
                "equip_bassin_larg": null,
                "equip_bassin_surf": null,
                "equip_bassin_min": null,
                "equip_bassin_max": null,
                "equip_piste_long": null,
                "equip_sae_haut": null,
                "equip_sae_surf": null,
                "equip_sae_couloir": null,
                "equip_pasdetir": null,
                "equip_url": "http:\/\/www.mairie-montry.fr\/",
                "equip_utilisateur": "[\"Clubs sportifs,comit\u00e9s,ligues,f\u00e9d\u00e9rations,Scolaires,universit\u00e9s,Autre - association(s) et groupes divers\"]",
                "equip_acc_libre": "false",
                "equip_saison": "false",
                "equip_obs": null,
                "equip_type_famille": "Salle multisports",
                "equip_type_code": "1901",
                "equip_rnb": "CY39S8FG6GJE",
                "inst_acc_handi_bool": "true",
                "inst_trans_bool": "false",
                "inst_part_bool": "false",
                "equip_loc_bool": "true",
                "equip_pmr_vest": "false",
                "equip_pmr_acc": "false",
                "equip_pmr_aire": "false",
                "equip_pmr_chem": "false",
                "equip_pmr_douche": "false",
                "equip_pmr_sanit": "false",
                "equip_pmr_trib": "false",
                "equip_pshs_aire": "false",
                "equip_pshs_chem": "false",
                "equip_pshs_sanit": "false",
                "equip_pshs_sign": "false",
                "equip_pshs_trib": "false",
                "equip_pshs_vest": "false",
                "equip_x": "2.81698",
                "equip_y": "48.88742",
                "inst_part_type": null,
                "aps_name": [
                    "Activit\u00e9s de forme et de sant\u00e9",
                    "Autres Danses",
                    "Basket-Ball",
                    "Judo \/ Jujitsu \/ Ta\u00efso",
                    "Musculation",
                    "Tennis de table"
                ],
                "equip_qpv": null,
                "equip_qpv_200m": null,
                "categorie": "structurant",
                "gen_2024fin_labellisation": null
            }
        },
        {
            "type": "Feature",
            "geometry": {
                "type": "Point",
                "coordinates": [
                    2.675428,
                    48.767111
                ]
            },
            "properties": {
                "equip_numero": "E001I773500023",
                "inst_numero": "I773500023",
                "inst_enqu_date": "2025-03-31",
                "inst_nom": "Dojo intercommunal de la Br\u00e8che aux Loups",
                "inst_siret": null,
                "inst_adresse": "9 all\u00e9e de la br\u00e8che aux loups",
                "inst_cp": "77330",
                "new_name": "Ozoir-la-Ferri\u00e8re",
                "new_code": "77350",
                "inst_part_type_filter": [
                    "Complexe sportif"
                ],
                "inst_uai": null,
                "inst_acc_handi_type": null,
                "inst_trans_type": "[\"Bus\"]",
                "inst_obs": null,
                "inst_date_etat": "2024-02-22",
                "inst_date_creation": "2024-02-08",
                "inst_hs_bool": "true",
                "epci_code": "200023125",
                "dep_code": "77",
                "dep_nom": "Seine-et-Marne",
                "reg_code": "11",
                "reg_nom": "\u00cele-de-France",
                "epci_nom": "CC Les Portes Briardes entre Villes et For\u00eats",
                "code_bdv": "75056",
                "lib_bdv": "Paris",
                "arr_code": "775",
                "arr_name": "Torcy",
                "dens_niveau": 2,
                "dens_lib": "Centres urbains interm\u00e9diaires",
                "dep_code_filled": "77",
                "aca_nom": "Acad\u00e9mie de Cr\u00e9teil",
                "zrr_simp": "NC - Commune non class\u00e9e",
                "equip_nom": "Salle de combat principale",
                "equip_type_name": "Dojo \/ Salle d'arts martiaux",
                "equip_prop_nom": "Communaut\u00e9 de communes les Portes Briardes entre Villes et For\u00eats",
                "equip_prop_type": "EPCI",
                "equip_propsec_type": null,
                "equip_gest_type": "EPCI",
                "equip_cogest_type": null,
                "equip_dsp": "false",
                "equip_ouv_public_bool": "true",
                "equip_erp_type": "[\"X\"]",
                "equip_erp_cat": 3,
                "equip_homo_date": null,
                "equip_homo_periode": null,
                "equip_service_date": "2020",
                "equip_service_periode": null,
                "equip_travaux_date": null,
                "equip_travaux_periode": null,
                "equip_travaux_type": null,
                "equip_energie": "[\"Electricit\u00e9\"]",
                "equip_nature": "Int\u00e9rieur",
                "equip_sol": "Parquet",
                "equip_long": null,
                "equip_larg": null,
                "equip_haut": null,
                "equip_surf": 775.0,
                "equip_eclair": "true",
                "equip_piste_nb": null,
                "equip_trib_nb": 269,
                "equip_vest_sport": 4,
                "equip_vest_ens": 1,
                "equip_douche": "true",
                "equip_sanit": "true",
                "equip_loc_type": null,
                "equip_conf_type": null,
                "equip_acces_handi_mobilite": "Accueil,Aire de jeu,Cheminements,Douches,Sanitaires,Vestiaires",
                "equip_acces_handi_sensoriel": null,
                "equip_pdesi_pdipr": null,
                "equip_bassin_long": null,
                "equip_bassin_larg": null,
                "equip_bassin_surf": null,
                "equip_bassin_min": null,
                "equip_bassin_max": null,
                "equip_piste_long": null,
                "equip_sae_haut": null,
                "equip_sae_surf": null,
                "equip_sae_couloir": null,
                "equip_pasdetir": null,
                "equip_url": null,
                "equip_utilisateur": "[\"Clubs sportifs,comit\u00e9s,ligues,f\u00e9d\u00e9rations,Scolaires,universit\u00e9s,Autre - association(s) et groupes divers\"]",
                "equip_acc_libre": "false",
                "equip_saison": "false",
                "equip_obs": "Autres activit\u00e9s: Krav Maga, Vovinam, MMA, Capoera, Yoga \/ Taichi. Centre de Pr\u00e9paration aux Jeux (CPJ)",
                "equip_type_famille": "Salle de combat",
                "equip_type_code": "1801",
                "equip_rnb": "JQ76X23KFYHB",
                "inst_acc_handi_bool": "false",
                "inst_trans_bool": "true",
                "inst_part_bool": "true",
                "equip_loc_bool": "false",
                "equip_pmr_vest": "true",
                "equip_pmr_acc": "true",
                "equip_pmr_aire": "true",
                "equip_pmr_chem": "true",
                "equip_pmr_douche": "true",
                "equip_pmr_sanit": "true",
                "equip_pmr_trib": "false",
                "equip_pshs_aire": "false",
                "equip_pshs_chem": "false",
                "equip_pshs_sanit": "false",
                "equip_pshs_sign": "false",
                "equip_pshs_trib": "false",
                "equip_pshs_vest": "false",
                "equip_x": "2.675428",
                "equip_y": "48.767111",
                "inst_part_type": "[\"Complexe sportif\"]",
                "aps_name": [
                    "Judo \/ Jujitsu \/ Ta\u00efso",
                    "Karat\u00e9\/Karat\u00e9 jutsu\/Goshin jutsu\/Kobudo\/Nihon Tai-jutsu\/Taijitsu\/Nambudo\/Ninjutsu\/Nunchaku\/...",
                    "Taekwondo \/ Hapkido \/ Tang-soo-do \/ Soo bahk do \/ Sin moo hapkido \/ Hapkido jin jung kwan"
                ],
                "equip_qpv": null,
                "equip_qpv_200m": null,
                "categorie": null,
                "gen_2024fin_labellisation": null
            }
        },
        {
            "type": "Feature",
            "geometry": {
                "type": "Point",
                "coordinates": [
                    2.776009,
                    48.660315
                ]
            },
            "properties": {
                "equip_numero": "E001I773520001",
                "inst_numero": "I773520001",
                "inst_enqu_date": "2025-03-31",
                "inst_nom": "LOCAUX ASSOCIATIF SAINT VICTOR",
                "inst_siret": null,
                "inst_adresse": "1-3  RUE SAINT VICTOR",
                "inst_cp": "77390",
                "new_name": "Ozouer-le-Voulgis",
                "new_code": "77352",
                "inst_part_type_filter": null,
                "inst_uai": null,
                "inst_acc_handi_type": "[\"Handicap moteur\"]",
                "inst_trans_type": "[\"Bus\"]",
                "inst_obs": null,
                "inst_date_etat": "2015-03-22",
                "inst_date_creation": "2010-07-14",
                "inst_hs_bool": null,
                "epci_code": "200070779",
                "dep_code": "77",
                "dep_nom": "Seine-et-Marne",
                "reg_code": "11",
                "reg_nom": "\u00cele-de-France",
                "epci_nom": "CC Brie des Rivi\u00e8res et Ch\u00e2teaux",
                "code_bdv": "77192",
                "lib_bdv": "Fontenay-Tr\u00e9signy",
                "arr_code": "772",
                "arr_name": "Melun",
                "dens_niveau": 5,
                "dens_lib": "Bourgs ruraux",
                "dep_code_filled": "77",
                "aca_nom": "Acad\u00e9mie de Cr\u00e9teil",
                "zrr_simp": "NC - Commune non class\u00e9e",
                "equip_nom": "DOJO",
                "equip_type_name": "Dojo \/ Salle d'arts martiaux",
                "equip_prop_nom": null,
                "equip_prop_type": "Commune",
                "equip_propsec_type": null,
                "equip_gest_type": "Commune",
                "equip_cogest_type": null,
                "equip_dsp": "false",
                "equip_ouv_public_bool": "true",
                "equip_erp_type": "[\"X\"]",
                "equip_erp_cat": null,
                "equip_homo_date": null,
                "equip_homo_periode": null,
                "equip_service_date": "2007",
                "equip_service_periode": "A partir de 2005",
                "equip_travaux_date": null,
                "equip_travaux_periode": null,
                "equip_travaux_type": null,
                "equip_energie": "[\"Gaz\"]",
                "equip_nature": "Int\u00e9rieur",
                "equip_sol": "Synth\u00e9tique (hors gazon)",
                "equip_long": null,
                "equip_larg": null,
                "equip_haut": null,
                "equip_surf": null,
                "equip_eclair": "true",
                "equip_piste_nb": null,
                "equip_trib_nb": 0,
                "equip_vest_sport": 2,
                "equip_vest_ens": 0,
                "equip_douche": "true",
                "equip_sanit": "true",
                "equip_loc_type": "[\"Bureau(x) Club(s)\"]",
                "equip_conf_type": null,
                "equip_acces_handi_mobilite": "Aire de jeu,Cheminements,Douches,Sanitaires,Vestiaires",
                "equip_acces_handi_sensoriel": "Sanitaires",
                "equip_pdesi_pdipr": null,
                "equip_bassin_long": null,
                "equip_bassin_larg": null,
                "equip_bassin_surf": null,
                "equip_bassin_min": null,
                "equip_bassin_max": null,
                "equip_piste_long": null,
                "equip_sae_haut": null,
                "equip_sae_surf": null,
                "equip_sae_couloir": null,
                "equip_pasdetir": null,
                "equip_url": "http:\/\/premiumorange.com\/ozouer\/",
                "equip_utilisateur": "[\"Clubs sportifs,comit\u00e9s,ligues,f\u00e9d\u00e9rations,Scolaires,universit\u00e9s\"]",
                "equip_acc_libre": "false",
                "equip_saison": "false",
                "equip_obs": null,
                "equip_type_famille": "Salle de combat",
                "equip_type_code": "1801",
                "equip_rnb": null,
                "inst_acc_handi_bool": "true",
                "inst_trans_bool": "true",
                "inst_part_bool": "false",
                "equip_loc_bool": "true",
                "equip_pmr_vest": "true",
                "equip_pmr_acc": "false",
                "equip_pmr_aire": "true",
                "equip_pmr_chem": "true",
                "equip_pmr_douche": "true",
                "equip_pmr_sanit": "true",
                "equip_pmr_trib": "false",
                "equip_pshs_aire": "false",
                "equip_pshs_chem": "false",
                "equip_pshs_sanit": "true",
                "equip_pshs_sign": "false",
                "equip_pshs_trib": "false",
                "equip_pshs_vest": "false",
                "equip_x": "2.776009",
                "equip_y": "48.660315",
                "inst_part_type": null,
                "aps_name": [
                    "Judo \/ Jujitsu \/ Ta\u00efso",
                    "Karat\u00e9\/Karat\u00e9 jutsu\/Goshin jutsu\/Kobudo\/Nihon Tai-jutsu\/Taijitsu\/Nambudo\/Ninjutsu\/Nunchaku\/..."
                ],
                "equip_qpv": null,
                "equip_qpv_200m": null,
                "categorie": null,
                "gen_2024fin_labellisation": null
            }
        },
        {
            "type": "Feature",
            "geometry": {
                "type": "Point",
                "coordinates": [
                    2.85963,
                    48.98558
                ]
            },
            "properties": {
                "equip_numero": "E001I773580001",
                "inst_numero": "I773580001",
                "inst_enqu_date": "2025-03-31",
                "inst_nom": "SALLE OMNISPORTS",
                "inst_siret": null,
                "inst_adresse": "RUE DE NEUFMOUTIERS",
                "inst_cp": "77124",
                "new_name": "Penchard",
                "new_code": "77358",
                "inst_part_type_filter": null,
                "inst_uai": null,
                "inst_acc_handi_type": "[\"Handicap moteur\"]",
                "inst_trans_type": "[\"Bus\"]",
                "inst_obs": null,
                "inst_date_etat": "2013-01-08",
                "inst_date_creation": "2005-09-22",
                "inst_hs_bool": null,
                "epci_code": "200072130",
                "dep_code": "77",
                "dep_nom": "Seine-et-Marne",
                "reg_code": "11",
                "reg_nom": "\u00cele-de-France",
                "epci_nom": "CA du Pays de Meaux",
                "code_bdv": "77284",
                "lib_bdv": "Meaux",
                "arr_code": "771",
                "arr_name": "Meaux",
                "dens_niveau": 4,
                "dens_lib": "Ceintures urbaines",
                "dep_code_filled": "77",
                "aca_nom": "Acad\u00e9mie de Cr\u00e9teil",
                "zrr_simp": "NC - Commune non class\u00e9e",
                "equip_nom": "SALLE OMNISPORTS",
                "equip_type_name": "Salle multisports (gymnase)",
                "equip_prop_nom": null,
                "equip_prop_type": "Commune",
                "equip_propsec_type": null,
                "equip_gest_type": "Commune",
                "equip_cogest_type": null,
                "equip_dsp": "false",
                "equip_ouv_public_bool": "true",
                "equip_erp_type": "[\"X\"]",
                "equip_erp_cat": 5,
                "equip_homo_date": null,
                "equip_homo_periode": null,
                "equip_service_date": null,
                "equip_service_periode": "1985-1994",
                "equip_travaux_date": null,
                "equip_travaux_periode": null,
                "equip_travaux_type": null,
                "equip_energie": "[\"Gaz\"]",
                "equip_nature": "Int\u00e9rieur",
                "equip_sol": "Synth\u00e9tique (hors gazon)",
                "equip_long": 40.0,
                "equip_larg": 15.0,
                "equip_haut": 4.0,
                "equip_surf": 600.0,
                "equip_eclair": "true",
                "equip_piste_nb": null,
                "equip_trib_nb": 0,
                "equip_vest_sport": 2,
                "equip_vest_ens": 0,
                "equip_douche": "true",
                "equip_sanit": "true",
                "equip_loc_type": "[\"Local de rangement\"]",
                "equip_conf_type": null,
                "equip_acces_handi_mobilite": "Aire de jeu",
                "equip_acces_handi_sensoriel": null,
                "equip_pdesi_pdipr": null,
                "equip_bassin_long": null,
                "equip_bassin_larg": null,
                "equip_bassin_surf": null,
                "equip_bassin_min": null,
                "equip_bassin_max": null,
                "equip_piste_long": null,
                "equip_sae_haut": null,
                "equip_sae_surf": null,
                "equip_sae_couloir": null,
                "equip_pasdetir": null,
                "equip_url": null,
                "equip_utilisateur": "[\"Clubs sportifs,comit\u00e9s,ligues,f\u00e9d\u00e9rations,Scolaires,universit\u00e9s\"]",
                "equip_acc_libre": "false",
                "equip_saison": "false",
                "equip_obs": null,
                "equip_type_famille": "Salle multisports",
                "equip_type_code": "1901",
                "equip_rnb": "A15ER7ZCGMKX",
                "inst_acc_handi_bool": "true",
                "inst_trans_bool": "true",
                "inst_part_bool": "false",
                "equip_loc_bool": "true",
                "equip_pmr_vest": "false",
                "equip_pmr_acc": "false",
                "equip_pmr_aire": "true",
                "equip_pmr_chem": "false",
                "equip_pmr_douche": "false",
                "equip_pmr_sanit": "false",
                "equip_pmr_trib": "false",
                "equip_pshs_aire": "false",
                "equip_pshs_chem": "false",
                "equip_pshs_sanit": "false",
                "equip_pshs_sign": "false",
                "equip_pshs_trib": "false",
                "equip_pshs_vest": "false",
                "equip_x": "2.85963",
                "equip_y": "48.98558",
                "inst_part_type": null,
                "aps_name": [
                    "Billard (Fran\u00e7ais (carambole)",
                    "Snooker",
                    "Anglais",
                    "Am\u00e9ricain)",
                    "Gymnastique Artistique",
                    "Judo \/ Jujitsu \/ Ta\u00efso",
                    "Tennis de table"
                ],
                "equip_qpv": null,
                "equip_qpv_200m": null,
                "categorie": "structurant",
                "gen_2024fin_labellisation": null
            }
        },
        {
            "type": "Feature",
            "geometry": {
                "type": "Point",
                "coordinates": [
                    3.23305,
                    48.8487
                ]
            },
            "properties": {
                "equip_numero": "E001I773850002",
                "inst_numero": "I773850002",
                "inst_enqu_date": "2025-03-31",
                "inst_nom": "FOYER POLYVALENT DE LOISIRS",
                "inst_siret": null,
                "inst_adresse": "5 RUE GEORGES CLEMENCEAU",
                "inst_cp": "77510",
                "new_name": "Rebais",
                "new_code": "77385",
                "inst_part_type_filter": null,
                "inst_uai": null,
                "inst_acc_handi_type": null,
                "inst_trans_type": "[\"Bus\"]",
                "inst_obs": null,
                "inst_date_etat": "2014-10-17",
                "inst_date_creation": "2005-09-22",
                "inst_hs_bool": null,
                "epci_code": "200072544",
                "dep_code": "77",
                "dep_nom": "Seine-et-Marne",
                "reg_code": "11",
                "reg_nom": "\u00cele-de-France",
                "epci_nom": "CC des Deux Morin",
                "code_bdv": "77131",
                "lib_bdv": "Coulommiers",
                "arr_code": "773",
                "arr_name": "Provins",
                "dens_niveau": 5,
                "dens_lib": "Bourgs ruraux",
                "dep_code_filled": "77",
                "aca_nom": "Acad\u00e9mie de Cr\u00e9teil",
                "zrr_simp": "NC - Commune non class\u00e9e",
                "equip_nom": "SALLE DE JUDO",
                "equip_type_name": "Dojo \/ Salle d'arts martiaux",
                "equip_prop_nom": "MAIRIE REBAIS",
                "equip_prop_type": "Commune",
                "equip_propsec_type": null,
                "equip_gest_type": "Commune",
                "equip_cogest_type": null,
                "equip_dsp": "false",
                "equip_ouv_public_bool": "true",
                "equip_erp_type": "[\"L\"]",
                "equip_erp_cat": null,
                "equip_homo_date": null,
                "equip_homo_periode": null,
                "equip_service_date": "1995",
                "equip_service_periode": "1995-2004",
                "equip_travaux_date": null,
                "equip_travaux_periode": null,
                "equip_travaux_type": null,
                "equip_energie": "[\"Gaz\"]",
                "equip_nature": "Int\u00e9rieur",
                "equip_sol": "Synth\u00e9tique (hors gazon)",
                "equip_long": 7.0,
                "equip_larg": 5.0,
                "equip_haut": 2.8,
                "equip_surf": 35.0,
                "equip_eclair": "true",
                "equip_piste_nb": null,
                "equip_trib_nb": 0,
                "equip_vest_sport": 0,
                "equip_vest_ens": 0,
                "equip_douche": "false",
                "equip_sanit": "true",
                "equip_loc_type": null,
                "equip_conf_type": null,
                "equip_acces_handi_mobilite": "Sanitaires",
                "equip_acces_handi_sensoriel": "Sanitaires",
                "equip_pdesi_pdipr": null,
                "equip_bassin_long": null,
                "equip_bassin_larg": null,
                "equip_bassin_surf": null,
                "equip_bassin_min": null,
                "equip_bassin_max": null,
                "equip_piste_long": null,
                "equip_sae_haut": null,
                "equip_sae_surf": null,
                "equip_sae_couloir": null,
                "equip_pasdetir": null,
                "equip_url": null,
                "equip_utilisateur": "[\"Clubs sportifs,comit\u00e9s,ligues,f\u00e9d\u00e9rations\"]",
                "equip_acc_libre": "false",
                "equip_saison": "false",
                "equip_obs": null,
                "equip_type_famille": "Salle de combat",
                "equip_type_code": "1801",
                "equip_rnb": "Z5ENH4S8GS9Z",
                "inst_acc_handi_bool": "false",
                "inst_trans_bool": "true",
                "inst_part_bool": "false",
                "equip_loc_bool": "false",
                "equip_pmr_vest": "false",
                "equip_pmr_acc": "false",
                "equip_pmr_aire": "false",
                "equip_pmr_chem": "false",
                "equip_pmr_douche": "false",
                "equip_pmr_sanit": "true",
                "equip_pmr_trib": "false",
                "equip_pshs_aire": "false",
                "equip_pshs_chem": "false",
                "equip_pshs_sanit": "true",
                "equip_pshs_sign": "false",
                "equip_pshs_trib": "false",
                "equip_pshs_vest": "false",
                "equip_x": "3.23305",
                "equip_y": "48.8487",
                "inst_part_type": null,
                "aps_name": [
                    "Judo \/ Jujitsu \/ Ta\u00efso"
                ],
                "equip_qpv": null,
                "equip_qpv_200m": null,
                "categorie": null,
                "gen_2024fin_labellisation": null
            }
        },
        {
            "type": "Feature",
            "geometry": {
                "type": "Point",
                "coordinates": [
                    3.18582,
                    48.9063
                ]
            },
            "properties": {
                "equip_numero": "E001I774050002",
                "inst_numero": "I774050002",
                "inst_enqu_date": "2025-03-31",
                "inst_nom": "SALLE POLYVALENTE",
                "inst_siret": null,
                "inst_adresse": "RUE DANIEL SIMON",
                "inst_cp": "77750",
                "new_name": "Saint-Cyr-sur-Morin",
                "new_code": "77405",
                "inst_part_type_filter": null,
                "inst_uai": null,
                "inst_acc_handi_type": "[\"Handicap moteur\"]",
                "inst_trans_type": null,
                "inst_obs": null,
                "inst_date_etat": "2024-04-25",
                "inst_date_creation": "2005-09-22",
                "inst_hs_bool": null,
                "epci_code": "200072544",
                "dep_code": "77",
                "dep_nom": "Seine-et-Marne",
                "reg_code": "11",
                "reg_nom": "\u00cele-de-France",
                "epci_nom": "CC des Deux Morin",
                "code_bdv": "77183",
                "lib_bdv": "La Fert\u00e9-sous-Jouarre",
                "arr_code": "773",
                "arr_name": "Provins",
                "dens_niveau": 6,
                "dens_lib": "Rural \u00e0 habitat dispers\u00e9",
                "dep_code_filled": "77",
                "aca_nom": "Acad\u00e9mie de Cr\u00e9teil",
                "zrr_simp": "NC - Commune non class\u00e9e",
                "equip_nom": "SALLE",
                "equip_type_name": "Salles polyvalentes \/ des f\u00eates \/ non sp\u00e9cialis\u00e9es",
                "equip_prop_nom": null,
                "equip_prop_type": "Commune",
                "equip_propsec_type": null,
                "equip_gest_type": "Commune",
                "equip_cogest_type": null,
                "equip_dsp": "false",
                "equip_ouv_public_bool": "true",
                "equip_erp_type": "[\"L\"]",
                "equip_erp_cat": 5,
                "equip_homo_date": null,
                "equip_homo_periode": null,
                "equip_service_date": "2009",
                "equip_service_periode": "A partir de 2005",
                "equip_travaux_date": null,
                "equip_travaux_periode": null,
                "equip_travaux_type": null,
                "equip_energie": "[\"Fuel\"]",
                "equip_nature": "Int\u00e9rieur",
                "equip_sol": "Carrelage",
                "equip_long": 35.0,
                "equip_larg": 18.0,
                "equip_haut": 3.0,
                "equip_surf": 375.0,
                "equip_eclair": "true",
                "equip_piste_nb": null,
                "equip_trib_nb": 0,
                "equip_vest_sport": 2,
                "equip_vest_ens": 1,
                "equip_douche": "true",
                "equip_sanit": "true",
                "equip_loc_type": "[\"Club(s) house\"]",
                "equip_conf_type": null,
                "equip_acces_handi_mobilite": "Aire de jeu",
                "equip_acces_handi_sensoriel": null,
                "equip_pdesi_pdipr": null,
                "equip_bassin_long": null,
                "equip_bassin_larg": null,
                "equip_bassin_surf": null,
                "equip_bassin_min": null,
                "equip_bassin_max": null,
                "equip_piste_long": null,
                "equip_sae_haut": null,
                "equip_sae_surf": null,
                "equip_sae_couloir": null,
                "equip_pasdetir": null,
                "equip_url": null,
                "equip_utilisateur": "[\"Clubs sportifs,comit\u00e9s,ligues,f\u00e9d\u00e9rations\"]",
                "equip_acc_libre": "false",
                "equip_saison": "false",
                "equip_obs": null,
                "equip_type_famille": "Salle non sp\u00e9cialis\u00e9e",
                "equip_type_code": "2201",
                "equip_rnb": "HA2K6S4KE5VP",
                "inst_acc_handi_bool": "true",
                "inst_trans_bool": "false",
                "inst_part_bool": "false",
                "equip_loc_bool": "true",
                "equip_pmr_vest": "false",
                "equip_pmr_acc": "false",
                "equip_pmr_aire": "true",
                "equip_pmr_chem": "false",
                "equip_pmr_douche": "false",
                "equip_pmr_sanit": "false",
                "equip_pmr_trib": "false",
                "equip_pshs_aire": "false",
                "equip_pshs_chem": "false",
                "equip_pshs_sanit": "false",
                "equip_pshs_sign": "false",
                "equip_pshs_trib": "false",
                "equip_pshs_vest": "false",
                "equip_x": "3.18582",
                "equip_y": "48.9063",
                "inst_part_type": null,
                "aps_name": [
                    "Activit\u00e9s de forme et de sant\u00e9",
                    "Judo \/ Jujitsu \/ Ta\u00efso"
                ],
                "equip_qpv": null,
                "equip_qpv_200m": null,
                "categorie": null,
                "gen_2024fin_labellisation": null
            }
        },
        {
            "type": "Feature",
            "geometry": {
                "type": "Point",
                "coordinates": [
                    2.82192,
                    48.38806
                ]
            },
            "properties": {
                "equip_numero": "E001I774190003",
                "inst_numero": "I774190003",
                "inst_enqu_date": "2025-03-31",
                "inst_nom": "SALLE SPORTIVE \"LES GUETTES\"",
                "inst_siret": null,
                "inst_adresse": "134 RUE GAMBETTA",
                "inst_cp": "77670",
                "new_name": "Saint-Mamm\u00e8s",
                "new_code": "77419",
                "inst_part_type_filter": null,
                "inst_uai": null,
                "inst_acc_handi_type": "[\"Handicap moteur\"]",
                "inst_trans_type": null,
                "inst_obs": null,
                "inst_date_etat": "2024-04-25",
                "inst_date_creation": "2016-02-18",
                "inst_hs_bool": null,
                "epci_code": "247700032",
                "dep_code": "77",
                "dep_nom": "Seine-et-Marne",
                "reg_code": "11",
                "reg_nom": "\u00cele-de-France",
                "epci_nom": "CC Moret Seine et Loing",
                "code_bdv": "77316",
                "lib_bdv": "Moret-Loing-et-Orvanne",
                "arr_code": "774",
                "arr_name": "Fontainebleau",
                "dens_niveau": 2,
                "dens_lib": "Centres urbains interm\u00e9diaires",
                "dep_code_filled": "77",
                "aca_nom": "Acad\u00e9mie de Cr\u00e9teil",
                "zrr_simp": "NC - Commune non class\u00e9e",
                "equip_nom": "DOJO",
                "equip_type_name": "Dojo \/ Salle d'arts martiaux",
                "equip_prop_nom": null,
                "equip_prop_type": "Commune",
                "equip_propsec_type": null,
                "equip_gest_type": "Commune",
                "equip_cogest_type": null,
                "equip_dsp": "false",
                "equip_ouv_public_bool": "true",
                "equip_erp_type": "[\"X\"]",
                "equip_erp_cat": 5,
                "equip_homo_date": null,
                "equip_homo_periode": null,
                "equip_service_date": "2010",
                "equip_service_periode": "A partir de 2005",
                "equip_travaux_date": null,
                "equip_travaux_periode": null,
                "equip_travaux_type": null,
                "equip_energie": "[\"Solaire\"]",
                "equip_nature": "Int\u00e9rieur",
                "equip_sol": "Synth\u00e9tique (hors gazon)",
                "equip_long": 15.0,
                "equip_larg": 14.0,
                "equip_haut": 3.5,
                "equip_surf": 210.0,
                "equip_eclair": "true",
                "equip_piste_nb": null,
                "equip_trib_nb": 30,
                "equip_vest_sport": 2,
                "equip_vest_ens": 1,
                "equip_douche": "true",
                "equip_sanit": "true",
                "equip_loc_type": "[\"R\u00e9ception \/ Accueil\", \"Local de rangement\", \"Salle(s) de r\u00e9union\/cours\"]",
                "equip_conf_type": null,
                "equip_acces_handi_mobilite": "Accueil,Aire de jeu,Cheminements,Douches,Sanitaires,Tribunes,Vestiaires",
                "equip_acces_handi_sensoriel": "Sanitaires",
                "equip_pdesi_pdipr": null,
                "equip_bassin_long": null,
                "equip_bassin_larg": null,
                "equip_bassin_surf": null,
                "equip_bassin_min": null,
                "equip_bassin_max": null,
                "equip_piste_long": null,
                "equip_sae_haut": null,
                "equip_sae_surf": null,
                "equip_sae_couloir": null,
                "equip_pasdetir": null,
                "equip_url": "http:\/\/www.saint-mammes.com",
                "equip_utilisateur": "[\"Clubs sportifs,comit\u00e9s,ligues,f\u00e9d\u00e9rations,Scolaires,universit\u00e9s,Autre - association(s) et groupes divers\"]",
                "equip_acc_libre": "false",
                "equip_saison": "false",
                "equip_obs": null,
                "equip_type_famille": "Salle de combat",
                "equip_type_code": "1801",
                "equip_rnb": "81QS6BZTSQ68",
                "inst_acc_handi_bool": "true",
                "inst_trans_bool": "false",
                "inst_part_bool": "false",
                "equip_loc_bool": "true",
                "equip_pmr_vest": "true",
                "equip_pmr_acc": "true",
                "equip_pmr_aire": "true",
                "equip_pmr_chem": "true",
                "equip_pmr_douche": "true",
                "equip_pmr_sanit": "true",
                "equip_pmr_trib": "true",
                "equip_pshs_aire": "false",
                "equip_pshs_chem": "false",
                "equip_pshs_sanit": "true",
                "equip_pshs_sign": "false",
                "equip_pshs_trib": "false",
                "equip_pshs_vest": "false",
                "equip_x": "2.82192",
                "equip_y": "48.38806",
                "inst_part_type": null,
                "aps_name": [
                    "Judo \/ Jujitsu \/ Ta\u00efso"
                ],
                "equip_qpv": null,
                "equip_qpv_200m": null,
                "categorie": null,
                "gen_2024fin_labellisation": null
            }
        },
        {
            "type": "Feature",
            "geometry": {
                "type": "Point",
                "coordinates": [
                    2.80628,
                    49.04031
                ]
            },
            "properties": {
                "equip_numero": "E001I774370002",
                "inst_numero": "I774370002",
                "inst_enqu_date": "2025-03-31",
                "inst_nom": "PARC DE LA MAIRIE",
                "inst_siret": null,
                "inst_adresse": "PLACE DE LA MAIRIE",
                "inst_cp": "77165",
                "new_name": "Saint-Soupplets",
                "new_code": "77437",
                "inst_part_type_filter": null,
                "inst_uai": null,
                "inst_acc_handi_type": "[\"Handicap moteur\"]",
                "inst_trans_type": "[\"Bus\"]",
                "inst_obs": null,
                "inst_date_etat": "2016-02-19",
                "inst_date_creation": "2005-09-22",
                "inst_hs_bool": null,
                "epci_code": "200072130",
                "dep_code": "77",
                "dep_nom": "Seine-et-Marne",
                "reg_code": "11",
                "reg_nom": "\u00cele-de-France",
                "epci_nom": "CA du Pays de Meaux",
                "code_bdv": "77437",
                "lib_bdv": "Saint-Soupplets",
                "arr_code": "771",
                "arr_name": "Meaux",
                "dens_niveau": 5,
                "dens_lib": "Bourgs ruraux",
                "dep_code_filled": "77",
                "aca_nom": "Acad\u00e9mie de Cr\u00e9teil",
                "zrr_simp": "NC - Commune non class\u00e9e",
                "equip_nom": "SALLE D'ARTS MARTIAUX",
                "equip_type_name": "Dojo \/ Salle d'arts martiaux",
                "equip_prop_nom": null,
                "equip_prop_type": "Commune",
                "equip_propsec_type": null,
                "equip_gest_type": "Commune",
                "equip_cogest_type": null,
                "equip_dsp": "false",
                "equip_ouv_public_bool": "true",
                "equip_erp_type": "[\"L\", \"X\"]",
                "equip_erp_cat": 4,
                "equip_homo_date": null,
                "equip_homo_periode": null,
                "equip_service_date": "1984",
                "equip_service_periode": "1975-1984",
                "equip_travaux_date": null,
                "equip_travaux_periode": null,
                "equip_travaux_type": null,
                "equip_energie": "[\"Gaz\"]",
                "equip_nature": "Int\u00e9rieur",
                "equip_sol": "Parquet",
                "equip_long": 13.0,
                "equip_larg": 13.0,
                "equip_haut": 3.0,
                "equip_surf": 169.0,
                "equip_eclair": "true",
                "equip_piste_nb": null,
                "equip_trib_nb": 60,
                "equip_vest_sport": 2,
                "equip_vest_ens": 0,
                "equip_douche": "true",
                "equip_sanit": "true",
                "equip_loc_type": null,
                "equip_conf_type": null,
                "equip_acces_handi_mobilite": "Aire de jeu",
                "equip_acces_handi_sensoriel": null,
                "equip_pdesi_pdipr": null,
                "equip_bassin_long": null,
                "equip_bassin_larg": null,
                "equip_bassin_surf": null,
                "equip_bassin_min": null,
                "equip_bassin_max": null,
                "equip_piste_long": null,
                "equip_sae_haut": null,
                "equip_sae_surf": null,
                "equip_sae_couloir": null,
                "equip_pasdetir": null,
                "equip_url": "www.saint-soupplets.fr",
                "equip_utilisateur": "[\"Clubs sportifs,comit\u00e9s,ligues,f\u00e9d\u00e9rations\"]",
                "equip_acc_libre": "false",
                "equip_saison": "false",
                "equip_obs": null,
                "equip_type_famille": "Salle de combat",
                "equip_type_code": "1801",
                "equip_rnb": "GTKXVRNDJH52",
                "inst_acc_handi_bool": "true",
                "inst_trans_bool": "true",
                "inst_part_bool": "false",
                "equip_loc_bool": "false",
                "equip_pmr_vest": "false",
                "equip_pmr_acc": "false",
                "equip_pmr_aire": "true",
                "equip_pmr_chem": "false",
                "equip_pmr_douche": "false",
                "equip_pmr_sanit": "false",
                "equip_pmr_trib": "false",
                "equip_pshs_aire": "false",
                "equip_pshs_chem": "false",
                "equip_pshs_sanit": "false",
                "equip_pshs_sign": "false",
                "equip_pshs_trib": "false",
                "equip_pshs_vest": "false",
                "equip_x": "2.80628",
                "equip_y": "49.04031",
                "inst_part_type": null,
                "aps_name": [
                    "Full contact (boxe am\u00e9ricaine)\/Light contact\/First full\/Full d\u00e9fense\/Super fight\/Semi-contact",
                    "Judo \/ Jujitsu \/ Ta\u00efso"
                ],
                "equip_qpv": null,
                "equip_qpv_200m": null,
                "categorie": null,
                "gen_2024fin_labellisation": null
            }
        },
        {
            "type": "Feature",
            "geometry": {
                "type": "Point",
                "coordinates": [
                    2.782572,
                    48.842156
                ]
            },
            "properties": {
                "equip_numero": "E001I774490003",
                "inst_numero": "I774490003",
                "inst_enqu_date": "2025-03-31",
                "inst_nom": "SALLE DES TILLEULS (DOJO)",
                "inst_siret": null,
                "inst_adresse": "1 bis Rue du mail",
                "inst_cp": "77700",
                "new_name": "Serris",
                "new_code": "77449",
                "inst_part_type_filter": null,
                "inst_uai": null,
                "inst_acc_handi_type": "[\"Handicap moteur\"]",
                "inst_trans_type": null,
                "inst_obs": null,
                "inst_date_etat": "2024-04-25",
                "inst_date_creation": "2005-09-22",
                "inst_hs_bool": null,
                "epci_code": "247700339",
                "dep_code": "77",
                "dep_nom": "Seine-et-Marne",
                "reg_code": "11",
                "reg_nom": "\u00cele-de-France",
                "epci_nom": "CA Val d'Europe Agglom\u00e9ration",
                "code_bdv": "75056",
                "lib_bdv": "Paris",
                "arr_code": "775",
                "arr_name": "Torcy",
                "dens_niveau": 1,
                "dens_lib": "Grands centres urbains",
                "dep_code_filled": "77",
                "aca_nom": "Acad\u00e9mie de Cr\u00e9teil",
                "zrr_simp": "NC - Commune non class\u00e9e",
                "equip_nom": "DOJO",
                "equip_type_name": "Dojo \/ Salle d'arts martiaux",
                "equip_prop_nom": null,
                "equip_prop_type": "Commune",
                "equip_propsec_type": null,
                "equip_gest_type": "Commune",
                "equip_cogest_type": null,
                "equip_dsp": "false",
                "equip_ouv_public_bool": "true",
                "equip_erp_type": "[\"X\"]",
                "equip_erp_cat": 5,
                "equip_homo_date": null,
                "equip_homo_periode": null,
                "equip_service_date": "1998",
                "equip_service_periode": "1995-2004",
                "equip_travaux_date": "2013",
                "equip_travaux_periode": "A partir de 2005",
                "equip_travaux_type": "[\"V\u00e9tust\u00e9 normale\", \"remise \u00e0 niveau\"]",
                "equip_energie": "[\"Electricit\u00e9\"]",
                "equip_nature": "Int\u00e9rieur",
                "equip_sol": "Synth\u00e9tique (hors gazon)",
                "equip_long": 20.0,
                "equip_larg": 10.0,
                "equip_haut": 4.0,
                "equip_surf": 200.0,
                "equip_eclair": "true",
                "equip_piste_nb": null,
                "equip_trib_nb": 0,
                "equip_vest_sport": 2,
                "equip_vest_ens": 0,
                "equip_douche": "false",
                "equip_sanit": "true",
                "equip_loc_type": null,
                "equip_conf_type": null,
                "equip_acces_handi_mobilite": "Aire de jeu,Cheminements,Sanitaires,Vestiaires",
                "equip_acces_handi_sensoriel": "Sanitaires",
                "equip_pdesi_pdipr": null,
                "equip_bassin_long": null,
                "equip_bassin_larg": null,
                "equip_bassin_surf": null,
                "equip_bassin_min": null,
                "equip_bassin_max": null,
                "equip_piste_long": null,
                "equip_sae_haut": null,
                "equip_sae_surf": null,
                "equip_sae_couloir": null,
                "equip_pasdetir": null,
                "equip_url": "http:\/\/www.mairie-serris.net\/MenuHautNoir\/Commune\/equipements\/equipementssport.html",
                "equip_utilisateur": "[\"Clubs sportifs,comit\u00e9s,ligues,f\u00e9d\u00e9rations\"]",
                "equip_acc_libre": "false",
                "equip_saison": "false",
                "equip_obs": null,
                "equip_type_famille": "Salle de combat",
                "equip_type_code": "1801",
                "equip_rnb": "KE79E4F1WN8A",
                "inst_acc_handi_bool": "true",
                "inst_trans_bool": "false",
                "inst_part_bool": "false",
                "equip_loc_bool": "false",
                "equip_pmr_vest": "true",
                "equip_pmr_acc": "false",
                "equip_pmr_aire": "true",
                "equip_pmr_chem": "true",
                "equip_pmr_douche": "false",
                "equip_pmr_sanit": "true",
                "equip_pmr_trib": "false",
                "equip_pshs_aire": "false",
                "equip_pshs_chem": "false",
                "equip_pshs_sanit": "true",
                "equip_pshs_sign": "false",
                "equip_pshs_trib": "false",
                "equip_pshs_vest": "false",
                "equip_x": "2.782572",
                "equip_y": "48.842156",
                "inst_part_type": null,
                "aps_name": [
                    "Aikido \/ Aikibudo \/ Budo",
                    "Gymnastique Artistique",
                    "Judo \/ Jujitsu \/ Ta\u00efso"
                ],
                "equip_qpv": null,
                "equip_qpv_200m": null,
                "categorie": null,
                "gen_2024fin_labellisation": null
            }
        },
        {
            "type": "Feature",
            "geometry": {
                "type": "Point",
                "coordinates": [
                    2.59037,
                    48.71781
                ]
            },
            "properties": {
                "equip_numero": "E001I774500004",
                "inst_numero": "I774500004",
                "inst_enqu_date": "2025-03-31",
                "inst_nom": "COMPLEXE SPORTIF",
                "inst_siret": null,
                "inst_adresse": "CHEMIN DU PATIS",
                "inst_cp": "77170",
                "new_name": "Servon",
                "new_code": "77450",
                "inst_part_type_filter": null,
                "inst_uai": null,
                "inst_acc_handi_type": "[\"Handicap moteur\"]",
                "inst_trans_type": null,
                "inst_obs": null,
                "inst_date_etat": "2024-04-24",
                "inst_date_creation": "2005-09-22",
                "inst_hs_bool": null,
                "epci_code": "247700644",
                "dep_code": "77",
                "dep_nom": "Seine-et-Marne",
                "reg_code": "11",
                "reg_nom": "\u00cele-de-France",
                "epci_nom": "CC l'Or\u00e9e de la Brie",
                "code_bdv": "77053",
                "lib_bdv": "Brie-Comte-Robert",
                "arr_code": "775",
                "arr_name": "Torcy",
                "dens_niveau": 4,
                "dens_lib": "Ceintures urbaines",
                "dep_code_filled": "77",
                "aca_nom": "Acad\u00e9mie de Cr\u00e9teil",
                "zrr_simp": "NC - Commune non class\u00e9e",
                "equip_nom": "DOJO SYLVIE MELOUX",
                "equip_type_name": "Dojo \/ Salle d'arts martiaux",
                "equip_prop_nom": null,
                "equip_prop_type": "Commune",
                "equip_propsec_type": null,
                "equip_gest_type": "Commune",
                "equip_cogest_type": null,
                "equip_dsp": "false",
                "equip_ouv_public_bool": "true",
                "equip_erp_type": "[\"X\"]",
                "equip_erp_cat": 5,
                "equip_homo_date": null,
                "equip_homo_periode": null,
                "equip_service_date": "2000",
                "equip_service_periode": "1995-2004",
                "equip_travaux_date": null,
                "equip_travaux_periode": null,
                "equip_travaux_type": null,
                "equip_energie": "[\"Gaz\"]",
                "equip_nature": "Int\u00e9rieur",
                "equip_sol": "Parquet",
                "equip_long": 18.0,
                "equip_larg": 17.0,
                "equip_haut": 3.0,
                "equip_surf": 306.0,
                "equip_eclair": "true",
                "equip_piste_nb": null,
                "equip_trib_nb": 0,
                "equip_vest_sport": 2,
                "equip_vest_ens": 0,
                "equip_douche": "true",
                "equip_sanit": "true",
                "equip_loc_type": null,
                "equip_conf_type": null,
                "equip_acces_handi_mobilite": "Aire de jeu,Sanitaires",
                "equip_acces_handi_sensoriel": "Sanitaires",
                "equip_pdesi_pdipr": null,
                "equip_bassin_long": null,
                "equip_bassin_larg": null,
                "equip_bassin_surf": null,
                "equip_bassin_min": null,
                "equip_bassin_max": null,
                "equip_piste_long": null,
                "equip_sae_haut": null,
                "equip_sae_surf": null,
                "equip_sae_couloir": null,
                "equip_pasdetir": null,
                "equip_url": "www.mairie-servon.fr",
                "equip_utilisateur": "[\"Clubs sportifs,comit\u00e9s,ligues,f\u00e9d\u00e9rations,Scolaires,universit\u00e9s\"]",
                "equip_acc_libre": "false",
                "equip_saison": "false",
                "equip_obs": null,
                "equip_type_famille": "Salle de combat",
                "equip_type_code": "1801",
                "equip_rnb": "D17W3BEGR3KJ",
                "inst_acc_handi_bool": "true",
                "inst_trans_bool": "false",
                "inst_part_bool": "false",
                "equip_loc_bool": "false",
                "equip_pmr_vest": "false",
                "equip_pmr_acc": "false",
                "equip_pmr_aire": "true",
                "equip_pmr_chem": "false",
                "equip_pmr_douche": "false",
                "equip_pmr_sanit": "true",
                "equip_pmr_trib": "false",
                "equip_pshs_aire": "false",
                "equip_pshs_chem": "false",
                "equip_pshs_sanit": "true",
                "equip_pshs_sign": "false",
                "equip_pshs_trib": "false",
                "equip_pshs_vest": "false",
                "equip_x": "2.59037",
                "equip_y": "48.71781",
                "inst_part_type": null,
                "aps_name": [
                    "Judo \/ Jujitsu \/ Ta\u00efso"
                ],
                "equip_qpv": null,
                "equip_qpv_200m": null,
                "categorie": null,
                "gen_2024fin_labellisation": null
            }
        },
        {
            "type": "Feature",
            "geometry": {
                "type": "Point",
                "coordinates": [
                    2.71684,
                    48.6578
                ]
            },
            "properties": {
                "equip_numero": "E001I774570003",
                "inst_numero": "I774570003",
                "inst_enqu_date": "2025-03-31",
                "inst_nom": "SALLE SOCIO-\u00c9DUCATIVE ET SPORTIVE",
                "inst_siret": null,
                "inst_adresse": "PLACE DE LA MAIRIE",
                "inst_cp": "77111",
                "new_name": "Solers",
                "new_code": "77457",
                "inst_part_type_filter": null,
                "inst_uai": null,
                "inst_acc_handi_type": "[\"Handicap moteur\"]",
                "inst_trans_type": "[\"Bus\"]",
                "inst_obs": null,
                "inst_date_etat": "2015-02-24",
                "inst_date_creation": "2005-09-22",
                "inst_hs_bool": null,
                "epci_code": "200070779",
                "dep_code": "77",
                "dep_nom": "Seine-et-Marne",
                "reg_code": "11",
                "reg_nom": "\u00cele-de-France",
                "epci_nom": "CC Brie des Rivi\u00e8res et Ch\u00e2teaux",
                "code_bdv": "77053",
                "lib_bdv": "Brie-Comte-Robert",
                "arr_code": "772",
                "arr_name": "Melun",
                "dens_niveau": 5,
                "dens_lib": "Bourgs ruraux",
                "dep_code_filled": "77",
                "aca_nom": "Acad\u00e9mie de Cr\u00e9teil",
                "zrr_simp": "NC - Commune non class\u00e9e",
                "equip_nom": "SALLE DE DANSE ET JUDO",
                "equip_type_name": "Salle de danse",
                "equip_prop_nom": null,
                "equip_prop_type": "Commune",
                "equip_propsec_type": null,
                "equip_gest_type": "Commune",
                "equip_cogest_type": null,
                "equip_dsp": "false",
                "equip_ouv_public_bool": "true",
                "equip_erp_type": "[\"X\"]",
                "equip_erp_cat": 5,
                "equip_homo_date": null,
                "equip_homo_periode": null,
                "equip_service_date": "1999",
                "equip_service_periode": "1995-2004",
                "equip_travaux_date": null,
                "equip_travaux_periode": null,
                "equip_travaux_type": null,
                "equip_energie": "[\"Electricit\u00e9\"]",
                "equip_nature": "Int\u00e9rieur",
                "equip_sol": "Parquet",
                "equip_long": 13.0,
                "equip_larg": 8.0,
                "equip_haut": 5.0,
                "equip_surf": 110.0,
                "equip_eclair": "true",
                "equip_piste_nb": null,
                "equip_trib_nb": 0,
                "equip_vest_sport": 2,
                "equip_vest_ens": 0,
                "equip_douche": "true",
                "equip_sanit": "true",
                "equip_loc_type": null,
                "equip_conf_type": null,
                "equip_acces_handi_mobilite": "Aire de jeu,Cheminements",
                "equip_acces_handi_sensoriel": null,
                "equip_pdesi_pdipr": null,
                "equip_bassin_long": null,
                "equip_bassin_larg": null,
                "equip_bassin_surf": null,
                "equip_bassin_min": null,
                "equip_bassin_max": null,
                "equip_piste_long": null,
                "equip_sae_haut": null,
                "equip_sae_surf": null,
                "equip_sae_couloir": null,
                "equip_pasdetir": null,
                "equip_url": null,
                "equip_utilisateur": "[\"Clubs sportifs,comit\u00e9s,ligues,f\u00e9d\u00e9rations,Scolaires,universit\u00e9s\"]",
                "equip_acc_libre": "false",
                "equip_saison": "false",
                "equip_obs": null,
                "equip_type_famille": "Salle ou terrain sp\u00e9cialis\u00e9",
                "equip_type_code": "2105",
                "equip_rnb": "4PS4GT7FDV5F",
                "inst_acc_handi_bool": "true",
                "inst_trans_bool": "true",
                "inst_part_bool": "false",
                "equip_loc_bool": "false",
                "equip_pmr_vest": "false",
                "equip_pmr_acc": "false",
                "equip_pmr_aire": "true",
                "equip_pmr_chem": "true",
                "equip_pmr_douche": "false",
                "equip_pmr_sanit": "false",
                "equip_pmr_trib": "false",
                "equip_pshs_aire": "false",
                "equip_pshs_chem": "false",
                "equip_pshs_sanit": "false",
                "equip_pshs_sign": "false",
                "equip_pshs_trib": "false",
                "equip_pshs_vest": "false",
                "equip_x": "2.71684",
                "equip_y": "48.6578",
                "inst_part_type": null,
                "aps_name": [
                    "Autres Danses",
                    "Gymnastique A\u00e9robic",
                    "Judo \/ Jujitsu \/ Ta\u00efso",
                    "Tennis de table"
                ],
                "equip_qpv": null,
                "equip_qpv_200m": null,
                "categorie": null,
                "gen_2024fin_labellisation": null
            }
        },
        {
            "type": "Feature",
            "geometry": {
                "type": "Point",
                "coordinates": [
                    2.95328,
                    48.95406
                ]
            },
            "properties": {
                "equip_numero": "E001I774750001",
                "inst_numero": "I774750001",
                "inst_enqu_date": "2025-03-31",
                "inst_nom": "COMPLEXE SPORTIF DE LA NOYERIE",
                "inst_siret": null,
                "inst_adresse": "12-14 RUE DES VIGNES",
                "inst_cp": "77470",
                "new_name": "Trilport",
                "new_code": "77475",
                "inst_part_type_filter": [
                    "Complexe sportif"
                ],
                "inst_uai": null,
                "inst_acc_handi_type": "[\"Handicap moteur\"]",
                "inst_trans_type": null,
                "inst_obs": null,
                "inst_date_etat": "2016-02-19",
                "inst_date_creation": "2005-09-22",
                "inst_hs_bool": null,
                "epci_code": "200072130",
                "dep_code": "77",
                "dep_nom": "Seine-et-Marne",
                "reg_code": "11",
                "reg_nom": "\u00cele-de-France",
                "epci_nom": "CA du Pays de Meaux",
                "code_bdv": "77284",
                "lib_bdv": "Meaux",
                "arr_code": "771",
                "arr_name": "Meaux",
                "dens_niveau": 4,
                "dens_lib": "Ceintures urbaines",
                "dep_code_filled": "77",
                "aca_nom": "Acad\u00e9mie de Cr\u00e9teil",
                "zrr_simp": "NC - Commune non class\u00e9e",
                "equip_nom": "GYMNASE",
                "equip_type_name": "Salle multisports (gymnase)",
                "equip_prop_nom": null,
                "equip_prop_type": "Commune",
                "equip_propsec_type": null,
                "equip_gest_type": "Commune",
                "equip_cogest_type": null,
                "equip_dsp": "false",
                "equip_ouv_public_bool": "true",
                "equip_erp_type": "[\"X\"]",
                "equip_erp_cat": 5,
                "equip_homo_date": null,
                "equip_homo_periode": null,
                "equip_service_date": "1975",
                "equip_service_periode": "1975-1984",
                "equip_travaux_date": null,
                "equip_travaux_periode": null,
                "equip_travaux_type": null,
                "equip_energie": "[\"Gaz\"]",
                "equip_nature": "Int\u00e9rieur",
                "equip_sol": "Synth\u00e9tique (hors gazon)",
                "equip_long": 44.0,
                "equip_larg": 22.0,
                "equip_haut": 7.0,
                "equip_surf": 968.0,
                "equip_eclair": "true",
                "equip_piste_nb": null,
                "equip_trib_nb": 0,
                "equip_vest_sport": 2,
                "equip_vest_ens": 1,
                "equip_douche": "true",
                "equip_sanit": "true",
                "equip_loc_type": "[\"Local de rangement\"]",
                "equip_conf_type": null,
                "equip_acces_handi_mobilite": "Aire de jeu",
                "equip_acces_handi_sensoriel": null,
                "equip_pdesi_pdipr": null,
                "equip_bassin_long": null,
                "equip_bassin_larg": null,
                "equip_bassin_surf": null,
                "equip_bassin_min": null,
                "equip_bassin_max": null,
                "equip_piste_long": null,
                "equip_sae_haut": null,
                "equip_sae_surf": null,
                "equip_sae_couloir": null,
                "equip_pasdetir": null,
                "equip_url": "www.trilport.fr",
                "equip_utilisateur": "[\"Individuel(s),famille(s),Clubs sportifs,comit\u00e9s,ligues,f\u00e9d\u00e9rations,Scolaires,universit\u00e9s,Autre - association(s) et groupes divers\"]",
                "equip_acc_libre": "false",
                "equip_saison": "false",
                "equip_obs": null,
                "equip_type_famille": "Salle multisports",
                "equip_type_code": "1901",
                "equip_rnb": "WB5QD4KG7PAJ",
                "inst_acc_handi_bool": "true",
                "inst_trans_bool": "false",
                "inst_part_bool": "true",
                "equip_loc_bool": "true",
                "equip_pmr_vest": "false",
                "equip_pmr_acc": "false",
                "equip_pmr_aire": "true",
                "equip_pmr_chem": "false",
                "equip_pmr_douche": "false",
                "equip_pmr_sanit": "false",
                "equip_pmr_trib": "false",
                "equip_pshs_aire": "false",
                "equip_pshs_chem": "false",
                "equip_pshs_sanit": "false",
                "equip_pshs_sign": "false",
                "equip_pshs_trib": "false",
                "equip_pshs_vest": "false",
                "equip_x": "2.95328",
                "equip_y": "48.95406",
                "inst_part_type": "[\"Complexe sportif\"]",
                "aps_name": [
                    "Activit\u00e9s de forme et de sant\u00e9",
                    "Badminton",
                    "Jeu de volant",
                    "Basket-Ball",
                    "Hockey en salle \/ Hockey sur gazon",
                    "Judo \/ Jujitsu \/ Ta\u00efso",
                    "Tennis",
                    "Volley-ball \/ Volley-ball de plage (beach-volley) \/ Green-Volley"
                ],
                "equip_qpv": null,
                "equip_qpv_200m": null,
                "categorie": "structurant",
                "gen_2024fin_labellisation": null
            }
        },
        {
            "type": "Feature",
            "geometry": {
                "type": "Point",
                "coordinates": [
                    2.60783,
                    48.56928
                ]
            },
            "properties": {
                "equip_numero": "E001I774950002",
                "inst_numero": "I774950002",
                "inst_enqu_date": "2025-03-31",
                "inst_nom": "COMPLEXE SPORTIF MAISON DES SPORTS",
                "inst_siret": null,
                "inst_adresse": "5 RUE AIME-CESAIRE",
                "inst_cp": "77240",
                "new_name": "Vert-Saint-Denis",
                "new_code": "77495",
                "inst_part_type_filter": [
                    "Complexe sportif"
                ],
                "inst_uai": null,
                "inst_acc_handi_type": "[\"Handicap moteur\"]",
                "inst_trans_type": "[\"Bus\"]",
                "inst_obs": null,
                "inst_date_etat": "2019-07-02",
                "inst_date_creation": "2005-09-22",
                "inst_hs_bool": null,
                "epci_code": "200059228",
                "dep_code": "77",
                "dep_nom": "Seine-et-Marne",
                "reg_code": "11",
                "reg_nom": "\u00cele-de-France",
                "epci_nom": "CA Grand Paris Sud Seine Essonne S\u00e9nart",
                "code_bdv": "75056",
                "lib_bdv": "Paris",
                "arr_code": "772",
                "arr_name": "Melun",
                "dens_niveau": 2,
                "dens_lib": "Centres urbains interm\u00e9diaires",
                "dep_code_filled": "77",
                "aca_nom": "Acad\u00e9mie de Cr\u00e9teil",
                "zrr_simp": "NC - Commune non class\u00e9e",
                "equip_nom": "DOJO",
                "equip_type_name": "Dojo \/ Salle d'arts martiaux",
                "equip_prop_nom": null,
                "equip_prop_type": "EPCI",
                "equip_propsec_type": "Association(s)",
                "equip_gest_type": "EPCI",
                "equip_cogest_type": "Association(s)",
                "equip_dsp": "true",
                "equip_ouv_public_bool": "true",
                "equip_erp_type": "[\"L\"]",
                "equip_erp_cat": 5,
                "equip_homo_date": null,
                "equip_homo_periode": null,
                "equip_service_date": "2003",
                "equip_service_periode": "1995-2004",
                "equip_travaux_date": null,
                "equip_travaux_periode": null,
                "equip_travaux_type": null,
                "equip_energie": "[\"Gaz\"]",
                "equip_nature": "Int\u00e9rieur",
                "equip_sol": "Synth\u00e9tique (hors gazon)",
                "equip_long": 18.0,
                "equip_larg": 13.0,
                "equip_haut": 5.0,
                "equip_surf": 234.0,
                "equip_eclair": "true",
                "equip_piste_nb": null,
                "equip_trib_nb": 0,
                "equip_vest_sport": 4,
                "equip_vest_ens": 0,
                "equip_douche": "true",
                "equip_sanit": "true",
                "equip_loc_type": "[\"R\u00e9ception \/ Accueil\", \"Buvette\", \"Infirmerie\", \"Local de rangement\"]",
                "equip_conf_type": null,
                "equip_acces_handi_mobilite": "Accueil,Aire de jeu,Cheminements,Douches,Vestiaires",
                "equip_acces_handi_sensoriel": null,
                "equip_pdesi_pdipr": null,
                "equip_bassin_long": null,
                "equip_bassin_larg": null,
                "equip_bassin_surf": null,
                "equip_bassin_min": null,
                "equip_bassin_max": null,
                "equip_piste_long": null,
                "equip_sae_haut": null,
                "equip_sae_surf": null,
                "equip_sae_couloir": null,
                "equip_pasdetir": null,
                "equip_url": "http:\/\/www.vert-saint-denis.fr",
                "equip_utilisateur": "[\"Clubs sportifs,comit\u00e9s,ligues,f\u00e9d\u00e9rations,Scolaires,universit\u00e9s\"]",
                "equip_acc_libre": "false",
                "equip_saison": "false",
                "equip_obs": null,
                "equip_type_famille": "Salle de combat",
                "equip_type_code": "1801",
                "equip_rnb": "SC8ZGGKMY169",
                "inst_acc_handi_bool": "true",
                "inst_trans_bool": "true",
                "inst_part_bool": "true",
                "equip_loc_bool": "true",
                "equip_pmr_vest": "true",
                "equip_pmr_acc": "true",
                "equip_pmr_aire": "true",
                "equip_pmr_chem": "true",
                "equip_pmr_douche": "true",
                "equip_pmr_sanit": "false",
                "equip_pmr_trib": "false",
                "equip_pshs_aire": "false",
                "equip_pshs_chem": "false",
                "equip_pshs_sanit": "false",
                "equip_pshs_sign": "false",
                "equip_pshs_trib": "false",
                "equip_pshs_vest": "false",
                "equip_x": "2.60783",
                "equip_y": "48.56928",
                "inst_part_type": "[\"Complexe sportif\"]",
                "aps_name": [
                    "Judo \/ Jujitsu \/ Ta\u00efso",
                    "Karat\u00e9\/Karat\u00e9 jutsu\/Goshin jutsu\/Kobudo\/Nihon Tai-jutsu\/Taijitsu\/Nambudo\/Ninjutsu\/Nunchaku\/...",
                    "Taekwondo \/ Hapkido \/ Tang-soo-do \/ Soo bahk do \/ Sin moo hapkido \/ Hapkido jin jung kwan"
                ],
                "equip_qpv": null,
                "equip_qpv_200m": null,
                "categorie": null,
                "gen_2024fin_labellisation": null
            }
        },
        {
            "type": "Feature",
            "geometry": {
                "type": "Point",
                "coordinates": [
                    2.86256,
                    48.94184
                ]
            },
            "properties": {
                "equip_numero": "E001I775130003",
                "inst_numero": "I775130003",
                "inst_enqu_date": "2025-03-31",
                "inst_nom": "SALLE DE JUDO",
                "inst_siret": null,
                "inst_adresse": "ALLEE DES TILLEULS",
                "inst_cp": "77124",
                "new_name": "Villenoy",
                "new_code": "77513",
                "inst_part_type_filter": null,
                "inst_uai": null,
                "inst_acc_handi_type": "[\"Handicap moteur\"]",
                "inst_trans_type": null,
                "inst_obs": null,
                "inst_date_etat": "2016-02-18",
                "inst_date_creation": "2005-09-22",
                "inst_hs_bool": null,
                "epci_code": "200072130",
                "dep_code": "77",
                "dep_nom": "Seine-et-Marne",
                "reg_code": "11",
                "reg_nom": "\u00cele-de-France",
                "epci_nom": "CA du Pays de Meaux",
                "code_bdv": "77284",
                "lib_bdv": "Meaux",
                "arr_code": "771",
                "arr_name": "Meaux",
                "dens_niveau": 1,
                "dens_lib": "Grands centres urbains",
                "dep_code_filled": "77",
                "aca_nom": "Acad\u00e9mie de Cr\u00e9teil",
                "zrr_simp": "NC - Commune non class\u00e9e",
                "equip_nom": "SALLE DE JUDO",
                "equip_type_name": "Dojo \/ Salle d'arts martiaux",
                "equip_prop_nom": null,
                "equip_prop_type": "Commune",
                "equip_propsec_type": null,
                "equip_gest_type": "Commune",
                "equip_cogest_type": null,
                "equip_dsp": "false",
                "equip_ouv_public_bool": "true",
                "equip_erp_type": "[\"X\"]",
                "equip_erp_cat": 5,
                "equip_homo_date": null,
                "equip_homo_periode": null,
                "equip_service_date": "1978",
                "equip_service_periode": "1975-1984",
                "equip_travaux_date": null,
                "equip_travaux_periode": null,
                "equip_travaux_type": null,
                "equip_energie": "[\"Electricit\u00e9\"]",
                "equip_nature": "Int\u00e9rieur",
                "equip_sol": "Carrelage",
                "equip_long": 15.0,
                "equip_larg": 7.0,
                "equip_haut": 3.0,
                "equip_surf": 105.0,
                "equip_eclair": "true",
                "equip_piste_nb": null,
                "equip_trib_nb": 0,
                "equip_vest_sport": 2,
                "equip_vest_ens": 0,
                "equip_douche": "true",
                "equip_sanit": "false",
                "equip_loc_type": "[\"Local de rangement\"]",
                "equip_conf_type": null,
                "equip_acces_handi_mobilite": "Aire de jeu",
                "equip_acces_handi_sensoriel": null,
                "equip_pdesi_pdipr": null,
                "equip_bassin_long": null,
                "equip_bassin_larg": null,
                "equip_bassin_surf": null,
                "equip_bassin_min": null,
                "equip_bassin_max": null,
                "equip_piste_long": null,
                "equip_sae_haut": null,
                "equip_sae_surf": null,
                "equip_sae_couloir": null,
                "equip_pasdetir": null,
                "equip_url": "http:\/\/www.mairie-villenoy.fr",
                "equip_utilisateur": "[\"Clubs sportifs,comit\u00e9s,ligues,f\u00e9d\u00e9rations,Scolaires,universit\u00e9s\"]",
                "equip_acc_libre": "true",
                "equip_saison": "false",
                "equip_obs": null,
                "equip_type_famille": "Salle de combat",
                "equip_type_code": "1801",
                "equip_rnb": "41Y3H2CNTC9Z",
                "inst_acc_handi_bool": "true",
                "inst_trans_bool": "false",
                "inst_part_bool": "false",
                "equip_loc_bool": "true",
                "equip_pmr_vest": "false",
                "equip_pmr_acc": "false",
                "equip_pmr_aire": "true",
                "equip_pmr_chem": "false",
                "equip_pmr_douche": "false",
                "equip_pmr_sanit": "false",
                "equip_pmr_trib": "false",
                "equip_pshs_aire": "false",
                "equip_pshs_chem": "false",
                "equip_pshs_sanit": "false",
                "equip_pshs_sign": "false",
                "equip_pshs_trib": "false",
                "equip_pshs_vest": "false",
                "equip_x": "2.86256",
                "equip_y": "48.94184",
                "inst_part_type": null,
                "aps_name": [
                    "Judo \/ Jujitsu \/ Ta\u00efso",
                    "Karat\u00e9\/Karat\u00e9 jutsu\/Goshin jutsu\/Kobudo\/Nihon Tai-jutsu\/Taijitsu\/Nambudo\/Ninjutsu\/Nunchaku\/..."
                ],
                "equip_qpv": null,
                "equip_qpv_200m": null,
                "categorie": null,
                "gen_2024fin_labellisation": null
            }
        },
        {
            "type": "Feature",
            "geometry": {
                "type": "Point",
                "coordinates": [
                    2.70671367645,
                    48.8780377362
                ]
            },
            "properties": {
                "equip_numero": "E001I772430018",
                "inst_numero": "I772430018",
                "inst_enqu_date": "2025-03-31",
                "inst_nom": "Ecole Paul Bert",
                "inst_siret": "21770243000034",
                "inst_adresse": "Rue Paul Bert",
                "inst_cp": "77400",
                "new_name": "Lagny-sur-Marne",
                "new_code": "77243",
                "inst_part_type_filter": [
                    "Etablissement scolaire"
                ],
                "inst_uai": "0772536N",
                "inst_acc_handi_type": "[\"Handicap moteur\"]",
                "inst_trans_type": "[\"Train\", \"Bus\"]",
                "inst_obs": null,
                "inst_date_etat": "2024-03-13",
                "inst_date_creation": "2024-03-13",
                "inst_hs_bool": "false",
                "epci_code": "247700594",
                "dep_code": "77",
                "dep_nom": "Seine-et-Marne",
                "reg_code": "11",
                "reg_nom": "\u00cele-de-France",
                "epci_nom": "CA Marne et Gondoire",
                "code_bdv": "75056",
                "lib_bdv": "Paris",
                "arr_code": "775",
                "arr_name": "Torcy",
                "dens_niveau": 1,
                "dens_lib": "Grands centres urbains",
                "dep_code_filled": "77",
                "aca_nom": "Acad\u00e9mie de Cr\u00e9teil",
                "zrr_simp": "NC - Commune non class\u00e9e",
                "equip_nom": "Dojo",
                "equip_type_name": "Dojo \/ Salle d'arts martiaux",
                "equip_prop_nom": "Commune de Lagny-sur-Marne",
                "equip_prop_type": "Commune",
                "equip_propsec_type": null,
                "equip_gest_type": "Commune",
                "equip_cogest_type": null,
                "equip_dsp": "false",
                "equip_ouv_public_bool": "true",
                "equip_erp_type": null,
                "equip_erp_cat": null,
                "equip_homo_date": null,
                "equip_homo_periode": null,
                "equip_service_date": "1999",
                "equip_service_periode": null,
                "equip_travaux_date": null,
                "equip_travaux_periode": null,
                "equip_travaux_type": null,
                "equip_energie": null,
                "equip_nature": "Int\u00e9rieur",
                "equip_sol": null,
                "equip_long": null,
                "equip_larg": null,
                "equip_haut": null,
                "equip_surf": null,
                "equip_eclair": "true",
                "equip_piste_nb": null,
                "equip_trib_nb": 0,
                "equip_vest_sport": 0,
                "equip_vest_ens": 0,
                "equip_douche": "false",
                "equip_sanit": "true",
                "equip_loc_type": null,
                "equip_conf_type": null,
                "equip_acces_handi_mobilite": null,
                "equip_acces_handi_sensoriel": null,
                "equip_pdesi_pdipr": null,
                "equip_bassin_long": null,
                "equip_bassin_larg": null,
                "equip_bassin_surf": null,
                "equip_bassin_min": null,
                "equip_bassin_max": null,
                "equip_piste_long": null,
                "equip_sae_haut": null,
                "equip_sae_surf": null,
                "equip_sae_couloir": null,
                "equip_pasdetir": null,
                "equip_url": "https:\/\/www.lagny-sur-marne.fr\/lieu\/primaire-paul-bert\/",
                "equip_utilisateur": "[\"Scolaires,universit\u00e9s\"]",
                "equip_acc_libre": "false",
                "equip_saison": "false",
                "equip_obs": null,
                "equip_type_famille": "Salle de combat",
                "equip_type_code": "1801",
                "equip_rnb": "D2XVHYCDPK4K",
                "inst_acc_handi_bool": "true",
                "inst_trans_bool": "true",
                "inst_part_bool": "true",
                "equip_loc_bool": "false",
                "equip_pmr_vest": "false",
                "equip_pmr_acc": "false",
                "equip_pmr_aire": "false",
                "equip_pmr_chem": "false",
                "equip_pmr_douche": "false",
                "equip_pmr_sanit": "false",
                "equip_pmr_trib": "false",
                "equip_pshs_aire": "false",
                "equip_pshs_chem": "false",
                "equip_pshs_sanit": "false",
                "equip_pshs_sign": "false",
                "equip_pshs_trib": "false",
                "equip_pshs_vest": "false",
                "equip_x": "2.70671367645",
                "equip_y": "48.8780377362",
                "inst_part_type": "[\"Etablissement scolaire\"]",
                "aps_name": [
                    "Judo \/ Jujitsu \/ Ta\u00efso"
                ],
                "equip_qpv": null,
                "equip_qpv_200m": null,
                "categorie": null,
                "gen_2024fin_labellisation": "2025-09-01"
            }
        },
        {
            "type": "Feature",
            "geometry": {
                "type": "Point",
                "coordinates": [
                    2.60317772627,
                    48.9554670295
                ]
            },
            "properties": {
                "equip_numero": "E001I772940012",
                "inst_numero": "I772940012",
                "inst_enqu_date": "2025-03-31",
                "inst_nom": "ENSEMBLE SPORTIF DU GROUPE SCOLAIRE JOLIOT CURIE",
                "inst_siret": "21770294300085",
                "inst_adresse": "AVENUE DES PRIMEVERES",
                "inst_cp": "77290",
                "new_name": "Mitry-Mory",
                "new_code": "77294",
                "inst_part_type_filter": [
                    "Etablissement scolaire"
                ],
                "inst_uai": "0770192R",
                "inst_acc_handi_type": "[\"Handicap moteur\"]",
                "inst_trans_type": "[\"Bus\"]",
                "inst_obs": null,
                "inst_date_etat": "2024-04-11",
                "inst_date_creation": "2005-09-22",
                "inst_hs_bool": "false",
                "epci_code": "200055655",
                "dep_code": "77",
                "dep_nom": "Seine-et-Marne",
                "reg_code": "11",
                "reg_nom": "\u00cele-de-France",
                "epci_nom": "CA Roissy Pays de France",
                "code_bdv": "75056",
                "lib_bdv": "Paris",
                "arr_code": "771",
                "arr_name": "Meaux",
                "dens_niveau": 1,
                "dens_lib": "Grands centres urbains",
                "dep_code_filled": "77",
                "aca_nom": "Acad\u00e9mie de Cr\u00e9teil",
                "zrr_simp": "NC - Commune non class\u00e9e",
                "equip_nom": "Salle polyvalente",
                "equip_type_name": "Salles polyvalentes \/ des f\u00eates \/ non sp\u00e9cialis\u00e9es",
                "equip_prop_nom": "Commune de Mitry-Mory",
                "equip_prop_type": "Commune",
                "equip_propsec_type": null,
                "equip_gest_type": "Commune",
                "equip_cogest_type": null,
                "equip_dsp": "false",
                "equip_ouv_public_bool": "true",
                "equip_erp_type": "[\"PA\"]",
                "equip_erp_cat": 5,
                "equip_homo_date": null,
                "equip_homo_periode": null,
                "equip_service_date": "1960",
                "equip_service_periode": "1945-1964",
                "equip_travaux_date": null,
                "equip_travaux_periode": null,
                "equip_travaux_type": null,
                "equip_energie": null,
                "equip_nature": "Ext\u00e9rieur couvert",
                "equip_sol": "B\u00e9ton",
                "equip_long": 60.0,
                "equip_larg": 15.0,
                "equip_haut": 2.0,
                "equip_surf": 900.0,
                "equip_eclair": "true",
                "equip_piste_nb": null,
                "equip_trib_nb": 0,
                "equip_vest_sport": 0,
                "equip_vest_ens": 0,
                "equip_douche": "false",
                "equip_sanit": "true",
                "equip_loc_type": null,
                "equip_conf_type": null,
                "equip_acces_handi_mobilite": "Aire de jeu",
                "equip_acces_handi_sensoriel": null,
                "equip_pdesi_pdipr": null,
                "equip_bassin_long": null,
                "equip_bassin_larg": null,
                "equip_bassin_surf": null,
                "equip_bassin_min": null,
                "equip_bassin_max": null,
                "equip_piste_long": null,
                "equip_sae_haut": null,
                "equip_sae_surf": null,
                "equip_sae_couloir": null,
                "equip_pasdetir": null,
                "equip_url": "http:\/\/ecolejcmitry.free.fr\/joliot\/",
                "equip_utilisateur": "[\"Clubs sportifs,comit\u00e9s,ligues,f\u00e9d\u00e9rations,Scolaires,universit\u00e9s\"]",
                "equip_acc_libre": "false",
                "equip_saison": "false",
                "equip_obs": null,
                "equip_type_famille": "Salle non sp\u00e9cialis\u00e9e",
                "equip_type_code": "2201",
                "equip_rnb": null,
                "inst_acc_handi_bool": "true",
                "inst_trans_bool": "true",
                "inst_part_bool": "true",
                "equip_loc_bool": "false",
                "equip_pmr_vest": "false",
                "equip_pmr_acc": "false",
                "equip_pmr_aire": "true",
                "equip_pmr_chem": "false",
                "equip_pmr_douche": "false",
                "equip_pmr_sanit": "false",
                "equip_pmr_trib": "false",
                "equip_pshs_aire": "false",
                "equip_pshs_chem": "false",
                "equip_pshs_sanit": "false",
                "equip_pshs_sign": "false",
                "equip_pshs_trib": "false",
                "equip_pshs_vest": "false",
                "equip_x": "2.60317772627",
                "equip_y": "48.9554670295",
                "inst_part_type": "[\"Etablissement scolaire\"]",
                "aps_name": [
                    "Boxe fran\u00e7aise savate",
                    "Judo \/ Jujitsu \/ Ta\u00efso",
                    "Karat\u00e9\/Karat\u00e9 jutsu\/Goshin jutsu\/Kobudo\/Nihon Tai-jutsu\/Taijitsu\/Nambudo\/Ninjutsu\/Nunchaku\/..."
                ],
                "equip_qpv": null,
                "equip_qpv_200m": null,
                "categorie": null,
                "gen_2024fin_labellisation": null
            }
        },
        {
            "type": "Feature",
            "geometry": {
                "type": "Point",
                "coordinates": [
                    2.73452,
                    48.85628
                ]
            },
            "properties": {
                "equip_numero": "E001I770850002",
                "inst_numero": "I770850002",
                "inst_enqu_date": "2025-03-31",
                "inst_nom": "SALLE ROGER FRISON ROCHE",
                "inst_siret": null,
                "inst_adresse": "ROUTE DU MOULIN BOURCIER",
                "inst_cp": "77600",
                "new_name": "Chanteloup-en-Brie",
                "new_code": "77085",
                "inst_part_type_filter": null,
                "inst_uai": null,
                "inst_acc_handi_type": "[\"Handicap moteur\"]",
                "inst_trans_type": null,
                "inst_obs": null,
                "inst_date_etat": "2019-06-18",
                "inst_date_creation": "2005-09-22",
                "inst_hs_bool": null,
                "epci_code": "247700594",
                "dep_code": "77",
                "dep_nom": "Seine-et-Marne",
                "reg_code": "11",
                "reg_nom": "\u00cele-de-France",
                "epci_nom": "CA Marne et Gondoire",
                "code_bdv": "75056",
                "lib_bdv": "Paris",
                "arr_code": "775",
                "arr_name": "Torcy",
                "dens_niveau": 1,
                "dens_lib": "Grands centres urbains",
                "dep_code_filled": "77",
                "aca_nom": "Acad\u00e9mie de Cr\u00e9teil",
                "zrr_simp": "NC - Commune non class\u00e9e",
                "equip_nom": "SALLE DE SPORTS",
                "equip_type_name": "Salle multisports (gymnase)",
                "equip_prop_nom": "MAIRIE CHANTELOUP EN BRIE",
                "equip_prop_type": "Commune",
                "equip_propsec_type": null,
                "equip_gest_type": "Commune",
                "equip_cogest_type": null,
                "equip_dsp": "false",
                "equip_ouv_public_bool": "true",
                "equip_erp_type": "[\"L\"]",
                "equip_erp_cat": null,
                "equip_homo_date": null,
                "equip_homo_periode": null,
                "equip_service_date": "1998",
                "equip_service_periode": "1995-2004",
                "equip_travaux_date": null,
                "equip_travaux_periode": null,
                "equip_travaux_type": null,
                "equip_energie": "[\"Electricit\u00e9\"]",
                "equip_nature": "Int\u00e9rieur",
                "equip_sol": null,
                "equip_long": 20.0,
                "equip_larg": 15.0,
                "equip_haut": 6.0,
                "equip_surf": 303.0,
                "equip_eclair": "true",
                "equip_piste_nb": null,
                "equip_trib_nb": 0,
                "equip_vest_sport": 2,
                "equip_vest_ens": 1,
                "equip_douche": "true",
                "equip_sanit": "true",
                "equip_loc_type": "[\"Local de rangement\"]",
                "equip_conf_type": null,
                "equip_acces_handi_mobilite": "Aire de jeu,Cheminements,Douches,Sanitaires,Vestiaires",
                "equip_acces_handi_sensoriel": "Sanitaires",
                "equip_pdesi_pdipr": null,
                "equip_bassin_long": null,
                "equip_bassin_larg": null,
                "equip_bassin_surf": null,
                "equip_bassin_min": null,
                "equip_bassin_max": null,
                "equip_piste_long": null,
                "equip_sae_haut": null,
                "equip_sae_surf": null,
                "equip_sae_couloir": null,
                "equip_pasdetir": null,
                "equip_url": null,
                "equip_utilisateur": "[\"Clubs sportifs,comit\u00e9s,ligues,f\u00e9d\u00e9rations,Scolaires,universit\u00e9s\"]",
                "equip_acc_libre": "false",
                "equip_saison": "false",
                "equip_obs": null,
                "equip_type_famille": "Salle multisports",
                "equip_type_code": "1901",
                "equip_rnb": "ANEFR8TYY4T7",
                "inst_acc_handi_bool": "true",
                "inst_trans_bool": "false",
                "inst_part_bool": "false",
                "equip_loc_bool": "true",
                "equip_pmr_vest": "true",
                "equip_pmr_acc": "false",
                "equip_pmr_aire": "true",
                "equip_pmr_chem": "true",
                "equip_pmr_douche": "true",
                "equip_pmr_sanit": "true",
                "equip_pmr_trib": "false",
                "equip_pshs_aire": "false",
                "equip_pshs_chem": "false",
                "equip_pshs_sanit": "true",
                "equip_pshs_sign": "false",
                "equip_pshs_trib": "false",
                "equip_pshs_vest": "false",
                "equip_x": "2.73452",
                "equip_y": "48.85628",
                "inst_part_type": null,
                "aps_name": [
                    "Activit\u00e9s de forme et de sant\u00e9",
                    "Autres Danses",
                    "Judo \/ Jujitsu \/ Ta\u00efso",
                    "Karat\u00e9\/Karat\u00e9 jutsu\/Goshin jutsu\/Kobudo\/Nihon Tai-jutsu\/Taijitsu\/Nambudo\/Ninjutsu\/Nunchaku\/...",
                    "Kendo \/ Ia\u00efdo \/ Naginata \/ Jodo \/ Sport chanbara",
                    "Tennis de table"
                ],
                "equip_qpv": null,
                "equip_qpv_200m": null,
                "categorie": "structurant",
                "gen_2024fin_labellisation": null
            }
        },
        {
            "type": "Feature",
            "geometry": {
                "type": "Point",
                "coordinates": [
                    2.80865,
                    48.8994
                ]
            },
            "properties": {
                "equip_numero": "E001I771710001",
                "inst_numero": "I771710001",
                "inst_enqu_date": "2025-03-31",
                "inst_nom": "ESPACE JEAN JACQUES LITZLER",
                "inst_siret": null,
                "inst_adresse": "CHEMIN D'AULNOYE",
                "inst_cp": "77450",
                "new_name": "Esbly",
                "new_code": "77171",
                "inst_part_type_filter": null,
                "inst_uai": null,
                "inst_acc_handi_type": "[\"Handicap moteur\"]",
                "inst_trans_type": null,
                "inst_obs": null,
                "inst_date_etat": "2015-05-10",
                "inst_date_creation": "2005-09-22",
                "inst_hs_bool": null,
                "epci_code": "247700339",
                "dep_code": "77",
                "dep_nom": "Seine-et-Marne",
                "reg_code": "11",
                "reg_nom": "\u00cele-de-France",
                "epci_nom": "CA Val d'Europe Agglom\u00e9ration",
                "code_bdv": "77171",
                "lib_bdv": "Esbly",
                "arr_code": "775",
                "arr_name": "Torcy",
                "dens_niveau": 2,
                "dens_lib": "Centres urbains interm\u00e9diaires",
                "dep_code_filled": "77",
                "aca_nom": "Acad\u00e9mie de Cr\u00e9teil",
                "zrr_simp": "NC - Commune non class\u00e9e",
                "equip_nom": "SALLE D'ARTS MARTIAUX",
                "equip_type_name": "Dojo \/ Salle d'arts martiaux",
                "equip_prop_nom": null,
                "equip_prop_type": "Commune",
                "equip_propsec_type": null,
                "equip_gest_type": "Commune",
                "equip_cogest_type": null,
                "equip_dsp": "false",
                "equip_ouv_public_bool": "true",
                "equip_erp_type": "[\"X\"]",
                "equip_erp_cat": 5,
                "equip_homo_date": null,
                "equip_homo_periode": null,
                "equip_service_date": "1990",
                "equip_service_periode": "1985-1994",
                "equip_travaux_date": null,
                "equip_travaux_periode": null,
                "equip_travaux_type": null,
                "equip_energie": "[\"Gaz\"]",
                "equip_nature": "Int\u00e9rieur",
                "equip_sol": "Parquet",
                "equip_long": 20.0,
                "equip_larg": 16.0,
                "equip_haut": 3.0,
                "equip_surf": 320.0,
                "equip_eclair": "true",
                "equip_piste_nb": null,
                "equip_trib_nb": 0,
                "equip_vest_sport": 2,
                "equip_vest_ens": 0,
                "equip_douche": "true",
                "equip_sanit": "true",
                "equip_loc_type": null,
                "equip_conf_type": null,
                "equip_acces_handi_mobilite": "Aire de jeu,Cheminements",
                "equip_acces_handi_sensoriel": null,
                "equip_pdesi_pdipr": null,
                "equip_bassin_long": null,
                "equip_bassin_larg": null,
                "equip_bassin_surf": null,
                "equip_bassin_min": null,
                "equip_bassin_max": null,
                "equip_piste_long": null,
                "equip_sae_haut": null,
                "equip_sae_surf": null,
                "equip_sae_couloir": null,
                "equip_pasdetir": null,
                "equip_url": "http:\/\/www.esbly.org",
                "equip_utilisateur": "[\"Clubs sportifs,comit\u00e9s,ligues,f\u00e9d\u00e9rations\"]",
                "equip_acc_libre": "false",
                "equip_saison": "false",
                "equip_obs": null,
                "equip_type_famille": "Salle de combat",
                "equip_type_code": "1801",
                "equip_rnb": null,
                "inst_acc_handi_bool": "true",
                "inst_trans_bool": "false",
                "inst_part_bool": "false",
                "equip_loc_bool": "false",
                "equip_pmr_vest": "false",
                "equip_pmr_acc": "false",
                "equip_pmr_aire": "true",
                "equip_pmr_chem": "true",
                "equip_pmr_douche": "false",
                "equip_pmr_sanit": "false",
                "equip_pmr_trib": "false",
                "equip_pshs_aire": "false",
                "equip_pshs_chem": "false",
                "equip_pshs_sanit": "false",
                "equip_pshs_sign": "false",
                "equip_pshs_trib": "false",
                "equip_pshs_vest": "false",
                "equip_x": "2.80865",
                "equip_y": "48.8994",
                "inst_part_type": null,
                "aps_name": [
                    "Activit\u00e9s de forme et de sant\u00e9",
                    "Boxe Anglaise",
                    "Judo \/ Jujitsu \/ Ta\u00efso"
                ],
                "equip_qpv": null,
                "equip_qpv_200m": null,
                "categorie": null,
                "gen_2024fin_labellisation": null
            }
        },
        {
            "type": "Feature",
            "geometry": {
                "type": "Point",
                "coordinates": [
                    2.69912,
                    48.82309
                ]
            },
            "properties": {
                "equip_numero": "E001I771810003",
                "inst_numero": "I771810003",
                "inst_enqu_date": "2025-03-31",
                "inst_nom": "DOJO",
                "inst_siret": null,
                "inst_adresse": "ROUTE DE LA BROSSE",
                "inst_cp": "77164",
                "new_name": "Ferri\u00e8res-en-Brie",
                "new_code": "77181",
                "inst_part_type_filter": null,
                "inst_uai": null,
                "inst_acc_handi_type": "[\"Handicap moteur\"]",
                "inst_trans_type": "[\"Bus\"]",
                "inst_obs": null,
                "inst_date_etat": "2014-10-08",
                "inst_date_creation": "2005-09-22",
                "inst_hs_bool": null,
                "epci_code": "247700594",
                "dep_code": "77",
                "dep_nom": "Seine-et-Marne",
                "reg_code": "11",
                "reg_nom": "\u00cele-de-France",
                "epci_nom": "CA Marne et Gondoire",
                "code_bdv": "75056",
                "lib_bdv": "Paris",
                "arr_code": "775",
                "arr_name": "Torcy",
                "dens_niveau": 4,
                "dens_lib": "Ceintures urbaines",
                "dep_code_filled": "77",
                "aca_nom": "Acad\u00e9mie de Cr\u00e9teil",
                "zrr_simp": "NC - Commune non class\u00e9e",
                "equip_nom": "DOJO",
                "equip_type_name": "Dojo \/ Salle d'arts martiaux",
                "equip_prop_nom": null,
                "equip_prop_type": "Commune",
                "equip_propsec_type": null,
                "equip_gest_type": "Commune",
                "equip_cogest_type": null,
                "equip_dsp": "false",
                "equip_ouv_public_bool": "true",
                "equip_erp_type": null,
                "equip_erp_cat": null,
                "equip_homo_date": null,
                "equip_homo_periode": null,
                "equip_service_date": "1974",
                "equip_service_periode": "1965-1974",
                "equip_travaux_date": "2010",
                "equip_travaux_periode": "A partir de 2005",
                "equip_travaux_type": "[\"Inadaptation aux attentes des usagers\"]",
                "equip_energie": "[\"Electricit\u00e9\"]",
                "equip_nature": "Int\u00e9rieur",
                "equip_sol": "Synth\u00e9tique (hors gazon)",
                "equip_long": 45.0,
                "equip_larg": 10.0,
                "equip_haut": 4.0,
                "equip_surf": 450.0,
                "equip_eclair": "true",
                "equip_piste_nb": null,
                "equip_trib_nb": 0,
                "equip_vest_sport": 2,
                "equip_vest_ens": 0,
                "equip_douche": "true",
                "equip_sanit": "true",
                "equip_loc_type": "[\"Bureau(x) Club(s)\", \"Local de rangement\"]",
                "equip_conf_type": null,
                "equip_acces_handi_mobilite": "Aire de jeu,Cheminements",
                "equip_acces_handi_sensoriel": null,
                "equip_pdesi_pdipr": null,
                "equip_bassin_long": null,
                "equip_bassin_larg": null,
                "equip_bassin_surf": null,
                "equip_bassin_min": null,
                "equip_bassin_max": null,
                "equip_piste_long": null,
                "equip_sae_haut": null,
                "equip_sae_surf": null,
                "equip_sae_couloir": null,
                "equip_pasdetir": null,
                "equip_url": null,
                "equip_utilisateur": "[\"Clubs sportifs,comit\u00e9s,ligues,f\u00e9d\u00e9rations,Scolaires,universit\u00e9s\"]",
                "equip_acc_libre": "false",
                "equip_saison": "false",
                "equip_obs": "EXTENSION DE LA SALLE EN 2010",
                "equip_type_famille": "Salle de combat",
                "equip_type_code": "1801",
                "equip_rnb": "716XNHS9GNSJ",
                "inst_acc_handi_bool": "true",
                "inst_trans_bool": "true",
                "inst_part_bool": "false",
                "equip_loc_bool": "true",
                "equip_pmr_vest": "false",
                "equip_pmr_acc": "false",
                "equip_pmr_aire": "true",
                "equip_pmr_chem": "true",
                "equip_pmr_douche": "false",
                "equip_pmr_sanit": "false",
                "equip_pmr_trib": "false",
                "equip_pshs_aire": "false",
                "equip_pshs_chem": "false",
                "equip_pshs_sanit": "false",
                "equip_pshs_sign": "false",
                "equip_pshs_trib": "false",
                "equip_pshs_vest": "false",
                "equip_x": "2.69912",
                "equip_y": "48.82309",
                "inst_part_type": null,
                "aps_name": [
                    "Judo \/ Jujitsu \/ Ta\u00efso",
                    "Karat\u00e9\/Karat\u00e9 jutsu\/Goshin jutsu\/Kobudo\/Nihon Tai-jutsu\/Taijitsu\/Nambudo\/Ninjutsu\/Nunchaku\/..."
                ],
                "equip_qpv": null,
                "equip_qpv_200m": null,
                "categorie": null,
                "gen_2024fin_labellisation": null
            }
        },
        {
            "type": "Feature",
            "geometry": {
                "type": "Point",
                "coordinates": [
                    2.94344,
                    48.9912
                ]
            },
            "properties": {
                "equip_numero": "E001I772030001",
                "inst_numero": "I772030001",
                "inst_enqu_date": "2025-03-31",
                "inst_nom": "SALLE POLYVALENTE",
                "inst_siret": null,
                "inst_adresse": "ALLEE DES NOYERS",
                "inst_cp": "77910",
                "new_name": "Germigny-l'\u00c9v\u00eaque",
                "new_code": "77203",
                "inst_part_type_filter": null,
                "inst_uai": null,
                "inst_acc_handi_type": "[\"Handicap moteur\"]",
                "inst_trans_type": "[\"Bus\"]",
                "inst_obs": null,
                "inst_date_etat": "2013-10-15",
                "inst_date_creation": "2005-09-22",
                "inst_hs_bool": null,
                "epci_code": "200072130",
                "dep_code": "77",
                "dep_nom": "Seine-et-Marne",
                "reg_code": "11",
                "reg_nom": "\u00cele-de-France",
                "epci_nom": "CA du Pays de Meaux",
                "code_bdv": "77284",
                "lib_bdv": "Meaux",
                "arr_code": "771",
                "arr_name": "Meaux",
                "dens_niveau": 5,
                "dens_lib": "Bourgs ruraux",
                "dep_code_filled": "77",
                "aca_nom": "Acad\u00e9mie de Cr\u00e9teil",
                "zrr_simp": "NC - Commune non class\u00e9e",
                "equip_nom": "SALLE POLYVALENTE",
                "equip_type_name": "Salles polyvalentes \/ des f\u00eates \/ non sp\u00e9cialis\u00e9es",
                "equip_prop_nom": null,
                "equip_prop_type": "Commune",
                "equip_propsec_type": null,
                "equip_gest_type": "Commune",
                "equip_cogest_type": null,
                "equip_dsp": "false",
                "equip_ouv_public_bool": "true",
                "equip_erp_type": "[\"L\"]",
                "equip_erp_cat": null,
                "equip_homo_date": null,
                "equip_homo_periode": null,
                "equip_service_date": "2011",
                "equip_service_periode": "A partir de 2005",
                "equip_travaux_date": null,
                "equip_travaux_periode": null,
                "equip_travaux_type": null,
                "equip_energie": "[\"Gaz\"]",
                "equip_nature": "Int\u00e9rieur",
                "equip_sol": "Carrelage",
                "equip_long": 14.0,
                "equip_larg": 10.0,
                "equip_haut": 5.0,
                "equip_surf": 140.0,
                "equip_eclair": "true",
                "equip_piste_nb": null,
                "equip_trib_nb": 0,
                "equip_vest_sport": 1,
                "equip_vest_ens": 0,
                "equip_douche": "false",
                "equip_sanit": "true",
                "equip_loc_type": "[\"Local de rangement\"]",
                "equip_conf_type": null,
                "equip_acces_handi_mobilite": "Aire de jeu",
                "equip_acces_handi_sensoriel": null,
                "equip_pdesi_pdipr": null,
                "equip_bassin_long": null,
                "equip_bassin_larg": null,
                "equip_bassin_surf": null,
                "equip_bassin_min": null,
                "equip_bassin_max": null,
                "equip_piste_long": null,
                "equip_sae_haut": null,
                "equip_sae_surf": null,
                "equip_sae_couloir": null,
                "equip_pasdetir": null,
                "equip_url": null,
                "equip_utilisateur": "[\"Clubs sportifs,comit\u00e9s,ligues,f\u00e9d\u00e9rations\"]",
                "equip_acc_libre": "false",
                "equip_saison": "false",
                "equip_obs": null,
                "equip_type_famille": "Salle non sp\u00e9cialis\u00e9e",
                "equip_type_code": "2201",
                "equip_rnb": "5FFSNF11T6KR",
                "inst_acc_handi_bool": "true",
                "inst_trans_bool": "true",
                "inst_part_bool": "false",
                "equip_loc_bool": "true",
                "equip_pmr_vest": "false",
                "equip_pmr_acc": "false",
                "equip_pmr_aire": "true",
                "equip_pmr_chem": "false",
                "equip_pmr_douche": "false",
                "equip_pmr_sanit": "false",
                "equip_pmr_trib": "false",
                "equip_pshs_aire": "false",
                "equip_pshs_chem": "false",
                "equip_pshs_sanit": "false",
                "equip_pshs_sign": "false",
                "equip_pshs_trib": "false",
                "equip_pshs_vest": "false",
                "equip_x": "2.94344",
                "equip_y": "48.9912",
                "inst_part_type": null,
                "aps_name": [
                    "Activit\u00e9s de forme et de sant\u00e9",
                    "Judo \/ Jujitsu \/ Ta\u00efso"
                ],
                "equip_qpv": null,
                "equip_qpv_200m": null,
                "categorie": null,
                "gen_2024fin_labellisation": null
            }
        },
        {
            "type": "Feature",
            "geometry": {
                "type": "Point",
                "coordinates": [
                    2.63055,
                    48.8368
                ]
            },
            "properties": {
                "equip_numero": "E001I772580002",
                "inst_numero": "I772580002",
                "inst_enqu_date": "2025-03-31",
                "inst_nom": "SALLE DES ARTS MARTIAUX",
                "inst_siret": null,
                "inst_adresse": "RUE DU SUFFRAGE UNIVERSEL",
                "inst_cp": "77185",
                "new_name": "Lognes",
                "new_code": "77258",
                "inst_part_type_filter": null,
                "inst_uai": null,
                "inst_acc_handi_type": null,
                "inst_trans_type": "[\"Bus\", \"Train\"]",
                "inst_obs": null,
                "inst_date_etat": "2024-04-24",
                "inst_date_creation": "2005-09-22",
                "inst_hs_bool": null,
                "epci_code": "200057958",
                "dep_code": "77",
                "dep_nom": "Seine-et-Marne",
                "reg_code": "11",
                "reg_nom": "\u00cele-de-France",
                "epci_nom": "CA Paris - Vall\u00e9e de la Marne",
                "code_bdv": "75056",
                "lib_bdv": "Paris",
                "arr_code": "775",
                "arr_name": "Torcy",
                "dens_niveau": 1,
                "dens_lib": "Grands centres urbains",
                "dep_code_filled": "77",
                "aca_nom": "Acad\u00e9mie de Cr\u00e9teil",
                "zrr_simp": "NC - Commune non class\u00e9e",
                "equip_nom": "SALLE DES ARTS MARTIAUX",
                "equip_type_name": "Dojo \/ Salle d'arts martiaux",
                "equip_prop_nom": null,
                "equip_prop_type": "Commune",
                "equip_propsec_type": null,
                "equip_gest_type": "Commune",
                "equip_cogest_type": null,
                "equip_dsp": "false",
                "equip_ouv_public_bool": "true",
                "equip_erp_type": "[\"X\"]",
                "equip_erp_cat": 3,
                "equip_homo_date": null,
                "equip_homo_periode": null,
                "equip_service_date": "1994",
                "equip_service_periode": "1985-1994",
                "equip_travaux_date": "2003",
                "equip_travaux_periode": "1995-2004",
                "equip_travaux_type": null,
                "equip_energie": "[\"Autre\"]",
                "equip_nature": "Int\u00e9rieur",
                "equip_sol": "Synth\u00e9tique (hors gazon)",
                "equip_long": 20.0,
                "equip_larg": 17.0,
                "equip_haut": 4.0,
                "equip_surf": 340.0,
                "equip_eclair": "true",
                "equip_piste_nb": null,
                "equip_trib_nb": 0,
                "equip_vest_sport": 2,
                "equip_vest_ens": 1,
                "equip_douche": "true",
                "equip_sanit": "true",
                "equip_loc_type": null,
                "equip_conf_type": null,
                "equip_acces_handi_mobilite": "Aire de jeu",
                "equip_acces_handi_sensoriel": null,
                "equip_pdesi_pdipr": null,
                "equip_bassin_long": null,
                "equip_bassin_larg": null,
                "equip_bassin_surf": null,
                "equip_bassin_min": null,
                "equip_bassin_max": null,
                "equip_piste_long": null,
                "equip_sae_haut": null,
                "equip_sae_surf": null,
                "equip_sae_couloir": null,
                "equip_pasdetir": null,
                "equip_url": null,
                "equip_utilisateur": "[\"Clubs sportifs,comit\u00e9s,ligues,f\u00e9d\u00e9rations,Scolaires,universit\u00e9s\"]",
                "equip_acc_libre": "false",
                "equip_saison": "false",
                "equip_obs": null,
                "equip_type_famille": "Salle de combat",
                "equip_type_code": "1801",
                "equip_rnb": "X6VPGSDE38QC",
                "inst_acc_handi_bool": "false",
                "inst_trans_bool": "true",
                "inst_part_bool": "false",
                "equip_loc_bool": "false",
                "equip_pmr_vest": "false",
                "equip_pmr_acc": "false",
                "equip_pmr_aire": "true",
                "equip_pmr_chem": "false",
                "equip_pmr_douche": "false",
                "equip_pmr_sanit": "false",
                "equip_pmr_trib": "false",
                "equip_pshs_aire": "false",
                "equip_pshs_chem": "false",
                "equip_pshs_sanit": "false",
                "equip_pshs_sign": "false",
                "equip_pshs_trib": "false",
                "equip_pshs_vest": "false",
                "equip_x": "2.63055",
                "equip_y": "48.8368",
                "inst_part_type": null,
                "aps_name": [
                    "Judo \/ Jujitsu \/ Ta\u00efso",
                    "Tai chi chuan \/ Chi gong"
                ],
                "equip_qpv": null,
                "equip_qpv_200m": null,
                "categorie": null,
                "gen_2024fin_labellisation": null
            }
        },
        {
            "type": "Feature",
            "geometry": {
                "type": "Point",
                "coordinates": [
                    2.873142,
                    48.96601
                ]
            },
            "properties": {
                "equip_numero": "E001I772840037",
                "inst_numero": "I772840037",
                "inst_enqu_date": "2025-03-31",
                "inst_nom": "DOJO (FROT)",
                "inst_siret": null,
                "inst_adresse": "RUE LOUIS BRAILLE",
                "inst_cp": "77100",
                "new_name": "Meaux",
                "new_code": "77284",
                "inst_part_type_filter": null,
                "inst_uai": null,
                "inst_acc_handi_type": "[\"Handicap moteur\"]",
                "inst_trans_type": "[\"Bus\", \"Train\"]",
                "inst_obs": null,
                "inst_date_etat": null,
                "inst_date_creation": "2013-12-16",
                "inst_hs_bool": null,
                "epci_code": "200072130",
                "dep_code": "77",
                "dep_nom": "Seine-et-Marne",
                "reg_code": "11",
                "reg_nom": "\u00cele-de-France",
                "epci_nom": "CA du Pays de Meaux",
                "code_bdv": "77284",
                "lib_bdv": "Meaux",
                "arr_code": "771",
                "arr_name": "Meaux",
                "dens_niveau": 1,
                "dens_lib": "Grands centres urbains",
                "dep_code_filled": "77",
                "aca_nom": "Acad\u00e9mie de Cr\u00e9teil",
                "zrr_simp": "NC - Commune non class\u00e9e",
                "equip_nom": "DOJO",
                "equip_type_name": "Dojo \/ Salle d'arts martiaux",
                "equip_prop_nom": null,
                "equip_prop_type": "Commune",
                "equip_propsec_type": null,
                "equip_gest_type": "Commune",
                "equip_cogest_type": null,
                "equip_dsp": "false",
                "equip_ouv_public_bool": "true",
                "equip_erp_type": "[\"X\"]",
                "equip_erp_cat": 5,
                "equip_homo_date": null,
                "equip_homo_periode": null,
                "equip_service_date": "2012",
                "equip_service_periode": "A partir de 2005",
                "equip_travaux_date": null,
                "equip_travaux_periode": null,
                "equip_travaux_type": null,
                "equip_energie": "[\"Gaz\"]",
                "equip_nature": "Int\u00e9rieur",
                "equip_sol": "Synth\u00e9tique (hors gazon)",
                "equip_long": 35.0,
                "equip_larg": 8.6,
                "equip_haut": 7.0,
                "equip_surf": 300.0,
                "equip_eclair": null,
                "equip_piste_nb": null,
                "equip_trib_nb": 0,
                "equip_vest_sport": 2,
                "equip_vest_ens": 1,
                "equip_douche": "true",
                "equip_sanit": "true",
                "equip_loc_type": "[\"Club(s) house\"]",
                "equip_conf_type": null,
                "equip_acces_handi_mobilite": "Aire de jeu",
                "equip_acces_handi_sensoriel": null,
                "equip_pdesi_pdipr": null,
                "equip_bassin_long": null,
                "equip_bassin_larg": null,
                "equip_bassin_surf": null,
                "equip_bassin_min": null,
                "equip_bassin_max": null,
                "equip_piste_long": null,
                "equip_sae_haut": null,
                "equip_sae_surf": null,
                "equip_sae_couloir": null,
                "equip_pasdetir": null,
                "equip_url": null,
                "equip_utilisateur": "[\"Clubs sportifs,comit\u00e9s,ligues,f\u00e9d\u00e9rations,Scolaires,universit\u00e9s\"]",
                "equip_acc_libre": "false",
                "equip_saison": "false",
                "equip_obs": null,
                "equip_type_famille": "Salle de combat",
                "equip_type_code": "1801",
                "equip_rnb": null,
                "inst_acc_handi_bool": "true",
                "inst_trans_bool": "true",
                "inst_part_bool": "false",
                "equip_loc_bool": "true",
                "equip_pmr_vest": "false",
                "equip_pmr_acc": "false",
                "equip_pmr_aire": "true",
                "equip_pmr_chem": "false",
                "equip_pmr_douche": "false",
                "equip_pmr_sanit": "false",
                "equip_pmr_trib": "false",
                "equip_pshs_aire": "false",
                "equip_pshs_chem": "false",
                "equip_pshs_sanit": "false",
                "equip_pshs_sign": "false",
                "equip_pshs_trib": "false",
                "equip_pshs_vest": "false",
                "equip_x": "2.873142",
                "equip_y": "48.96601",
                "inst_part_type": null,
                "aps_name": [
                    "Judo \/ Jujitsu \/ Ta\u00efso"
                ],
                "equip_qpv": null,
                "equip_qpv_200m": null,
                "categorie": null,
                "gen_2024fin_labellisation": null
            }
        },
        {
            "type": "Feature",
            "geometry": {
                "type": "Point",
                "coordinates": [
                    2.57536,
                    48.62655
                ]
            },
            "properties": {
                "equip_numero": "E001I772960004",
                "inst_numero": "I772960004",
                "inst_enqu_date": "2025-03-31",
                "inst_nom": "DOJO JEAN JAURES",
                "inst_siret": null,
                "inst_adresse": "CHEMIN DES CHARMILLES",
                "inst_cp": "77550",
                "new_name": "Moissy-Cramayel",
                "new_code": "77296",
                "inst_part_type_filter": null,
                "inst_uai": null,
                "inst_acc_handi_type": null,
                "inst_trans_type": "[\"Train\", \"Bus\"]",
                "inst_obs": null,
                "inst_date_etat": "2024-05-10",
                "inst_date_creation": "2005-09-22",
                "inst_hs_bool": "false",
                "epci_code": "200059228",
                "dep_code": "77",
                "dep_nom": "Seine-et-Marne",
                "reg_code": "11",
                "reg_nom": "\u00cele-de-France",
                "epci_nom": "CA Grand Paris Sud Seine Essonne S\u00e9nart",
                "code_bdv": "75056",
                "lib_bdv": "Paris",
                "arr_code": "772",
                "arr_name": "Melun",
                "dens_niveau": 2,
                "dens_lib": "Centres urbains interm\u00e9diaires",
                "dep_code_filled": "77",
                "aca_nom": "Acad\u00e9mie de Cr\u00e9teil",
                "zrr_simp": "NC - Commune non class\u00e9e",
                "equip_nom": "DOJO",
                "equip_type_name": "Dojo \/ Salle d'arts martiaux",
                "equip_prop_nom": "Commune de Moissy-Cramayel",
                "equip_prop_type": "Commune",
                "equip_propsec_type": null,
                "equip_gest_type": "Commune",
                "equip_cogest_type": null,
                "equip_dsp": "false",
                "equip_ouv_public_bool": "true",
                "equip_erp_type": "[\"X\"]",
                "equip_erp_cat": 4,
                "equip_homo_date": null,
                "equip_homo_periode": null,
                "equip_service_date": "1985",
                "equip_service_periode": "1985-1994",
                "equip_travaux_date": null,
                "equip_travaux_periode": null,
                "equip_travaux_type": null,
                "equip_energie": "[\"Gaz\"]",
                "equip_nature": "Int\u00e9rieur",
                "equip_sol": "Synth\u00e9tique (hors gazon)",
                "equip_long": 32.0,
                "equip_larg": 24.0,
                "equip_haut": 6.0,
                "equip_surf": 768.0,
                "equip_eclair": "true",
                "equip_piste_nb": null,
                "equip_trib_nb": 0,
                "equip_vest_sport": 2,
                "equip_vest_ens": 1,
                "equip_douche": "true",
                "equip_sanit": "true",
                "equip_loc_type": null,
                "equip_conf_type": null,
                "equip_acces_handi_mobilite": null,
                "equip_acces_handi_sensoriel": null,
                "equip_pdesi_pdipr": null,
                "equip_bassin_long": null,
                "equip_bassin_larg": null,
                "equip_bassin_surf": null,
                "equip_bassin_min": null,
                "equip_bassin_max": null,
                "equip_piste_long": null,
                "equip_sae_haut": null,
                "equip_sae_surf": null,
                "equip_sae_couloir": null,
                "equip_pasdetir": null,
                "equip_url": "www.moissy-cramayel.fr",
                "equip_utilisateur": "[\"Clubs sportifs,comit\u00e9s,ligues,f\u00e9d\u00e9rations,Scolaires,universit\u00e9s,Autre - association(s) et groupes divers\"]",
                "equip_acc_libre": "false",
                "equip_saison": "false",
                "equip_obs": "Centre de Pr\u00e9paration aux Jeux (CPJ)",
                "equip_type_famille": "Salle de combat",
                "equip_type_code": "1801",
                "equip_rnb": "21J9DJC3NG2Q",
                "inst_acc_handi_bool": "false",
                "inst_trans_bool": "true",
                "inst_part_bool": "false",
                "equip_loc_bool": "false",
                "equip_pmr_vest": "false",
                "equip_pmr_acc": "false",
                "equip_pmr_aire": "false",
                "equip_pmr_chem": "false",
                "equip_pmr_douche": "false",
                "equip_pmr_sanit": "false",
                "equip_pmr_trib": "false",
                "equip_pshs_aire": "false",
                "equip_pshs_chem": "false",
                "equip_pshs_sanit": "false",
                "equip_pshs_sign": "false",
                "equip_pshs_trib": "false",
                "equip_pshs_vest": "false",
                "equip_x": "2.57536",
                "equip_y": "48.62655",
                "inst_part_type": null,
                "aps_name": [
                    "Judo \/ Jujitsu \/ Ta\u00efso",
                    "Karat\u00e9\/Karat\u00e9 jutsu\/Goshin jutsu\/Kobudo\/Nihon Tai-jutsu\/Taijitsu\/Nambudo\/Ninjutsu\/Nunchaku\/..."
                ],
                "equip_qpv": null,
                "equip_qpv_200m": null,
                "categorie": null,
                "gen_2024fin_labellisation": null
            }
        },
        {
            "type": "Feature",
            "geometry": {
                "type": "Point",
                "coordinates": [
                    2.70441,
                    48.3022
                ]
            },
            "properties": {
                "equip_numero": "E001I773020002",
                "inst_numero": "I773020002",
                "inst_enqu_date": "2025-03-31",
                "inst_nom": "SALLE DE JUDO ET TENNIS",
                "inst_siret": null,
                "inst_adresse": "30 ROUTE DE MORET GROUPE SCOLAIRE PRIMAIRE LA CHENIERE",
                "inst_cp": "77140",
                "new_name": "Montcourt-Fromonville",
                "new_code": "77302",
                "inst_part_type_filter": null,
                "inst_uai": null,
                "inst_acc_handi_type": "[\"Handicap moteur\"]",
                "inst_trans_type": "[\"Bus\"]",
                "inst_obs": null,
                "inst_date_etat": "2014-09-23",
                "inst_date_creation": "2005-09-22",
                "inst_hs_bool": null,
                "epci_code": "200023240",
                "dep_code": "77",
                "dep_nom": "Seine-et-Marne",
                "reg_code": "11",
                "reg_nom": "\u00cele-de-France",
                "epci_nom": "CC Pays de Nemours",
                "code_bdv": "77333",
                "lib_bdv": "Nemours",
                "arr_code": "774",
                "arr_name": "Fontainebleau",
                "dens_niveau": 5,
                "dens_lib": "Bourgs ruraux",
                "dep_code_filled": "77",
                "aca_nom": "Acad\u00e9mie de Cr\u00e9teil",
                "zrr_simp": "NC - Commune non class\u00e9e",
                "equip_nom": "SALLE DE JUDO",
                "equip_type_name": "Dojo \/ Salle d'arts martiaux",
                "equip_prop_nom": null,
                "equip_prop_type": "Commune",
                "equip_propsec_type": null,
                "equip_gest_type": "Commune",
                "equip_cogest_type": null,
                "equip_dsp": "false",
                "equip_ouv_public_bool": "true",
                "equip_erp_type": "[\"L\"]",
                "equip_erp_cat": null,
                "equip_homo_date": null,
                "equip_homo_periode": null,
                "equip_service_date": "1994",
                "equip_service_periode": "1985-1994",
                "equip_travaux_date": null,
                "equip_travaux_periode": null,
                "equip_travaux_type": null,
                "equip_energie": "[\"Gaz\"]",
                "equip_nature": "Int\u00e9rieur",
                "equip_sol": "Parquet",
                "equip_long": 30.0,
                "equip_larg": 10.0,
                "equip_haut": 3.0,
                "equip_surf": 300.0,
                "equip_eclair": "true",
                "equip_piste_nb": null,
                "equip_trib_nb": 0,
                "equip_vest_sport": 2,
                "equip_vest_ens": 0,
                "equip_douche": "true",
                "equip_sanit": "true",
                "equip_loc_type": "[\"Local de rangement\"]",
                "equip_conf_type": null,
                "equip_acces_handi_mobilite": "Aire de jeu,Sanitaires",
                "equip_acces_handi_sensoriel": "Sanitaires",
                "equip_pdesi_pdipr": null,
                "equip_bassin_long": null,
                "equip_bassin_larg": null,
                "equip_bassin_surf": null,
                "equip_bassin_min": null,
                "equip_bassin_max": null,
                "equip_piste_long": null,
                "equip_sae_haut": null,
                "equip_sae_surf": null,
                "equip_sae_couloir": null,
                "equip_pasdetir": null,
                "equip_url": "http:\/\/www.moncourt-fromonville.fr",
                "equip_utilisateur": "[\"Individuel(s),famille(s),Clubs sportifs,comit\u00e9s,ligues,f\u00e9d\u00e9rations\"]",
                "equip_acc_libre": "false",
                "equip_saison": "false",
                "equip_obs": null,
                "equip_type_famille": "Salle de combat",
                "equip_type_code": "1801",
                "equip_rnb": null,
                "inst_acc_handi_bool": "true",
                "inst_trans_bool": "true",
                "inst_part_bool": "false",
                "equip_loc_bool": "true",
                "equip_pmr_vest": "false",
                "equip_pmr_acc": "false",
                "equip_pmr_aire": "true",
                "equip_pmr_chem": "false",
                "equip_pmr_douche": "false",
                "equip_pmr_sanit": "true",
                "equip_pmr_trib": "false",
                "equip_pshs_aire": "false",
                "equip_pshs_chem": "false",
                "equip_pshs_sanit": "true",
                "equip_pshs_sign": "false",
                "equip_pshs_trib": "false",
                "equip_pshs_vest": "false",
                "equip_x": "2.70441",
                "equip_y": "48.3022",
                "inst_part_type": null,
                "aps_name": [
                    "Judo \/ Jujitsu \/ Ta\u00efso",
                    "Karat\u00e9\/Karat\u00e9 jutsu\/Goshin jutsu\/Kobudo\/Nihon Tai-jutsu\/Taijitsu\/Nambudo\/Ninjutsu\/Nunchaku\/..."
                ],
                "equip_qpv": null,
                "equip_qpv_200m": null,
                "categorie": null,
                "gen_2024fin_labellisation": null
            }
        },
        {
            "type": "Feature",
            "geometry": {
                "type": "Point",
                "coordinates": [
                    2.66777,
                    49.0801
                ]
            },
            "properties": {
                "equip_numero": "E001I773490006",
                "inst_numero": "I773490006",
                "inst_enqu_date": "2025-03-31",
                "inst_nom": "DOJO",
                "inst_siret": null,
                "inst_adresse": "RUE DU GRAND PRE",
                "inst_cp": "77280",
                "new_name": "Othis",
                "new_code": "77349",
                "inst_part_type_filter": null,
                "inst_uai": null,
                "inst_acc_handi_type": "[\"Handicap moteur\"]",
                "inst_trans_type": "[\"Bus\"]",
                "inst_obs": null,
                "inst_date_etat": "2015-07-07",
                "inst_date_creation": "2005-09-22",
                "inst_hs_bool": null,
                "epci_code": "200055655",
                "dep_code": "77",
                "dep_nom": "Seine-et-Marne",
                "reg_code": "11",
                "reg_nom": "\u00cele-de-France",
                "epci_nom": "CA Roissy Pays de France",
                "code_bdv": "77153",
                "lib_bdv": "Dammartin-en-Go\u00eble",
                "arr_code": "771",
                "arr_name": "Meaux",
                "dens_niveau": 4,
                "dens_lib": "Ceintures urbaines",
                "dep_code_filled": "77",
                "aca_nom": "Acad\u00e9mie de Cr\u00e9teil",
                "zrr_simp": "NC - Commune non class\u00e9e",
                "equip_nom": "DOJO",
                "equip_type_name": "Dojo \/ Salle d'arts martiaux",
                "equip_prop_nom": null,
                "equip_prop_type": "Commune",
                "equip_propsec_type": null,
                "equip_gest_type": "Commune",
                "equip_cogest_type": null,
                "equip_dsp": "false",
                "equip_ouv_public_bool": "true",
                "equip_erp_type": "[\"X\"]",
                "equip_erp_cat": 5,
                "equip_homo_date": null,
                "equip_homo_periode": null,
                "equip_service_date": "1997",
                "equip_service_periode": "1995-2004",
                "equip_travaux_date": null,
                "equip_travaux_periode": null,
                "equip_travaux_type": null,
                "equip_energie": "[\"Electricit\u00e9\"]",
                "equip_nature": "Int\u00e9rieur",
                "equip_sol": "Synth\u00e9tique (hors gazon)",
                "equip_long": 29.0,
                "equip_larg": 28.0,
                "equip_haut": 7.0,
                "equip_surf": 817.0,
                "equip_eclair": "true",
                "equip_piste_nb": null,
                "equip_trib_nb": 0,
                "equip_vest_sport": 2,
                "equip_vest_ens": 0,
                "equip_douche": "true",
                "equip_sanit": "true",
                "equip_loc_type": null,
                "equip_conf_type": null,
                "equip_acces_handi_mobilite": "Aire de jeu,Cheminements",
                "equip_acces_handi_sensoriel": null,
                "equip_pdesi_pdipr": null,
                "equip_bassin_long": null,
                "equip_bassin_larg": null,
                "equip_bassin_surf": null,
                "equip_bassin_min": null,
                "equip_bassin_max": null,
                "equip_piste_long": null,
                "equip_sae_haut": null,
                "equip_sae_surf": null,
                "equip_sae_couloir": null,
                "equip_pasdetir": null,
                "equip_url": "http:\/\/www.othis.fr\/equipements-communaux.htm?Famille=722&order=A.Nom&page=1",
                "equip_utilisateur": "[\"Clubs sportifs,comit\u00e9s,ligues,f\u00e9d\u00e9rations,Scolaires,universit\u00e9s\"]",
                "equip_acc_libre": "false",
                "equip_saison": "false",
                "equip_obs": null,
                "equip_type_famille": "Salle de combat",
                "equip_type_code": "1801",
                "equip_rnb": null,
                "inst_acc_handi_bool": "true",
                "inst_trans_bool": "true",
                "inst_part_bool": "false",
                "equip_loc_bool": "false",
                "equip_pmr_vest": "false",
                "equip_pmr_acc": "false",
                "equip_pmr_aire": "true",
                "equip_pmr_chem": "true",
                "equip_pmr_douche": "false",
                "equip_pmr_sanit": "false",
                "equip_pmr_trib": "false",
                "equip_pshs_aire": "false",
                "equip_pshs_chem": "false",
                "equip_pshs_sanit": "false",
                "equip_pshs_sign": "false",
                "equip_pshs_trib": "false",
                "equip_pshs_vest": "false",
                "equip_x": "2.66777",
                "equip_y": "49.0801",
                "inst_part_type": null,
                "aps_name": [
                    "Boxe Anglaise",
                    "Judo \/ Jujitsu \/ Ta\u00efso",
                    "Karat\u00e9\/Karat\u00e9 jutsu\/Goshin jutsu\/Kobudo\/Nihon Tai-jutsu\/Taijitsu\/Nambudo\/Ninjutsu\/Nunchaku\/..."
                ],
                "equip_qpv": null,
                "equip_qpv_200m": null,
                "categorie": null,
                "gen_2024fin_labellisation": null
            }
        },
        {
            "type": "Feature",
            "geometry": {
                "type": "Point",
                "coordinates": [
                    2.66882,
                    48.76657
                ]
            },
            "properties": {
                "equip_numero": "E001I773500006",
                "inst_numero": "I773500006",
                "inst_enqu_date": "2025-03-31",
                "inst_nom": "GYMNASE ANQUETIL - COSEC",
                "inst_siret": null,
                "inst_adresse": "2 route de roissy",
                "inst_cp": "77330",
                "new_name": "Ozoir-la-Ferri\u00e8re",
                "new_code": "77350",
                "inst_part_type_filter": [
                    "Complexe sportif"
                ],
                "inst_uai": null,
                "inst_acc_handi_type": "[\"Handicap moteur\"]",
                "inst_trans_type": "[\"Bus\"]",
                "inst_obs": "A d\u00e9clarer prochainement: plateau d'escrime",
                "inst_date_etat": "2024-01-02",
                "inst_date_creation": "2005-09-22",
                "inst_hs_bool": null,
                "epci_code": "200023125",
                "dep_code": "77",
                "dep_nom": "Seine-et-Marne",
                "reg_code": "11",
                "reg_nom": "\u00cele-de-France",
                "epci_nom": "CC Les Portes Briardes entre Villes et For\u00eats",
                "code_bdv": "75056",
                "lib_bdv": "Paris",
                "arr_code": "775",
                "arr_name": "Torcy",
                "dens_niveau": 2,
                "dens_lib": "Centres urbains interm\u00e9diaires",
                "dep_code_filled": "77",
                "aca_nom": "Acad\u00e9mie de Cr\u00e9teil",
                "zrr_simp": "NC - Commune non class\u00e9e",
                "equip_nom": "GRANDE SALLE",
                "equip_type_name": "Salle multisports (gymnase)",
                "equip_prop_nom": null,
                "equip_prop_type": "Commune",
                "equip_propsec_type": null,
                "equip_gest_type": "Commune",
                "equip_cogest_type": null,
                "equip_dsp": null,
                "equip_ouv_public_bool": null,
                "equip_erp_type": "[\"X\"]",
                "equip_erp_cat": 5,
                "equip_homo_date": null,
                "equip_homo_periode": null,
                "equip_service_date": "1995",
                "equip_service_periode": "1995-2004",
                "equip_travaux_date": "2023",
                "equip_travaux_periode": null,
                "equip_travaux_type": null,
                "equip_energie": null,
                "equip_nature": "Int\u00e9rieur",
                "equip_sol": "Synth\u00e9tique (hors gazon)",
                "equip_long": 44.0,
                "equip_larg": 24.0,
                "equip_haut": 7.0,
                "equip_surf": 1056.0,
                "equip_eclair": "true",
                "equip_piste_nb": null,
                "equip_trib_nb": 350,
                "equip_vest_sport": null,
                "equip_vest_ens": 0,
                "equip_douche": "true",
                "equip_sanit": "true",
                "equip_loc_type": null,
                "equip_conf_type": null,
                "equip_acces_handi_mobilite": "Accueil,Aire de jeu",
                "equip_acces_handi_sensoriel": null,
                "equip_pdesi_pdipr": null,
                "equip_bassin_long": null,
                "equip_bassin_larg": null,
                "equip_bassin_surf": null,
                "equip_bassin_min": null,
                "equip_bassin_max": null,
                "equip_piste_long": null,
                "equip_sae_haut": null,
                "equip_sae_surf": null,
                "equip_sae_couloir": null,
                "equip_pasdetir": null,
                "equip_url": null,
                "equip_utilisateur": "[\"Clubs sportifs,comit\u00e9s,ligues,f\u00e9d\u00e9rations,Scolaires,universit\u00e9s\"]",
                "equip_acc_libre": "false",
                "equip_saison": "false",
                "equip_obs": null,
                "equip_type_famille": "Salle multisports",
                "equip_type_code": "1901",
                "equip_rnb": "5BJ5MM8QX7GC",
                "inst_acc_handi_bool": "true",
                "inst_trans_bool": "true",
                "inst_part_bool": "true",
                "equip_loc_bool": "false",
                "equip_pmr_vest": "false",
                "equip_pmr_acc": "true",
                "equip_pmr_aire": "true",
                "equip_pmr_chem": "false",
                "equip_pmr_douche": "false",
                "equip_pmr_sanit": "false",
                "equip_pmr_trib": "false",
                "equip_pshs_aire": "false",
                "equip_pshs_chem": "false",
                "equip_pshs_sanit": "false",
                "equip_pshs_sign": "false",
                "equip_pshs_trib": "false",
                "equip_pshs_vest": "false",
                "equip_x": "2.66882",
                "equip_y": "48.76657",
                "inst_part_type": "[\"Complexe sportif\"]",
                "aps_name": [
                    "Basket-Ball",
                    "Football \/ Football en salle (Futsal)",
                    "Handball \/ Mini hand \/ Handball de plage",
                    "Judo \/ Jujitsu \/ Ta\u00efso",
                    "Tir \u00e0 l'arc",
                    "Volley-ball \/ Volley-ball de plage (beach-volley) \/ Green-Volley"
                ],
                "equip_qpv": null,
                "equip_qpv_200m": null,
                "categorie": "structurant",
                "gen_2024fin_labellisation": null
            }
        },
        {
            "type": "Feature",
            "geometry": {
                "type": "Point",
                "coordinates": [
                    2.881501,
                    48.611125
                ]
            },
            "properties": {
                "equip_numero": "E006I773170001",
                "inst_numero": "I773170001",
                "inst_enqu_date": "2025-03-31",
                "inst_nom": "COMPLEXE SPORTIF COUTROT",
                "inst_siret": null,
                "inst_adresse": "RUE GUIGNEVEAUX",
                "inst_cp": "77720",
                "new_name": "Mormant",
                "new_code": "77317",
                "inst_part_type_filter": null,
                "inst_uai": null,
                "inst_acc_handi_type": "[\"Handicap moteur\"]",
                "inst_trans_type": "[\"Bus\"]",
                "inst_obs": null,
                "inst_date_etat": "2016-02-19",
                "inst_date_creation": "2005-09-22",
                "inst_hs_bool": null,
                "epci_code": "247700701",
                "dep_code": "77",
                "dep_nom": "Seine-et-Marne",
                "reg_code": "11",
                "reg_nom": "\u00cele-de-France",
                "epci_nom": "CC Brie Nangissienne",
                "code_bdv": "77327",
                "lib_bdv": "Nangis",
                "arr_code": "773",
                "arr_name": "Provins",
                "dens_niveau": 5,
                "dens_lib": "Bourgs ruraux",
                "dep_code_filled": "77",
                "aca_nom": "Acad\u00e9mie de Cr\u00e9teil",
                "zrr_simp": "NC - Commune non class\u00e9e",
                "equip_nom": "DOJO",
                "equip_type_name": "Dojo \/ Salle d'arts martiaux",
                "equip_prop_nom": null,
                "equip_prop_type": "Commune",
                "equip_propsec_type": "Association(s)",
                "equip_gest_type": "Commune",
                "equip_cogest_type": "Association(s)",
                "equip_dsp": "false",
                "equip_ouv_public_bool": "true",
                "equip_erp_type": "[\"X\"]",
                "equip_erp_cat": 5,
                "equip_homo_date": null,
                "equip_homo_periode": null,
                "equip_service_date": "1973",
                "equip_service_periode": "1965-1974",
                "equip_travaux_date": "2008",
                "equip_travaux_periode": "A partir de 2005",
                "equip_travaux_type": "[\"V\u00e9tust\u00e9 normale\", \"remise \u00e0 niveau\"]",
                "equip_energie": "[\"Gaz\"]",
                "equip_nature": "Int\u00e9rieur",
                "equip_sol": "B\u00e9ton",
                "equip_long": 20.0,
                "equip_larg": 13.5,
                "equip_haut": 6.0,
                "equip_surf": 270.0,
                "equip_eclair": "true",
                "equip_piste_nb": null,
                "equip_trib_nb": 0,
                "equip_vest_sport": 2,
                "equip_vest_ens": 0,
                "equip_douche": "true",
                "equip_sanit": "true",
                "equip_loc_type": "[\"R\u00e9ception \/ Accueil\", \"Bureau(x) Club(s)\", \"Club(s) house\", \"Local de rangement\", \"Salle(s) de r\u00e9union\/cours\"]",
                "equip_conf_type": null,
                "equip_acces_handi_mobilite": "Aire de jeu,Vestiaires",
                "equip_acces_handi_sensoriel": null,
                "equip_pdesi_pdipr": null,
                "equip_bassin_long": null,
                "equip_bassin_larg": null,
                "equip_bassin_surf": null,
                "equip_bassin_min": null,
                "equip_bassin_max": null,
                "equip_piste_long": null,
                "equip_sae_haut": null,
                "equip_sae_surf": null,
                "equip_sae_couloir": null,
                "equip_pasdetir": null,
                "equip_url": "www.ville-mormant.fr",
                "equip_utilisateur": "[\"Clubs sportifs,comit\u00e9s,ligues,f\u00e9d\u00e9rations,Scolaires,universit\u00e9s,Autre - association(s) et groupes divers\"]",
                "equip_acc_libre": "false",
                "equip_saison": "false",
                "equip_obs": null,
                "equip_type_famille": "Salle de combat",
                "equip_type_code": "1801",
                "equip_rnb": "7J2AQVNYC6M2",
                "inst_acc_handi_bool": "true",
                "inst_trans_bool": "true",
                "inst_part_bool": "false",
                "equip_loc_bool": "true",
                "equip_pmr_vest": "true",
                "equip_pmr_acc": "false",
                "equip_pmr_aire": "true",
                "equip_pmr_chem": "false",
                "equip_pmr_douche": "false",
                "equip_pmr_sanit": "false",
                "equip_pmr_trib": "false",
                "equip_pshs_aire": "false",
                "equip_pshs_chem": "false",
                "equip_pshs_sanit": "false",
                "equip_pshs_sign": "false",
                "equip_pshs_trib": "false",
                "equip_pshs_vest": "false",
                "equip_x": "2.881501",
                "equip_y": "48.611125",
                "inst_part_type": null,
                "aps_name": [
                    "Judo \/ Jujitsu \/ Ta\u00efso"
                ],
                "equip_qpv": null,
                "equip_qpv_200m": null,
                "categorie": null,
                "gen_2024fin_labellisation": null
            }
        },
        {
            "type": "Feature",
            "geometry": {
                "type": "Point",
                "coordinates": [
                    2.8338,
                    49.0099
                ]
            },
            "properties": {
                "equip_numero": "E007I773090001",
                "inst_numero": "I773090001",
                "inst_enqu_date": "2025-03-31",
                "inst_nom": "STADE DES AVERNES",
                "inst_siret": null,
                "inst_adresse": "RUE BISCANNE",
                "inst_cp": "77122",
                "new_name": "Monthyon",
                "new_code": "77309",
                "inst_part_type_filter": null,
                "inst_uai": null,
                "inst_acc_handi_type": "[\"Handicap moteur\"]",
                "inst_trans_type": "[\"Bus\"]",
                "inst_obs": null,
                "inst_date_etat": "2013-02-14",
                "inst_date_creation": "2005-09-22",
                "inst_hs_bool": null,
                "epci_code": "200072130",
                "dep_code": "77",
                "dep_nom": "Seine-et-Marne",
                "reg_code": "11",
                "reg_nom": "\u00cele-de-France",
                "epci_nom": "CA du Pays de Meaux",
                "code_bdv": "77284",
                "lib_bdv": "Meaux",
                "arr_code": "771",
                "arr_name": "Meaux",
                "dens_niveau": 5,
                "dens_lib": "Bourgs ruraux",
                "dep_code_filled": "77",
                "aca_nom": "Acad\u00e9mie de Cr\u00e9teil",
                "zrr_simp": "NC - Commune non class\u00e9e",
                "equip_nom": "DOJO",
                "equip_type_name": "Dojo \/ Salle d'arts martiaux",
                "equip_prop_nom": null,
                "equip_prop_type": "Commune",
                "equip_propsec_type": null,
                "equip_gest_type": "Commune",
                "equip_cogest_type": null,
                "equip_dsp": "false",
                "equip_ouv_public_bool": "true",
                "equip_erp_type": "[\"X\"]",
                "equip_erp_cat": null,
                "equip_homo_date": null,
                "equip_homo_periode": null,
                "equip_service_date": "2006",
                "equip_service_periode": "A partir de 2005",
                "equip_travaux_date": null,
                "equip_travaux_periode": null,
                "equip_travaux_type": null,
                "equip_energie": null,
                "equip_nature": "Int\u00e9rieur",
                "equip_sol": "Synth\u00e9tique (hors gazon)",
                "equip_long": 20.0,
                "equip_larg": 12.0,
                "equip_haut": 4.0,
                "equip_surf": 240.0,
                "equip_eclair": "true",
                "equip_piste_nb": null,
                "equip_trib_nb": 0,
                "equip_vest_sport": 2,
                "equip_vest_ens": 0,
                "equip_douche": "true",
                "equip_sanit": "true",
                "equip_loc_type": "[\"Local de rangement\"]",
                "equip_conf_type": null,
                "equip_acces_handi_mobilite": "Aire de jeu,Sanitaires,Vestiaires",
                "equip_acces_handi_sensoriel": "Sanitaires",
                "equip_pdesi_pdipr": null,
                "equip_bassin_long": null,
                "equip_bassin_larg": null,
                "equip_bassin_surf": null,
                "equip_bassin_min": null,
                "equip_bassin_max": null,
                "equip_piste_long": null,
                "equip_sae_haut": null,
                "equip_sae_surf": null,
                "equip_sae_couloir": null,
                "equip_pasdetir": null,
                "equip_url": null,
                "equip_utilisateur": "[\"Clubs sportifs,comit\u00e9s,ligues,f\u00e9d\u00e9rations,Scolaires,universit\u00e9s\"]",
                "equip_acc_libre": "false",
                "equip_saison": "false",
                "equip_obs": null,
                "equip_type_famille": "Salle de combat",
                "equip_type_code": "1801",
                "equip_rnb": "KEET1FD85AZE",
                "inst_acc_handi_bool": "true",
                "inst_trans_bool": "true",
                "inst_part_bool": "false",
                "equip_loc_bool": "true",
                "equip_pmr_vest": "true",
                "equip_pmr_acc": "false",
                "equip_pmr_aire": "true",
                "equip_pmr_chem": "false",
                "equip_pmr_douche": "false",
                "equip_pmr_sanit": "true",
                "equip_pmr_trib": "false",
                "equip_pshs_aire": "false",
                "equip_pshs_chem": "false",
                "equip_pshs_sanit": "true",
                "equip_pshs_sign": "false",
                "equip_pshs_trib": "false",
                "equip_pshs_vest": "false",
                "equip_x": "2.8338",
                "equip_y": "49.0099",
                "inst_part_type": null,
                "aps_name": [
                    "Judo \/ Jujitsu \/ Ta\u00efso"
                ],
                "equip_qpv": null,
                "equip_qpv_200m": null,
                "categorie": null,
                "gen_2024fin_labellisation": null
            }
        },
        {
            "type": "Feature",
            "geometry": {
                "type": "Point",
                "coordinates": [
                    2.60427,
                    48.80305
                ]
            },
            "properties": {
                "equip_numero": "E007I773730008",
                "inst_numero": "I773730008",
                "inst_enqu_date": "2025-03-31",
                "inst_nom": "COMPLEXE LUCIEN MORANE",
                "inst_siret": null,
                "inst_adresse": "4 RUE DU STADE",
                "inst_cp": "77340",
                "new_name": "Pontault-Combault",
                "new_code": "77373",
                "inst_part_type_filter": [
                    "Complexe sportif"
                ],
                "inst_uai": null,
                "inst_acc_handi_type": "[\"Handicap moteur\"]",
                "inst_trans_type": "[\"Bus\"]",
                "inst_obs": null,
                "inst_date_etat": "2024-04-24",
                "inst_date_creation": "2005-09-22",
                "inst_hs_bool": null,
                "epci_code": "200057958",
                "dep_code": "77",
                "dep_nom": "Seine-et-Marne",
                "reg_code": "11",
                "reg_nom": "\u00cele-de-France",
                "epci_nom": "CA Paris - Vall\u00e9e de la Marne",
                "code_bdv": "75056",
                "lib_bdv": "Paris",
                "arr_code": "775",
                "arr_name": "Torcy",
                "dens_niveau": 1,
                "dens_lib": "Grands centres urbains",
                "dep_code_filled": "77",
                "aca_nom": "Acad\u00e9mie de Cr\u00e9teil",
                "zrr_simp": "NC - Commune non class\u00e9e",
                "equip_nom": "DOJO RAYMOND MUR",
                "equip_type_name": "Dojo \/ Salle d'arts martiaux",
                "equip_prop_nom": null,
                "equip_prop_type": "Commune",
                "equip_propsec_type": null,
                "equip_gest_type": "Commune",
                "equip_cogest_type": null,
                "equip_dsp": "false",
                "equip_ouv_public_bool": "true",
                "equip_erp_type": "[\"X\"]",
                "equip_erp_cat": 5,
                "equip_homo_date": null,
                "equip_homo_periode": null,
                "equip_service_date": "2004",
                "equip_service_periode": "1995-2004",
                "equip_travaux_date": null,
                "equip_travaux_periode": null,
                "equip_travaux_type": null,
                "equip_energie": "[\"Gaz\"]",
                "equip_nature": "Int\u00e9rieur",
                "equip_sol": "Synth\u00e9tique (hors gazon)",
                "equip_long": 26.0,
                "equip_larg": 14.0,
                "equip_haut": 4.0,
                "equip_surf": 364.0,
                "equip_eclair": "true",
                "equip_piste_nb": null,
                "equip_trib_nb": 0,
                "equip_vest_sport": 2,
                "equip_vest_ens": 0,
                "equip_douche": "true",
                "equip_sanit": "true",
                "equip_loc_type": "[\"R\u00e9ception \/ Accueil\", \"Bureau(x) Club(s)\", \"Autre\"]",
                "equip_conf_type": "[\"Sauna\"]",
                "equip_acces_handi_mobilite": "Accueil,Aire de jeu,Cheminements,Douches,Sanitaires,Vestiaires",
                "equip_acces_handi_sensoriel": "Sanitaires",
                "equip_pdesi_pdipr": null,
                "equip_bassin_long": null,
                "equip_bassin_larg": null,
                "equip_bassin_surf": null,
                "equip_bassin_min": null,
                "equip_bassin_max": null,
                "equip_piste_long": null,
                "equip_sae_haut": null,
                "equip_sae_surf": null,
                "equip_sae_couloir": null,
                "equip_pasdetir": null,
                "equip_url": "http:\/\/www.pontault-combault.fr",
                "equip_utilisateur": "[\"Clubs sportifs,comit\u00e9s,ligues,f\u00e9d\u00e9rations\"]",
                "equip_acc_libre": "false",
                "equip_saison": "false",
                "equip_obs": "Centre de Pr\u00e9paration aux Jeux (CPJ)",
                "equip_type_famille": "Salle de combat",
                "equip_type_code": "1801",
                "equip_rnb": "QZHATHRATYVP",
                "inst_acc_handi_bool": "true",
                "inst_trans_bool": "true",
                "inst_part_bool": "true",
                "equip_loc_bool": "true",
                "equip_pmr_vest": "true",
                "equip_pmr_acc": "true",
                "equip_pmr_aire": "true",
                "equip_pmr_chem": "true",
                "equip_pmr_douche": "true",
                "equip_pmr_sanit": "true",
                "equip_pmr_trib": "false",
                "equip_pshs_aire": "false",
                "equip_pshs_chem": "false",
                "equip_pshs_sanit": "true",
                "equip_pshs_sign": "false",
                "equip_pshs_trib": "false",
                "equip_pshs_vest": "false",
                "equip_x": "2.60427",
                "equip_y": "48.80305",
                "inst_part_type": "[\"Complexe sportif\"]",
                "aps_name": [
                    "Judo \/ Jujitsu \/ Ta\u00efso"
                ],
                "equip_qpv": null,
                "equip_qpv_200m": null,
                "categorie": null,
                "gen_2024fin_labellisation": null
            }
        },
        {
            "type": "Feature",
            "geometry": {
                "type": "Point",
                "coordinates": [
                    2.98617,
                    48.36192
                ]
            },
            "properties": {
                "equip_numero": "E009I770610004",
                "inst_numero": "I770610004",
                "inst_enqu_date": "2025-03-31",
                "inst_nom": "COMPLEXE MULTISPORTS DE L\u2019\u00c9COLE NATIONALE SUP\u00c9RIEURE DE POLICE",
                "inst_siret": "19690189600023",
                "inst_adresse": "46 Rue D\u00e9sir\u00e9 Thoison",
                "inst_cp": "77130",
                "new_name": "Cannes-\u00c9cluse",
                "new_code": "77061",
                "inst_part_type_filter": [
                    "Etablissement scolaire"
                ],
                "inst_uai": "0772316Z",
                "inst_acc_handi_type": null,
                "inst_trans_type": null,
                "inst_obs": "Enseignement sup\u00e9rieur",
                "inst_date_etat": "2024-12-20",
                "inst_date_creation": "2016-01-25",
                "inst_hs_bool": null,
                "epci_code": "247700107",
                "dep_code": "77",
                "dep_nom": "Seine-et-Marne",
                "reg_code": "11",
                "reg_nom": "\u00cele-de-France",
                "epci_nom": "CC Pays de Montereau",
                "code_bdv": "77305",
                "lib_bdv": "Montereau-Fault-Yonne",
                "arr_code": "773",
                "arr_name": "Provins",
                "dens_niveau": 5,
                "dens_lib": "Bourgs ruraux",
                "dep_code_filled": "77",
                "aca_nom": "Acad\u00e9mie de Cr\u00e9teil",
                "zrr_simp": "NC - Commune non class\u00e9e",
                "equip_nom": "DOJOS 3",
                "equip_type_name": "Dojo \/ Salle d'arts martiaux",
                "equip_prop_nom": "\u00c9COLE NATIONALE SUP\u00c9RIEURE DE POLICE",
                "equip_prop_type": "Etat",
                "equip_propsec_type": null,
                "equip_gest_type": "Etat",
                "equip_cogest_type": null,
                "equip_dsp": "false",
                "equip_ouv_public_bool": "true",
                "equip_erp_type": "[\"X\"]",
                "equip_erp_cat": 5,
                "equip_homo_date": null,
                "equip_homo_periode": null,
                "equip_service_date": null,
                "equip_service_periode": "1995-2004",
                "equip_travaux_date": null,
                "equip_travaux_periode": null,
                "equip_travaux_type": null,
                "equip_energie": "[\"Autre\"]",
                "equip_nature": "Int\u00e9rieur",
                "equip_sol": "Synth\u00e9tique (hors gazon)",
                "equip_long": 8.0,
                "equip_larg": 8.0,
                "equip_haut": null,
                "equip_surf": 64.0,
                "equip_eclair": "true",
                "equip_piste_nb": null,
                "equip_trib_nb": 0,
                "equip_vest_sport": 0,
                "equip_vest_ens": 0,
                "equip_douche": "false",
                "equip_sanit": "true",
                "equip_loc_type": null,
                "equip_conf_type": null,
                "equip_acces_handi_mobilite": null,
                "equip_acces_handi_sensoriel": null,
                "equip_pdesi_pdipr": null,
                "equip_bassin_long": null,
                "equip_bassin_larg": null,
                "equip_bassin_surf": null,
                "equip_bassin_min": null,
                "equip_bassin_max": null,
                "equip_piste_long": null,
                "equip_sae_haut": null,
                "equip_sae_surf": null,
                "equip_sae_couloir": null,
                "equip_pasdetir": null,
                "equip_url": "http:\/\/www.ensp.interieur.gouv.fr",
                "equip_utilisateur": "[\"Scolaires,universit\u00e9s,Autre - association(s) et groupes divers\"]",
                "equip_acc_libre": "true",
                "equip_saison": "false",
                "equip_obs": null,
                "equip_type_famille": "Salle de combat",
                "equip_type_code": "1801",
                "equip_rnb": "4G9RTVJ2KTZ7",
                "inst_acc_handi_bool": "false",
                "inst_trans_bool": "false",
                "inst_part_bool": "true",
                "equip_loc_bool": "false",
                "equip_pmr_vest": "false",
                "equip_pmr_acc": "false",
                "equip_pmr_aire": "false",
                "equip_pmr_chem": "false",
                "equip_pmr_douche": "false",
                "equip_pmr_sanit": "false",
                "equip_pmr_trib": "false",
                "equip_pshs_aire": "false",
                "equip_pshs_chem": "false",
                "equip_pshs_sanit": "false",
                "equip_pshs_sign": "false",
                "equip_pshs_trib": "false",
                "equip_pshs_vest": "false",
                "equip_x": "2.98617",
                "equip_y": "48.36192",
                "inst_part_type": "[\"Etablissement scolaire\"]",
                "aps_name": [
                    "Judo \/ Jujitsu \/ Ta\u00efso"
                ],
                "equip_qpv": null,
                "equip_qpv_200m": null,
                "categorie": null,
                "gen_2024fin_labellisation": null
            }
        },
        {
            "type": "Feature",
            "geometry": {
                "type": "Point",
                "coordinates": [
                    2.71900355816,
                    48.872361945
                ]
            },
            "properties": {
                "equip_numero": "E005I772430001",
                "inst_numero": "I772430001",
                "inst_enqu_date": "2025-03-31",
                "inst_nom": "PARC DES SPORTS + gymnase Guy Kapp\u00e8s",
                "inst_siret": null,
                "inst_adresse": "1-19 Avenue Jean Mermoz",
                "inst_cp": "77400",
                "new_name": "Lagny-sur-Marne",
                "new_code": "77243",
                "inst_part_type_filter": [
                    "Complexe sportif"
                ],
                "inst_uai": null,
                "inst_acc_handi_type": "[\"Handicap moteur\"]",
                "inst_trans_type": "[\"Bus\"]",
                "inst_obs": null,
                "inst_date_etat": "2024-03-19",
                "inst_date_creation": "2005-09-22",
                "inst_hs_bool": "false",
                "epci_code": "247700594",
                "dep_code": "77",
                "dep_nom": "Seine-et-Marne",
                "reg_code": "11",
                "reg_nom": "\u00cele-de-France",
                "epci_nom": "CA Marne et Gondoire",
                "code_bdv": "75056",
                "lib_bdv": "Paris",
                "arr_code": "775",
                "arr_name": "Torcy",
                "dens_niveau": 1,
                "dens_lib": "Grands centres urbains",
                "dep_code_filled": "77",
                "aca_nom": "Acad\u00e9mie de Cr\u00e9teil",
                "zrr_simp": "NC - Commune non class\u00e9e",
                "equip_nom": "SALLE DE JUDO DU PARC DES SPORTS",
                "equip_type_name": "Dojo \/ Salle d'arts martiaux",
                "equip_prop_nom": "Commune de Lagny-sur-Marne",
                "equip_prop_type": "Commune",
                "equip_propsec_type": null,
                "equip_gest_type": "Commune",
                "equip_cogest_type": null,
                "equip_dsp": "false",
                "equip_ouv_public_bool": "true",
                "equip_erp_type": "[\"X\"]",
                "equip_erp_cat": 5,
                "equip_homo_date": null,
                "equip_homo_periode": null,
                "equip_service_date": "1986",
                "equip_service_periode": "1985-1994",
                "equip_travaux_date": null,
                "equip_travaux_periode": null,
                "equip_travaux_type": null,
                "equip_energie": "[\"Gaz\"]",
                "equip_nature": "Int\u00e9rieur",
                "equip_sol": "Synth\u00e9tique (hors gazon)",
                "equip_long": 22.0,
                "equip_larg": 14.3,
                "equip_haut": 5.0,
                "equip_surf": 314.0,
                "equip_eclair": "true",
                "equip_piste_nb": null,
                "equip_trib_nb": 20,
                "equip_vest_sport": 4,
                "equip_vest_ens": 0,
                "equip_douche": "true",
                "equip_sanit": "true",
                "equip_loc_type": "[\"Local de rangement\"]",
                "equip_conf_type": null,
                "equip_acces_handi_mobilite": "Accueil,Aire de jeu,Cheminements,Douches,Sanitaires,Vestiaires",
                "equip_acces_handi_sensoriel": null,
                "equip_pdesi_pdipr": null,
                "equip_bassin_long": null,
                "equip_bassin_larg": null,
                "equip_bassin_surf": null,
                "equip_bassin_min": null,
                "equip_bassin_max": null,
                "equip_piste_long": null,
                "equip_sae_haut": null,
                "equip_sae_surf": null,
                "equip_sae_couloir": null,
                "equip_pasdetir": null,
                "equip_url": "https:\/\/www.lagny-sur-marne.fr\/loisirs\/sports\/structures-sportives\/",
                "equip_utilisateur": "[\"Clubs sportifs,comit\u00e9s,ligues,f\u00e9d\u00e9rations,Scolaires,universit\u00e9s\"]",
                "equip_acc_libre": "false",
                "equip_saison": "false",
                "equip_obs": "+ activit\u00e9 MMA",
                "equip_type_famille": "Salle de combat",
                "equip_type_code": "1801",
                "equip_rnb": "NGJPG79HV5MJ",
                "inst_acc_handi_bool": "true",
                "inst_trans_bool": "true",
                "inst_part_bool": "true",
                "equip_loc_bool": "true",
                "equip_pmr_vest": "true",
                "equip_pmr_acc": "true",
                "equip_pmr_aire": "true",
                "equip_pmr_chem": "true",
                "equip_pmr_douche": "true",
                "equip_pmr_sanit": "true",
                "equip_pmr_trib": "false",
                "equip_pshs_aire": "false",
                "equip_pshs_chem": "false",
                "equip_pshs_sanit": "false",
                "equip_pshs_sign": "false",
                "equip_pshs_trib": "false",
                "equip_pshs_vest": "false",
                "equip_x": "2.71900355816",
                "equip_y": "48.872361945",
                "inst_part_type": "[\"Complexe sportif\"]",
                "aps_name": [
                    "Activit\u00e9s de forme et de sant\u00e9",
                    "Judo \/ Jujitsu \/ Ta\u00efso"
                ],
                "equip_qpv": null,
                "equip_qpv_200m": "QN07704M",
                "categorie": null,
                "gen_2024fin_labellisation": null
            }
        },
        {
            "type": "Feature",
            "geometry": {
                "type": "Point",
                "coordinates": [
                    2.63439,
                    48.8515
                ]
            },
            "properties": {
                "equip_numero": "E005I774680005",
                "inst_numero": "I774680005",
                "inst_enqu_date": "2025-03-31",
                "inst_nom": "COMPLEXE SPORTIF DE L'ARCHE GUEDON",
                "inst_siret": null,
                "inst_adresse": "PLACE DES RENCONTRES",
                "inst_cp": "77200",
                "new_name": "Torcy",
                "new_code": "77468",
                "inst_part_type_filter": [
                    "Complexe sportif"
                ],
                "inst_uai": null,
                "inst_acc_handi_type": "[\"Handicap moteur\"]",
                "inst_trans_type": "[\"Bus\"]",
                "inst_obs": null,
                "inst_date_etat": "2024-04-24",
                "inst_date_creation": "2005-09-22",
                "inst_hs_bool": null,
                "epci_code": "200057958",
                "dep_code": "77",
                "dep_nom": "Seine-et-Marne",
                "reg_code": "11",
                "reg_nom": "\u00cele-de-France",
                "epci_nom": "CA Paris - Vall\u00e9e de la Marne",
                "code_bdv": "75056",
                "lib_bdv": "Paris",
                "arr_code": "775",
                "arr_name": "Torcy",
                "dens_niveau": 1,
                "dens_lib": "Grands centres urbains",
                "dep_code_filled": "77",
                "aca_nom": "Acad\u00e9mie de Cr\u00e9teil",
                "zrr_simp": "NC - Commune non class\u00e9e",
                "equip_nom": "SALLE D'ARTS MARTIAUX - DOJO",
                "equip_type_name": "Dojo \/ Salle d'arts martiaux",
                "equip_prop_nom": null,
                "equip_prop_type": "Commune",
                "equip_propsec_type": null,
                "equip_gest_type": "Commune",
                "equip_cogest_type": null,
                "equip_dsp": "false",
                "equip_ouv_public_bool": "true",
                "equip_erp_type": "[\"X\"]",
                "equip_erp_cat": 5,
                "equip_homo_date": null,
                "equip_homo_periode": null,
                "equip_service_date": "1983",
                "equip_service_periode": "1975-1984",
                "equip_travaux_date": null,
                "equip_travaux_periode": null,
                "equip_travaux_type": null,
                "equip_energie": "[\"Gaz\"]",
                "equip_nature": "Int\u00e9rieur",
                "equip_sol": "Synth\u00e9tique (hors gazon)",
                "equip_long": 14.0,
                "equip_larg": 14.0,
                "equip_haut": 4.0,
                "equip_surf": 196.0,
                "equip_eclair": "true",
                "equip_piste_nb": null,
                "equip_trib_nb": 0,
                "equip_vest_sport": 6,
                "equip_vest_ens": 1,
                "equip_douche": "true",
                "equip_sanit": "true",
                "equip_loc_type": null,
                "equip_conf_type": null,
                "equip_acces_handi_mobilite": "Aire de jeu",
                "equip_acces_handi_sensoriel": null,
                "equip_pdesi_pdipr": null,
                "equip_bassin_long": null,
                "equip_bassin_larg": null,
                "equip_bassin_surf": null,
                "equip_bassin_min": null,
                "equip_bassin_max": null,
                "equip_piste_long": null,
                "equip_sae_haut": null,
                "equip_sae_surf": null,
                "equip_sae_couloir": null,
                "equip_pasdetir": null,
                "equip_url": null,
                "equip_utilisateur": "[\"Clubs sportifs,comit\u00e9s,ligues,f\u00e9d\u00e9rations\"]",
                "equip_acc_libre": "false",
                "equip_saison": "false",
                "equip_obs": "SOL TATAMI",
                "equip_type_famille": "Salle de combat",
                "equip_type_code": "1801",
                "equip_rnb": "WJCJBA5Q41TN",
                "inst_acc_handi_bool": "true",
                "inst_trans_bool": "true",
                "inst_part_bool": "true",
                "equip_loc_bool": "false",
                "equip_pmr_vest": "false",
                "equip_pmr_acc": "false",
                "equip_pmr_aire": "true",
                "equip_pmr_chem": "false",
                "equip_pmr_douche": "false",
                "equip_pmr_sanit": "false",
                "equip_pmr_trib": "false",
                "equip_pshs_aire": "false",
                "equip_pshs_chem": "false",
                "equip_pshs_sanit": "false",
                "equip_pshs_sign": "false",
                "equip_pshs_trib": "false",
                "equip_pshs_vest": "false",
                "equip_x": "2.63439",
                "equip_y": "48.8515",
                "inst_part_type": "[\"Complexe sportif\"]",
                "aps_name": [
                    "Judo \/ Jujitsu \/ Ta\u00efso"
                ],
                "equip_qpv": null,
                "equip_qpv_200m": "QN07706I",
                "categorie": null,
                "gen_2024fin_labellisation": null
            }
        },
        {
            "type": "Feature",
            "geometry": {
                "type": "Point",
                "coordinates": [
                    2.64969,
                    48.8697
                ]
            },
            "properties": {
                "equip_numero": "E005I774790002",
                "inst_numero": "I774790002",
                "inst_enqu_date": "2025-03-31",
                "inst_nom": "COSEC",
                "inst_siret": null,
                "inst_adresse": "RUE DE L'ECLUSE",
                "inst_cp": "77360",
                "new_name": "Vaires-sur-Marne",
                "new_code": "77479",
                "inst_part_type_filter": [
                    "Complexe sportif"
                ],
                "inst_uai": null,
                "inst_acc_handi_type": "[\"Handicap moteur\"]",
                "inst_trans_type": null,
                "inst_obs": null,
                "inst_date_etat": "2024-09-16",
                "inst_date_creation": "2005-09-22",
                "inst_hs_bool": null,
                "epci_code": "200057958",
                "dep_code": "77",
                "dep_nom": "Seine-et-Marne",
                "reg_code": "11",
                "reg_nom": "\u00cele-de-France",
                "epci_nom": "CA Paris - Vall\u00e9e de la Marne",
                "code_bdv": "75056",
                "lib_bdv": "Paris",
                "arr_code": "775",
                "arr_name": "Torcy",
                "dens_niveau": 1,
                "dens_lib": "Grands centres urbains",
                "dep_code_filled": "77",
                "aca_nom": "Acad\u00e9mie de Cr\u00e9teil",
                "zrr_simp": "NC - Commune non class\u00e9e",
                "equip_nom": "DOJO",
                "equip_type_name": "Dojo \/ Salle d'arts martiaux",
                "equip_prop_nom": null,
                "equip_prop_type": "Commune",
                "equip_propsec_type": null,
                "equip_gest_type": "Commune",
                "equip_cogest_type": null,
                "equip_dsp": "false",
                "equip_ouv_public_bool": "true",
                "equip_erp_type": "[\"X\"]",
                "equip_erp_cat": 5,
                "equip_homo_date": null,
                "equip_homo_periode": null,
                "equip_service_date": "1975",
                "equip_service_periode": "1975-1984",
                "equip_travaux_date": null,
                "equip_travaux_periode": null,
                "equip_travaux_type": null,
                "equip_energie": "[\"Gaz\"]",
                "equip_nature": "Int\u00e9rieur",
                "equip_sol": "Parquet",
                "equip_long": 15.0,
                "equip_larg": 12.0,
                "equip_haut": 3.0,
                "equip_surf": 180.0,
                "equip_eclair": "true",
                "equip_piste_nb": null,
                "equip_trib_nb": 0,
                "equip_vest_sport": 10,
                "equip_vest_ens": 1,
                "equip_douche": "true",
                "equip_sanit": "true",
                "equip_loc_type": "[\"R\u00e9ception \/ Accueil\", \"Bureau(x) Club(s)\", \"Buvette\", \"Club(s) house\", \"Local de rangement\", \"Salle(s) de r\u00e9union\/cours\"]",
                "equip_conf_type": null,
                "equip_acces_handi_mobilite": "Aire de jeu,Sanitaires,Vestiaires",
                "equip_acces_handi_sensoriel": "Sanitaires",
                "equip_pdesi_pdipr": null,
                "equip_bassin_long": null,
                "equip_bassin_larg": null,
                "equip_bassin_surf": null,
                "equip_bassin_min": null,
                "equip_bassin_max": null,
                "equip_piste_long": null,
                "equip_sae_haut": null,
                "equip_sae_surf": null,
                "equip_sae_couloir": null,
                "equip_pasdetir": null,
                "equip_url": "www.vairessurmarne.com",
                "equip_utilisateur": "[\"Clubs sportifs,comit\u00e9s,ligues,f\u00e9d\u00e9rations,Scolaires,universit\u00e9s,Autre - association(s) et groupes divers\"]",
                "equip_acc_libre": "false",
                "equip_saison": "false",
                "equip_obs": null,
                "equip_type_famille": "Salle de combat",
                "equip_type_code": "1801",
                "equip_rnb": "SMKC1EMG9FVE",
                "inst_acc_handi_bool": "true",
                "inst_trans_bool": "false",
                "inst_part_bool": "true",
                "equip_loc_bool": "true",
                "equip_pmr_vest": "true",
                "equip_pmr_acc": "false",
                "equip_pmr_aire": "true",
                "equip_pmr_chem": "false",
                "equip_pmr_douche": "false",
                "equip_pmr_sanit": "true",
                "equip_pmr_trib": "false",
                "equip_pshs_aire": "false",
                "equip_pshs_chem": "false",
                "equip_pshs_sanit": "true",
                "equip_pshs_sign": "false",
                "equip_pshs_trib": "false",
                "equip_pshs_vest": "false",
                "equip_x": "2.64969",
                "equip_y": "48.8697",
                "inst_part_type": "[\"Complexe sportif\"]",
                "aps_name": [
                    "Activit\u00e9s de forme et de sant\u00e9",
                    "Aikido \/ Aikibudo \/ Budo",
                    "Judo \/ Jujitsu \/ Ta\u00efso"
                ],
                "equip_qpv": null,
                "equip_qpv_200m": null,
                "categorie": null,
                "gen_2024fin_labellisation": null
            }
        },
        {
            "type": "Feature",
            "geometry": {
                "type": "Point",
                "coordinates": [
                    2.70661,
                    48.34527
                ]
            },
            "properties": {
                "equip_numero": "E006I770480002",
                "inst_numero": "I770480002",
                "inst_enqu_date": "2025-03-31",
                "inst_nom": "COMPLEXE SPORTIF DES GATINES",
                "inst_siret": null,
                "inst_adresse": "RUE DES TAILLIS DE LA VALLEE",
                "inst_cp": "77780",
                "new_name": "Bourron-Marlotte",
                "new_code": "77048",
                "inst_part_type_filter": null,
                "inst_uai": null,
                "inst_acc_handi_type": "[\"Handicap moteur\"]",
                "inst_trans_type": "[\"Bus\"]",
                "inst_obs": null,
                "inst_date_etat": "2016-01-15",
                "inst_date_creation": "2005-09-22",
                "inst_hs_bool": null,
                "epci_code": "200072346",
                "dep_code": "77",
                "dep_nom": "Seine-et-Marne",
                "reg_code": "11",
                "reg_nom": "\u00cele-de-France",
                "epci_nom": "CA du Pays de Fontainebleau",
                "code_bdv": "77186",
                "lib_bdv": "Fontainebleau",
                "arr_code": "774",
                "arr_name": "Fontainebleau",
                "dens_niveau": 5,
                "dens_lib": "Bourgs ruraux",
                "dep_code_filled": "77",
                "aca_nom": "Acad\u00e9mie de Cr\u00e9teil",
                "zrr_simp": "NC - Commune non class\u00e9e",
                "equip_nom": "SALLE DE SPORTS SPECIALISEE",
                "equip_type_name": "Dojo \/ Salle d'arts martiaux",
                "equip_prop_nom": null,
                "equip_prop_type": "Commune",
                "equip_propsec_type": null,
                "equip_gest_type": "Commune",
                "equip_cogest_type": null,
                "equip_dsp": "false",
                "equip_ouv_public_bool": "true",
                "equip_erp_type": "[\"L\"]",
                "equip_erp_cat": 5,
                "equip_homo_date": null,
                "equip_homo_periode": null,
                "equip_service_date": "2002",
                "equip_service_periode": "1995-2004",
                "equip_travaux_date": null,
                "equip_travaux_periode": null,
                "equip_travaux_type": null,
                "equip_energie": "[\"Gaz\"]",
                "equip_nature": "Int\u00e9rieur",
                "equip_sol": "Synth\u00e9tique (hors gazon)",
                "equip_long": 15.0,
                "equip_larg": 16.5,
                "equip_haut": 4.0,
                "equip_surf": 245.0,
                "equip_eclair": "true",
                "equip_piste_nb": null,
                "equip_trib_nb": 0,
                "equip_vest_sport": 1,
                "equip_vest_ens": 0,
                "equip_douche": "true",
                "equip_sanit": "true",
                "equip_loc_type": null,
                "equip_conf_type": null,
                "equip_acces_handi_mobilite": "Aire de jeu",
                "equip_acces_handi_sensoriel": null,
                "equip_pdesi_pdipr": null,
                "equip_bassin_long": null,
                "equip_bassin_larg": null,
                "equip_bassin_surf": null,
                "equip_bassin_min": null,
                "equip_bassin_max": null,
                "equip_piste_long": null,
                "equip_sae_haut": null,
                "equip_sae_surf": null,
                "equip_sae_couloir": null,
                "equip_pasdetir": null,
                "equip_url": "http:\/\/bourronmarlotte.free.fr",
                "equip_utilisateur": "[\"Clubs sportifs,comit\u00e9s,ligues,f\u00e9d\u00e9rations,Scolaires,universit\u00e9s\"]",
                "equip_acc_libre": "false",
                "equip_saison": "false",
                "equip_obs": "ACTIVITE PRATIQUEE : EPMM (niveau 3)",
                "equip_type_famille": "Salle de combat",
                "equip_type_code": "1801",
                "equip_rnb": "ZSBK1RCM2QAS",
                "inst_acc_handi_bool": "true",
                "inst_trans_bool": "true",
                "inst_part_bool": "false",
                "equip_loc_bool": "false",
                "equip_pmr_vest": "false",
                "equip_pmr_acc": "false",
                "equip_pmr_aire": "true",
                "equip_pmr_chem": "false",
                "equip_pmr_douche": "false",
                "equip_pmr_sanit": "false",
                "equip_pmr_trib": "false",
                "equip_pshs_aire": "false",
                "equip_pshs_chem": "false",
                "equip_pshs_sanit": "false",
                "equip_pshs_sign": "false",
                "equip_pshs_trib": "false",
                "equip_pshs_vest": "false",
                "equip_x": "2.70661",
                "equip_y": "48.34527",
                "inst_part_type": null,
                "aps_name": [
                    "Autres Danses",
                    "Judo \/ Jujitsu \/ Ta\u00efso",
                    "Kendo \/ Ia\u00efdo \/ Naginata \/ Jodo \/ Sport chanbara"
                ],
                "equip_qpv": null,
                "equip_qpv_200m": null,
                "categorie": null,
                "gen_2024fin_labellisation": null
            }
        },
        {
            "type": "Feature",
            "geometry": {
                "type": "Point",
                "coordinates": [
                    2.95241,
                    48.38788
                ]
            },
            "properties": {
                "equip_numero": "E006I773050004",
                "inst_numero": "I773050004",
                "inst_enqu_date": "2025-03-31",
                "inst_nom": "COMPLEXE SPORTIF JAKY BOICHE",
                "inst_siret": null,
                "inst_adresse": "RUE PIERRE",
                "inst_cp": "77130",
                "new_name": "Montereau-Fault-Yonne",
                "new_code": "77305",
                "inst_part_type_filter": null,
                "inst_uai": null,
                "inst_acc_handi_type": "[\"Handicap moteur\"]",
                "inst_trans_type": "[\"Bus\"]",
                "inst_obs": null,
                "inst_date_etat": "2024-04-24",
                "inst_date_creation": "2005-09-22",
                "inst_hs_bool": null,
                "epci_code": "247700107",
                "dep_code": "77",
                "dep_nom": "Seine-et-Marne",
                "reg_code": "11",
                "reg_nom": "\u00cele-de-France",
                "epci_nom": "CC Pays de Montereau",
                "code_bdv": "77305",
                "lib_bdv": "Montereau-Fault-Yonne",
                "arr_code": "773",
                "arr_name": "Provins",
                "dens_niveau": 2,
                "dens_lib": "Centres urbains interm\u00e9diaires",
                "dep_code_filled": "77",
                "aca_nom": "Acad\u00e9mie de Cr\u00e9teil",
                "zrr_simp": "NC - Commune non class\u00e9e",
                "equip_nom": "SALLE DE JUDO",
                "equip_type_name": "Dojo \/ Salle d'arts martiaux",
                "equip_prop_nom": null,
                "equip_prop_type": "Commune",
                "equip_propsec_type": null,
                "equip_gest_type": "Commune",
                "equip_cogest_type": null,
                "equip_dsp": "false",
                "equip_ouv_public_bool": "true",
                "equip_erp_type": "[\"X\"]",
                "equip_erp_cat": 5,
                "equip_homo_date": null,
                "equip_homo_periode": null,
                "equip_service_date": null,
                "equip_service_periode": "1975-1984",
                "equip_travaux_date": null,
                "equip_travaux_periode": null,
                "equip_travaux_type": null,
                "equip_energie": "[\"Gaz\"]",
                "equip_nature": "Int\u00e9rieur",
                "equip_sol": "B\u00e9ton",
                "equip_long": 20.0,
                "equip_larg": 15.0,
                "equip_haut": 3.0,
                "equip_surf": 298.0,
                "equip_eclair": "true",
                "equip_piste_nb": null,
                "equip_trib_nb": 0,
                "equip_vest_sport": 2,
                "equip_vest_ens": 0,
                "equip_douche": "true",
                "equip_sanit": "true",
                "equip_loc_type": "[\"R\u00e9ception \/ Accueil\"]",
                "equip_conf_type": null,
                "equip_acces_handi_mobilite": "Accueil,Aire de jeu,Cheminements",
                "equip_acces_handi_sensoriel": null,
                "equip_pdesi_pdipr": null,
                "equip_bassin_long": null,
                "equip_bassin_larg": null,
                "equip_bassin_surf": null,
                "equip_bassin_min": null,
                "equip_bassin_max": null,
                "equip_piste_long": null,
                "equip_sae_haut": null,
                "equip_sae_surf": null,
                "equip_sae_couloir": null,
                "equip_pasdetir": null,
                "equip_url": "http:\/\/www.ville-montereau77.fr",
                "equip_utilisateur": "[\"Clubs sportifs,comit\u00e9s,ligues,f\u00e9d\u00e9rations\"]",
                "equip_acc_libre": "false",
                "equip_saison": "false",
                "equip_obs": null,
                "equip_type_famille": "Salle de combat",
                "equip_type_code": "1801",
                "equip_rnb": "Q46ZSSSYFFSJ",
                "inst_acc_handi_bool": "true",
                "inst_trans_bool": "true",
                "inst_part_bool": "false",
                "equip_loc_bool": "true",
                "equip_pmr_vest": "false",
                "equip_pmr_acc": "true",
                "equip_pmr_aire": "true",
                "equip_pmr_chem": "true",
                "equip_pmr_douche": "false",
                "equip_pmr_sanit": "false",
                "equip_pmr_trib": "false",
                "equip_pshs_aire": "false",
                "equip_pshs_chem": "false",
                "equip_pshs_sanit": "false",
                "equip_pshs_sign": "false",
                "equip_pshs_trib": "false",
                "equip_pshs_vest": "false",
                "equip_x": "2.95241",
                "equip_y": "48.38788",
                "inst_part_type": null,
                "aps_name": [
                    "Judo \/ Jujitsu \/ Ta\u00efso"
                ],
                "equip_qpv": null,
                "equip_qpv_200m": null,
                "categorie": null,
                "gen_2024fin_labellisation": null
            }
        },
        {
            "type": "Feature",
            "geometry": {
                "type": "Point",
                "coordinates": [
                    2.76061,
                    48.9717
                ]
            },
            "properties": {
                "equip_numero": "E001I770950002",
                "inst_numero": "I770950002",
                "inst_enqu_date": "2025-03-31",
                "inst_nom": "SALLE POLYVALENTE SPORTIVE",
                "inst_siret": null,
                "inst_adresse": "5 RUE DE L'EGLISE",
                "inst_cp": "77410",
                "new_name": "Charny",
                "new_code": "77095",
                "inst_part_type_filter": null,
                "inst_uai": null,
                "inst_acc_handi_type": null,
                "inst_trans_type": "[\"Bus\"]",
                "inst_obs": null,
                "inst_date_etat": "2013-01-29",
                "inst_date_creation": "2005-09-22",
                "inst_hs_bool": null,
                "epci_code": "200033090",
                "dep_code": "77",
                "dep_nom": "Seine-et-Marne",
                "reg_code": "11",
                "reg_nom": "\u00cele-de-France",
                "epci_nom": "CC Plaines et Monts de France",
                "code_bdv": "77118",
                "lib_bdv": "Claye-Souilly",
                "arr_code": "771",
                "arr_name": "Meaux",
                "dens_niveau": 5,
                "dens_lib": "Bourgs ruraux",
                "dep_code_filled": "77",
                "aca_nom": "Acad\u00e9mie de Cr\u00e9teil",
                "zrr_simp": "NC - Commune non class\u00e9e",
                "equip_nom": "SALLE DE JUDO",
                "equip_type_name": "Dojo \/ Salle d'arts martiaux",
                "equip_prop_nom": null,
                "equip_prop_type": "Commune",
                "equip_propsec_type": null,
                "equip_gest_type": "Commune",
                "equip_cogest_type": null,
                "equip_dsp": "false",
                "equip_ouv_public_bool": null,
                "equip_erp_type": "[\"L\", \"X\"]",
                "equip_erp_cat": 5,
                "equip_homo_date": null,
                "equip_homo_periode": null,
                "equip_service_date": "1982",
                "equip_service_periode": "1975-1984",
                "equip_travaux_date": null,
                "equip_travaux_periode": null,
                "equip_travaux_type": null,
                "equip_energie": "[\"Gaz\"]",
                "equip_nature": "Int\u00e9rieur",
                "equip_sol": "B\u00e9ton",
                "equip_long": 15.0,
                "equip_larg": 8.0,
                "equip_haut": 2.0,
                "equip_surf": 120.0,
                "equip_eclair": "true",
                "equip_piste_nb": null,
                "equip_trib_nb": 0,
                "equip_vest_sport": 2,
                "equip_vest_ens": 0,
                "equip_douche": "true",
                "equip_sanit": "true",
                "equip_loc_type": "[\"Local de rangement\"]",
                "equip_conf_type": null,
                "equip_acces_handi_mobilite": null,
                "equip_acces_handi_sensoriel": null,
                "equip_pdesi_pdipr": null,
                "equip_bassin_long": null,
                "equip_bassin_larg": null,
                "equip_bassin_surf": null,
                "equip_bassin_min": null,
                "equip_bassin_max": null,
                "equip_piste_long": null,
                "equip_sae_haut": null,
                "equip_sae_surf": null,
                "equip_sae_couloir": null,
                "equip_pasdetir": null,
                "equip_url": null,
                "equip_utilisateur": "[\"Clubs sportifs,comit\u00e9s,ligues,f\u00e9d\u00e9rations,Scolaires,universit\u00e9s\"]",
                "equip_acc_libre": "false",
                "equip_saison": "false",
                "equip_obs": null,
                "equip_type_famille": "Salle de combat",
                "equip_type_code": "1801",
                "equip_rnb": "RKDP42VHCVFE",
                "inst_acc_handi_bool": "false",
                "inst_trans_bool": "true",
                "inst_part_bool": "false",
                "equip_loc_bool": "true",
                "equip_pmr_vest": "false",
                "equip_pmr_acc": "false",
                "equip_pmr_aire": "false",
                "equip_pmr_chem": "false",
                "equip_pmr_douche": "false",
                "equip_pmr_sanit": "false",
                "equip_pmr_trib": "false",
                "equip_pshs_aire": "false",
                "equip_pshs_chem": "false",
                "equip_pshs_sanit": "false",
                "equip_pshs_sign": "false",
                "equip_pshs_trib": "false",
                "equip_pshs_vest": "false",
                "equip_x": "2.76061",
                "equip_y": "48.9717",
                "inst_part_type": null,
                "aps_name": [
                    "Judo \/ Jujitsu \/ Ta\u00efso"
                ],
                "equip_qpv": null,
                "equip_qpv_200m": null,
                "categorie": null,
                "gen_2024fin_labellisation": null
            }
        },
        {
            "type": "Feature",
            "geometry": {
                "type": "Point",
                "coordinates": [
                    2.54635,
                    48.66579
                ]
            },
            "properties": {
                "equip_numero": "E001I771220007",
                "inst_numero": "I771220007",
                "inst_enqu_date": "2025-03-31",
                "inst_nom": "DOJO BEAUSOLEIL",
                "inst_siret": null,
                "inst_adresse": "RUE DES FRERES MOREAU",
                "inst_cp": "77380",
                "new_name": "Combs-la-Ville",
                "new_code": "77122",
                "inst_part_type_filter": null,
                "inst_uai": null,
                "inst_acc_handi_type": "[\"Handicap moteur\"]",
                "inst_trans_type": null,
                "inst_obs": null,
                "inst_date_etat": "2024-04-25",
                "inst_date_creation": "2005-09-22",
                "inst_hs_bool": null,
                "epci_code": "200059228",
                "dep_code": "77",
                "dep_nom": "Seine-et-Marne",
                "reg_code": "11",
                "reg_nom": "\u00cele-de-France",
                "epci_nom": "CA Grand Paris Sud Seine Essonne S\u00e9nart",
                "code_bdv": "75056",
                "lib_bdv": "Paris",
                "arr_code": "772",
                "arr_name": "Melun",
                "dens_niveau": 1,
                "dens_lib": "Grands centres urbains",
                "dep_code_filled": "77",
                "aca_nom": "Acad\u00e9mie de Cr\u00e9teil",
                "zrr_simp": "NC - Commune non class\u00e9e",
                "equip_nom": "SALLE SPECIALISEE ARTS MARTIAUX",
                "equip_type_name": "Dojo \/ Salle d'arts martiaux",
                "equip_prop_nom": null,
                "equip_prop_type": "Commune",
                "equip_propsec_type": null,
                "equip_gest_type": "Commune",
                "equip_cogest_type": null,
                "equip_dsp": "false",
                "equip_ouv_public_bool": "true",
                "equip_erp_type": "[\"X\"]",
                "equip_erp_cat": 5,
                "equip_homo_date": null,
                "equip_homo_periode": null,
                "equip_service_date": "1961",
                "equip_service_periode": "1945-1964",
                "equip_travaux_date": null,
                "equip_travaux_periode": null,
                "equip_travaux_type": null,
                "equip_energie": null,
                "equip_nature": "Int\u00e9rieur",
                "equip_sol": "B\u00e9ton",
                "equip_long": 20.0,
                "equip_larg": 12.0,
                "equip_haut": 5.0,
                "equip_surf": 240.0,
                "equip_eclair": "true",
                "equip_piste_nb": null,
                "equip_trib_nb": 0,
                "equip_vest_sport": 2,
                "equip_vest_ens": 0,
                "equip_douche": "true",
                "equip_sanit": "true",
                "equip_loc_type": "[\"R\u00e9ception \/ Accueil\", \"Bureau(x) Club(s)\", \"Local de rangement\"]",
                "equip_conf_type": null,
                "equip_acces_handi_mobilite": "Accueil,Aire de jeu,Cheminements",
                "equip_acces_handi_sensoriel": null,
                "equip_pdesi_pdipr": null,
                "equip_bassin_long": null,
                "equip_bassin_larg": null,
                "equip_bassin_surf": null,
                "equip_bassin_min": null,
                "equip_bassin_max": null,
                "equip_piste_long": null,
                "equip_sae_haut": null,
                "equip_sae_surf": null,
                "equip_sae_couloir": null,
                "equip_pasdetir": null,
                "equip_url": "http:\/\/www.combs-la-ville.fr",
                "equip_utilisateur": "[\"Clubs sportifs,comit\u00e9s,ligues,f\u00e9d\u00e9rations,Scolaires,universit\u00e9s\"]",
                "equip_acc_libre": "false",
                "equip_saison": "false",
                "equip_obs": null,
                "equip_type_famille": "Salle de combat",
                "equip_type_code": "1801",
                "equip_rnb": "YTBTSZ5QCKJZ",
                "inst_acc_handi_bool": "true",
                "inst_trans_bool": "false",
                "inst_part_bool": "false",
                "equip_loc_bool": "true",
                "equip_pmr_vest": "false",
                "equip_pmr_acc": "true",
                "equip_pmr_aire": "true",
                "equip_pmr_chem": "true",
                "equip_pmr_douche": "false",
                "equip_pmr_sanit": "false",
                "equip_pmr_trib": "false",
                "equip_pshs_aire": "false",
                "equip_pshs_chem": "false",
                "equip_pshs_sanit": "false",
                "equip_pshs_sign": "false",
                "equip_pshs_trib": "false",
                "equip_pshs_vest": "false",
                "equip_x": "2.54635",
                "equip_y": "48.66579",
                "inst_part_type": null,
                "aps_name": [
                    "Activit\u00e9s de forme et de sant\u00e9",
                    "Judo \/ Jujitsu \/ Ta\u00efso"
                ],
                "equip_qpv": null,
                "equip_qpv_200m": null,
                "categorie": null,
                "gen_2024fin_labellisation": null
            }
        },
        {
            "type": "Feature",
            "geometry": {
                "type": "Point",
                "coordinates": [
                    3.13627,
                    48.95069
                ]
            },
            "properties": {
                "equip_numero": "E001I771830004",
                "inst_numero": "I771830004",
                "inst_enqu_date": "2025-03-31",
                "inst_nom": "SALLE VALERIEN BAUDRY",
                "inst_siret": null,
                "inst_adresse": "17 bis ROUTE DE REUIL",
                "inst_cp": "77260",
                "new_name": "La Fert\u00e9-sous-Jouarre",
                "new_code": "77183",
                "inst_part_type_filter": null,
                "inst_uai": null,
                "inst_acc_handi_type": "[\"Handicap moteur\"]",
                "inst_trans_type": "[\"Bus\"]",
                "inst_obs": null,
                "inst_date_etat": "2016-01-26",
                "inst_date_creation": "2005-09-22",
                "inst_hs_bool": null,
                "epci_code": "200090504",
                "dep_code": "77",
                "dep_nom": "Seine-et-Marne",
                "reg_code": "11",
                "reg_nom": "\u00cele-de-France",
                "epci_nom": "CA Coulommiers Pays de Brie",
                "code_bdv": "77183",
                "lib_bdv": "La Fert\u00e9-sous-Jouarre",
                "arr_code": "771",
                "arr_name": "Meaux",
                "dens_niveau": 2,
                "dens_lib": "Centres urbains interm\u00e9diaires",
                "dep_code_filled": "77",
                "aca_nom": "Acad\u00e9mie de Cr\u00e9teil",
                "zrr_simp": "NC - Commune non class\u00e9e",
                "equip_nom": "SALLE DES ARTS MARTIAUX",
                "equip_type_name": "Dojo \/ Salle d'arts martiaux",
                "equip_prop_nom": null,
                "equip_prop_type": "Commune",
                "equip_propsec_type": null,
                "equip_gest_type": "Commune",
                "equip_cogest_type": null,
                "equip_dsp": "false",
                "equip_ouv_public_bool": "true",
                "equip_erp_type": "[\"L\", \"X\"]",
                "equip_erp_cat": 5,
                "equip_homo_date": null,
                "equip_homo_periode": null,
                "equip_service_date": "1989",
                "equip_service_periode": "1985-1994",
                "equip_travaux_date": null,
                "equip_travaux_periode": null,
                "equip_travaux_type": null,
                "equip_energie": "[\"Gaz\"]",
                "equip_nature": "Int\u00e9rieur",
                "equip_sol": "Parquet",
                "equip_long": 20.0,
                "equip_larg": 10.2,
                "equip_haut": 3.0,
                "equip_surf": 203.0,
                "equip_eclair": "true",
                "equip_piste_nb": null,
                "equip_trib_nb": 0,
                "equip_vest_sport": 2,
                "equip_vest_ens": 0,
                "equip_douche": "true",
                "equip_sanit": "true",
                "equip_loc_type": "[\"Local de rangement\"]",
                "equip_conf_type": null,
                "equip_acces_handi_mobilite": "Aire de jeu,Sanitaires",
                "equip_acces_handi_sensoriel": "Sanitaires",
                "equip_pdesi_pdipr": null,
                "equip_bassin_long": null,
                "equip_bassin_larg": null,
                "equip_bassin_surf": null,
                "equip_bassin_min": null,
                "equip_bassin_max": null,
                "equip_piste_long": null,
                "equip_sae_haut": null,
                "equip_sae_surf": null,
                "equip_sae_couloir": null,
                "equip_pasdetir": null,
                "equip_url": "www.la-ferte-sous-jouarre.fr",
                "equip_utilisateur": "[\"Clubs sportifs,comit\u00e9s,ligues,f\u00e9d\u00e9rations,Scolaires,universit\u00e9s\"]",
                "equip_acc_libre": "false",
                "equip_saison": "false",
                "equip_obs": null,
                "equip_type_famille": "Salle de combat",
                "equip_type_code": "1801",
                "equip_rnb": "94VD72CTMZHV",
                "inst_acc_handi_bool": "true",
                "inst_trans_bool": "true",
                "inst_part_bool": "false",
                "equip_loc_bool": "true",
                "equip_pmr_vest": "false",
                "equip_pmr_acc": "false",
                "equip_pmr_aire": "true",
                "equip_pmr_chem": "false",
                "equip_pmr_douche": "false",
                "equip_pmr_sanit": "true",
                "equip_pmr_trib": "false",
                "equip_pshs_aire": "false",
                "equip_pshs_chem": "false",
                "equip_pshs_sanit": "true",
                "equip_pshs_sign": "false",
                "equip_pshs_trib": "false",
                "equip_pshs_vest": "false",
                "equip_x": "3.13627",
                "equip_y": "48.95069",
                "inst_part_type": null,
                "aps_name": [
                    "Activit\u00e9s de forme et de sant\u00e9",
                    "Boxe fran\u00e7aise savate",
                    "Judo \/ Jujitsu \/ Ta\u00efso",
                    "Karat\u00e9\/Karat\u00e9 jutsu\/Goshin jutsu\/Kobudo\/Nihon Tai-jutsu\/Taijitsu\/Nambudo\/Ninjutsu\/Nunchaku\/..."
                ],
                "equip_qpv": null,
                "equip_qpv_200m": null,
                "categorie": null,
                "gen_2024fin_labellisation": null
            }
        },
        {
            "type": "Feature",
            "geometry": {
                "type": "Point",
                "coordinates": [
                    3.03157,
                    48.82213
                ]
            },
            "properties": {
                "equip_numero": "E001I773200001",
                "inst_numero": "I773200001",
                "inst_enqu_date": "2025-03-31",
                "inst_nom": "COMPLEXE SPORTIF JACQUES CHARDES",
                "inst_siret": null,
                "inst_adresse": "RUE MOULIN",
                "inst_cp": "77120",
                "new_name": "Mouroux",
                "new_code": "77320",
                "inst_part_type_filter": null,
                "inst_uai": null,
                "inst_acc_handi_type": "[\"Handicap moteur\"]",
                "inst_trans_type": null,
                "inst_obs": null,
                "inst_date_etat": "2016-02-19",
                "inst_date_creation": "2005-09-22",
                "inst_hs_bool": null,
                "epci_code": "200090504",
                "dep_code": "77",
                "dep_nom": "Seine-et-Marne",
                "reg_code": "11",
                "reg_nom": "\u00cele-de-France",
                "epci_nom": "CA Coulommiers Pays de Brie",
                "code_bdv": "77131",
                "lib_bdv": "Coulommiers",
                "arr_code": "771",
                "arr_name": "Meaux",
                "dens_niveau": 4,
                "dens_lib": "Ceintures urbaines",
                "dep_code_filled": "77",
                "aca_nom": "Acad\u00e9mie de Cr\u00e9teil",
                "zrr_simp": "NC - Commune non class\u00e9e",
                "equip_nom": "DOJO",
                "equip_type_name": "Dojo \/ Salle d'arts martiaux",
                "equip_prop_nom": null,
                "equip_prop_type": "Commune",
                "equip_propsec_type": null,
                "equip_gest_type": "Commune",
                "equip_cogest_type": null,
                "equip_dsp": "false",
                "equip_ouv_public_bool": "true",
                "equip_erp_type": "[\"X\"]",
                "equip_erp_cat": 5,
                "equip_homo_date": null,
                "equip_homo_periode": null,
                "equip_service_date": "1995",
                "equip_service_periode": "1995-2004",
                "equip_travaux_date": null,
                "equip_travaux_periode": null,
                "equip_travaux_type": null,
                "equip_energie": "[\"Gaz\"]",
                "equip_nature": "Int\u00e9rieur",
                "equip_sol": "Synth\u00e9tique (hors gazon)",
                "equip_long": 16.0,
                "equip_larg": 14.0,
                "equip_haut": 4.0,
                "equip_surf": 224.0,
                "equip_eclair": "true",
                "equip_piste_nb": null,
                "equip_trib_nb": 0,
                "equip_vest_sport": 4,
                "equip_vest_ens": 2,
                "equip_douche": "true",
                "equip_sanit": "true",
                "equip_loc_type": null,
                "equip_conf_type": null,
                "equip_acces_handi_mobilite": "Aire de jeu",
                "equip_acces_handi_sensoriel": null,
                "equip_pdesi_pdipr": null,
                "equip_bassin_long": null,
                "equip_bassin_larg": null,
                "equip_bassin_surf": null,
                "equip_bassin_min": null,
                "equip_bassin_max": null,
                "equip_piste_long": null,
                "equip_sae_haut": null,
                "equip_sae_surf": null,
                "equip_sae_couloir": null,
                "equip_pasdetir": null,
                "equip_url": "www.ville-mouroux.fr",
                "equip_utilisateur": "[\"Clubs sportifs,comit\u00e9s,ligues,f\u00e9d\u00e9rations\"]",
                "equip_acc_libre": "false",
                "equip_saison": "false",
                "equip_obs": null,
                "equip_type_famille": "Salle de combat",
                "equip_type_code": "1801",
                "equip_rnb": "DC5JTWH5NK6T",
                "inst_acc_handi_bool": "true",
                "inst_trans_bool": "false",
                "inst_part_bool": "false",
                "equip_loc_bool": "false",
                "equip_pmr_vest": "false",
                "equip_pmr_acc": "false",
                "equip_pmr_aire": "true",
                "equip_pmr_chem": "false",
                "equip_pmr_douche": "false",
                "equip_pmr_sanit": "false",
                "equip_pmr_trib": "false",
                "equip_pshs_aire": "false",
                "equip_pshs_chem": "false",
                "equip_pshs_sanit": "false",
                "equip_pshs_sign": "false",
                "equip_pshs_trib": "false",
                "equip_pshs_vest": "false",
                "equip_x": "3.03157",
                "equip_y": "48.82213",
                "inst_part_type": null,
                "aps_name": [
                    "Judo \/ Jujitsu \/ Ta\u00efso",
                    "Karat\u00e9\/Karat\u00e9 jutsu\/Goshin jutsu\/Kobudo\/Nihon Tai-jutsu\/Taijitsu\/Nambudo\/Ninjutsu\/Nunchaku\/..."
                ],
                "equip_qpv": null,
                "equip_qpv_200m": null,
                "categorie": null,
                "gen_2024fin_labellisation": null
            }
        },
        {
            "type": "Feature",
            "geometry": {
                "type": "Point",
                "coordinates": [
                    2.807678,
                    48.258485
                ]
            },
            "properties": {
                "equip_numero": "E001I773290001",
                "inst_numero": "I773290001",
                "inst_enqu_date": "2025-03-31",
                "inst_nom": "CENTRE DE READAPTATION PROFESSIONNELLE ET DE FORMATION",
                "inst_siret": "77565757000047",
                "inst_adresse": "2 rue des arches",
                "inst_cp": "77710",
                "new_name": "Nanteau-sur-Lunain",
                "new_code": "77329",
                "inst_part_type_filter": null,
                "inst_uai": null,
                "inst_acc_handi_type": "[\"Handicap moteur\"]",
                "inst_trans_type": "[\"Bus\"]",
                "inst_obs": "Etablissement m\u00e9dico-social\r\nMise en place d'accessibilit\u00e9 pour handicaps sensoriels \u00e0 venir (2024).",
                "inst_date_etat": "2024-05-29",
                "inst_date_creation": "2009-09-24",
                "inst_hs_bool": null,
                "epci_code": "247700032",
                "dep_code": "77",
                "dep_nom": "Seine-et-Marne",
                "reg_code": "11",
                "reg_nom": "\u00cele-de-France",
                "epci_nom": "CC Moret Seine et Loing",
                "code_bdv": "77333",
                "lib_bdv": "Nemours",
                "arr_code": "774",
                "arr_name": "Fontainebleau",
                "dens_niveau": 6,
                "dens_lib": "Rural \u00e0 habitat dispers\u00e9",
                "dep_code_filled": "77",
                "aca_nom": "Acad\u00e9mie de Cr\u00e9teil",
                "zrr_simp": "NC - Commune non class\u00e9e",
                "equip_nom": "GYMNASE",
                "equip_type_name": "Salle multisports (gymnase)",
                "equip_prop_nom": "FONDATION COS ALEXANDRE GLASBERG",
                "equip_prop_type": "Association(s)",
                "equip_propsec_type": null,
                "equip_gest_type": "Association(s)",
                "equip_cogest_type": null,
                "equip_dsp": "false",
                "equip_ouv_public_bool": null,
                "equip_erp_type": "[\"X\"]",
                "equip_erp_cat": 5,
                "equip_homo_date": null,
                "equip_homo_periode": null,
                "equip_service_date": null,
                "equip_service_periode": "1965-1974",
                "equip_travaux_date": null,
                "equip_travaux_periode": null,
                "equip_travaux_type": null,
                "equip_energie": null,
                "equip_nature": "Int\u00e9rieur",
                "equip_sol": "Gazon synth\u00e9tique",
                "equip_long": 45.0,
                "equip_larg": 35.0,
                "equip_haut": 10.0,
                "equip_surf": 1575.0,
                "equip_eclair": "true",
                "equip_piste_nb": null,
                "equip_trib_nb": null,
                "equip_vest_sport": 4,
                "equip_vest_ens": null,
                "equip_douche": "true",
                "equip_sanit": "true",
                "equip_loc_type": "[\"R\u00e9ception \/ Accueil\", \"Bureau(x) Club(s)\", \"Infirmerie\", \"Local de rangement\", \"Salle(s) de r\u00e9union\/cours\"]",
                "equip_conf_type": null,
                "equip_acces_handi_mobilite": "Accueil,Cheminements,Douches,Sanitaires,Vestiaires",
                "equip_acces_handi_sensoriel": null,
                "equip_pdesi_pdipr": null,
                "equip_bassin_long": null,
                "equip_bassin_larg": null,
                "equip_bassin_surf": null,
                "equip_bassin_min": null,
                "equip_bassin_max": null,
                "equip_piste_long": null,
                "equip_sae_haut": null,
                "equip_sae_surf": null,
                "equip_sae_couloir": null,
                "equip_pasdetir": null,
                "equip_url": "http:\/\/www.cos-crpf.com",
                "equip_utilisateur": "[\"Autre - association(s) et groupes divers\"]",
                "equip_acc_libre": "false",
                "equip_saison": null,
                "equip_obs": "Centre de Pr\u00e9paration aux Jeux (CPJ) + activit\u00e9: Boccia",
                "equip_type_famille": "Salle multisports",
                "equip_type_code": "1901",
                "equip_rnb": null,
                "inst_acc_handi_bool": "true",
                "inst_trans_bool": "true",
                "inst_part_bool": "false",
                "equip_loc_bool": "true",
                "equip_pmr_vest": "true",
                "equip_pmr_acc": "true",
                "equip_pmr_aire": "false",
                "equip_pmr_chem": "true",
                "equip_pmr_douche": "true",
                "equip_pmr_sanit": "true",
                "equip_pmr_trib": "false",
                "equip_pshs_aire": "false",
                "equip_pshs_chem": "false",
                "equip_pshs_sanit": "false",
                "equip_pshs_sign": "false",
                "equip_pshs_trib": "false",
                "equip_pshs_vest": "false",
                "equip_x": "2.807678",
                "equip_y": "48.258485",
                "inst_part_type": null,
                "aps_name": [
                    "Badminton",
                    "Jeu de volant",
                    "Basket-Ball",
                    "Judo \/ Jujitsu \/ Ta\u00efso",
                    "Lutte traditionnelle \/ olympique libre \/ olympique gr\u00e9co-romaine \/  bretonne \/ f\u00e9minine",
                    "Tennis",
                    "Tennis de table",
                    "Tir \u00e0 l'arc",
                    "Volley-ball \/ Volley-ball de plage (beach-volley) \/ Green-Volley"
                ],
                "equip_qpv": null,
                "equip_qpv_200m": null,
                "categorie": "structurant",
                "gen_2024fin_labellisation": null
            }
        },
        {
            "type": "Feature",
            "geometry": {
                "type": "Point",
                "coordinates": [
                    2.8606,
                    48.4539
                ]
            },
            "properties": {
                "equip_numero": "E001I773540001",
                "inst_numero": "I773540001",
                "inst_enqu_date": "2025-03-31",
                "inst_nom": "SALLE DE SPORTS ET TERRAIN MULTISPORTS",
                "inst_siret": null,
                "inst_adresse": "RUE DU 19 MARS 1962",
                "inst_cp": "77830",
                "new_name": "Pamfou",
                "new_code": "77354",
                "inst_part_type_filter": null,
                "inst_uai": null,
                "inst_acc_handi_type": "[\"Handicap moteur\"]",
                "inst_trans_type": "[\"Bus\"]",
                "inst_obs": null,
                "inst_date_etat": "2015-03-26",
                "inst_date_creation": "2005-09-22",
                "inst_hs_bool": null,
                "epci_code": "200070779",
                "dep_code": "77",
                "dep_nom": "Seine-et-Marne",
                "reg_code": "11",
                "reg_nom": "\u00cele-de-France",
                "epci_nom": "CC Brie des Rivi\u00e8res et Ch\u00e2teaux",
                "code_bdv": "77100",
                "lib_bdv": "Le Ch\u00e2telet-en-Brie",
                "arr_code": "772",
                "arr_name": "Melun",
                "dens_niveau": 5,
                "dens_lib": "Bourgs ruraux",
                "dep_code_filled": "77",
                "aca_nom": "Acad\u00e9mie de Cr\u00e9teil",
                "zrr_simp": "NC - Commune non class\u00e9e",
                "equip_nom": "SALLE DE SPORTS",
                "equip_type_name": "Salle multisports (gymnase)",
                "equip_prop_nom": null,
                "equip_prop_type": "Commune",
                "equip_propsec_type": null,
                "equip_gest_type": "Commune",
                "equip_cogest_type": null,
                "equip_dsp": "false",
                "equip_ouv_public_bool": "true",
                "equip_erp_type": "[\"L\"]",
                "equip_erp_cat": 4,
                "equip_homo_date": null,
                "equip_homo_periode": null,
                "equip_service_date": "1994",
                "equip_service_periode": "1985-1994",
                "equip_travaux_date": null,
                "equip_travaux_periode": null,
                "equip_travaux_type": null,
                "equip_energie": "[\"Gaz\"]",
                "equip_nature": "Int\u00e9rieur",
                "equip_sol": "Synth\u00e9tique (hors gazon)",
                "equip_long": 15.0,
                "equip_larg": 13.0,
                "equip_haut": 2.0,
                "equip_surf": 200.0,
                "equip_eclair": "true",
                "equip_piste_nb": null,
                "equip_trib_nb": 0,
                "equip_vest_sport": 2,
                "equip_vest_ens": 0,
                "equip_douche": "true",
                "equip_sanit": "true",
                "equip_loc_type": null,
                "equip_conf_type": null,
                "equip_acces_handi_mobilite": "Aire de jeu,Cheminements",
                "equip_acces_handi_sensoriel": null,
                "equip_pdesi_pdipr": null,
                "equip_bassin_long": null,
                "equip_bassin_larg": null,
                "equip_bassin_surf": null,
                "equip_bassin_min": null,
                "equip_bassin_max": null,
                "equip_piste_long": null,
                "equip_sae_haut": null,
                "equip_sae_surf": null,
                "equip_sae_couloir": null,
                "equip_pasdetir": null,
                "equip_url": null,
                "equip_utilisateur": "[\"Clubs sportifs,comit\u00e9s,ligues,f\u00e9d\u00e9rations,Scolaires,universit\u00e9s\"]",
                "equip_acc_libre": "false",
                "equip_saison": "false",
                "equip_obs": null,
                "equip_type_famille": "Salle multisports",
                "equip_type_code": "1901",
                "equip_rnb": null,
                "inst_acc_handi_bool": "true",
                "inst_trans_bool": "true",
                "inst_part_bool": "false",
                "equip_loc_bool": "false",
                "equip_pmr_vest": "false",
                "equip_pmr_acc": "false",
                "equip_pmr_aire": "true",
                "equip_pmr_chem": "true",
                "equip_pmr_douche": "false",
                "equip_pmr_sanit": "false",
                "equip_pmr_trib": "false",
                "equip_pshs_aire": "false",
                "equip_pshs_chem": "false",
                "equip_pshs_sanit": "false",
                "equip_pshs_sign": "false",
                "equip_pshs_trib": "false",
                "equip_pshs_vest": "false",
                "equip_x": "2.8606",
                "equip_y": "48.4539",
                "inst_part_type": null,
                "aps_name": [
                    "Gymnastique Artistique",
                    "Judo \/ Jujitsu \/ Ta\u00efso",
                    "Tennis de table"
                ],
                "equip_qpv": null,
                "equip_qpv_200m": null,
                "categorie": "structurant",
                "gen_2024fin_labellisation": null
            }
        },
        {
            "type": "Feature",
            "geometry": {
                "type": "Point",
                "coordinates": [
                    2.8601,
                    48.89826
                ]
            },
            "properties": {
                "equip_numero": "E001I773820002",
                "inst_numero": "I773820002",
                "inst_enqu_date": "2025-03-31",
                "inst_nom": "SALLE SPORTIVE DE LA DHUIS",
                "inst_siret": null,
                "inst_adresse": "Rue de Mareuil",
                "inst_cp": "77860",
                "new_name": "Quincy-Voisins",
                "new_code": "77382",
                "inst_part_type_filter": null,
                "inst_uai": null,
                "inst_acc_handi_type": "[\"Handicap moteur\"]",
                "inst_trans_type": null,
                "inst_obs": null,
                "inst_date_etat": "2024-04-25",
                "inst_date_creation": "2005-09-22",
                "inst_hs_bool": "false",
                "epci_code": "200072130",
                "dep_code": "77",
                "dep_nom": "Seine-et-Marne",
                "reg_code": "11",
                "reg_nom": "\u00cele-de-France",
                "epci_nom": "CA du Pays de Meaux",
                "code_bdv": "77284",
                "lib_bdv": "Meaux",
                "arr_code": "771",
                "arr_name": "Meaux",
                "dens_niveau": 4,
                "dens_lib": "Ceintures urbaines",
                "dep_code_filled": "77",
                "aca_nom": "Acad\u00e9mie de Cr\u00e9teil",
                "zrr_simp": "NC - Commune non class\u00e9e",
                "equip_nom": "SALLE DES ARTS MARTIAUX",
                "equip_type_name": "Dojo \/ Salle d'arts martiaux",
                "equip_prop_nom": "Commune de Quincy-Voisins",
                "equip_prop_type": "Commune",
                "equip_propsec_type": null,
                "equip_gest_type": "Commune",
                "equip_cogest_type": null,
                "equip_dsp": "false",
                "equip_ouv_public_bool": "true",
                "equip_erp_type": "[\"X\"]",
                "equip_erp_cat": 5,
                "equip_homo_date": "1993-03-10",
                "equip_homo_periode": "1985-1994",
                "equip_service_date": "1993",
                "equip_service_periode": "1985-1994",
                "equip_travaux_date": null,
                "equip_travaux_periode": null,
                "equip_travaux_type": null,
                "equip_energie": "[\"Electricit\u00e9\"]",
                "equip_nature": "Int\u00e9rieur",
                "equip_sol": "B\u00e9ton",
                "equip_long": 12.0,
                "equip_larg": 9.7,
                "equip_haut": 3.5,
                "equip_surf": 116.0,
                "equip_eclair": "true",
                "equip_piste_nb": null,
                "equip_trib_nb": 0,
                "equip_vest_sport": 2,
                "equip_vest_ens": 0,
                "equip_douche": "true",
                "equip_sanit": "true",
                "equip_loc_type": "[\"Local de rangement\"]",
                "equip_conf_type": null,
                "equip_acces_handi_mobilite": "Accueil,Aire de jeu,Cheminements,Douches,Sanitaires,Vestiaires",
                "equip_acces_handi_sensoriel": null,
                "equip_pdesi_pdipr": null,
                "equip_bassin_long": null,
                "equip_bassin_larg": null,
                "equip_bassin_surf": null,
                "equip_bassin_min": null,
                "equip_bassin_max": null,
                "equip_piste_long": null,
                "equip_sae_haut": null,
                "equip_sae_surf": null,
                "equip_sae_couloir": null,
                "equip_pasdetir": null,
                "equip_url": "http:\/\/www.quincy-voisins.fr",
                "equip_utilisateur": "[\"Individuel(s),famille(s),Clubs sportifs,comit\u00e9s,ligues,f\u00e9d\u00e9rations,Scolaires,universit\u00e9s\"]",
                "equip_acc_libre": "false",
                "equip_saison": "false",
                "equip_obs": null,
                "equip_type_famille": "Salle de combat",
                "equip_type_code": "1801",
                "equip_rnb": "GF3DDE85A7WN",
                "inst_acc_handi_bool": "true",
                "inst_trans_bool": "false",
                "inst_part_bool": "false",
                "equip_loc_bool": "true",
                "equip_pmr_vest": "true",
                "equip_pmr_acc": "true",
                "equip_pmr_aire": "true",
                "equip_pmr_chem": "true",
                "equip_pmr_douche": "true",
                "equip_pmr_sanit": "true",
                "equip_pmr_trib": "false",
                "equip_pshs_aire": "false",
                "equip_pshs_chem": "false",
                "equip_pshs_sanit": "false",
                "equip_pshs_sign": "false",
                "equip_pshs_trib": "false",
                "equip_pshs_vest": "false",
                "equip_x": "2.8601",
                "equip_y": "48.89826",
                "inst_part_type": null,
                "aps_name": [
                    "Activit\u00e9s de forme et de sant\u00e9",
                    "Judo \/ Jujitsu \/ Ta\u00efso",
                    "Karat\u00e9\/Karat\u00e9 jutsu\/Goshin jutsu\/Kobudo\/Nihon Tai-jutsu\/Taijitsu\/Nambudo\/Ninjutsu\/Nunchaku\/...",
                    "Musculation"
                ],
                "equip_qpv": null,
                "equip_qpv_200m": null,
                "categorie": null,
                "gen_2024fin_labellisation": null
            }
        },
        {
            "type": "Feature",
            "geometry": {
                "type": "Point",
                "coordinates": [
                    2.76623,
                    48.73836
                ]
            },
            "properties": {
                "equip_numero": "E001I774700002",
                "inst_numero": "I774700002",
                "inst_enqu_date": "2025-03-31",
                "inst_nom": "SALLE DE JUDO",
                "inst_siret": null,
                "inst_adresse": "RUE DE LA CORDERIE",
                "inst_cp": "77220",
                "new_name": "Tournan-en-Brie",
                "new_code": "77470",
                "inst_part_type_filter": null,
                "inst_uai": null,
                "inst_acc_handi_type": "[\"Handicap moteur\"]",
                "inst_trans_type": null,
                "inst_obs": null,
                "inst_date_etat": "2024-04-25",
                "inst_date_creation": "2005-09-22",
                "inst_hs_bool": null,
                "epci_code": "200023125",
                "dep_code": "77",
                "dep_nom": "Seine-et-Marne",
                "reg_code": "11",
                "reg_nom": "\u00cele-de-France",
                "epci_nom": "CC Les Portes Briardes entre Villes et For\u00eats",
                "code_bdv": "77470",
                "lib_bdv": "Tournan-en-Brie",
                "arr_code": "775",
                "arr_name": "Torcy",
                "dens_niveau": 2,
                "dens_lib": "Centres urbains interm\u00e9diaires",
                "dep_code_filled": "77",
                "aca_nom": "Acad\u00e9mie de Cr\u00e9teil",
                "zrr_simp": "NC - Commune non class\u00e9e",
                "equip_nom": "DOJO",
                "equip_type_name": "Dojo \/ Salle d'arts martiaux",
                "equip_prop_nom": null,
                "equip_prop_type": "Commune",
                "equip_propsec_type": null,
                "equip_gest_type": "Commune",
                "equip_cogest_type": null,
                "equip_dsp": "false",
                "equip_ouv_public_bool": "true",
                "equip_erp_type": "[\"X\"]",
                "equip_erp_cat": 5,
                "equip_homo_date": null,
                "equip_homo_periode": null,
                "equip_service_date": "1975",
                "equip_service_periode": "1975-1984",
                "equip_travaux_date": null,
                "equip_travaux_periode": null,
                "equip_travaux_type": null,
                "equip_energie": "[\"Gaz\"]",
                "equip_nature": "Int\u00e9rieur",
                "equip_sol": "B\u00e9ton",
                "equip_long": 20.0,
                "equip_larg": 10.0,
                "equip_haut": 3.0,
                "equip_surf": 200.0,
                "equip_eclair": "true",
                "equip_piste_nb": null,
                "equip_trib_nb": 0,
                "equip_vest_sport": 2,
                "equip_vest_ens": 0,
                "equip_douche": "true",
                "equip_sanit": "true",
                "equip_loc_type": null,
                "equip_conf_type": null,
                "equip_acces_handi_mobilite": null,
                "equip_acces_handi_sensoriel": null,
                "equip_pdesi_pdipr": null,
                "equip_bassin_long": null,
                "equip_bassin_larg": null,
                "equip_bassin_surf": null,
                "equip_bassin_min": null,
                "equip_bassin_max": null,
                "equip_piste_long": null,
                "equip_sae_haut": null,
                "equip_sae_surf": null,
                "equip_sae_couloir": null,
                "equip_pasdetir": null,
                "equip_url": "www.tournan-en-brie.fr",
                "equip_utilisateur": "[\"Clubs sportifs,comit\u00e9s,ligues,f\u00e9d\u00e9rations,Scolaires,universit\u00e9s\"]",
                "equip_acc_libre": "false",
                "equip_saison": "false",
                "equip_obs": null,
                "equip_type_famille": "Salle de combat",
                "equip_type_code": "1801",
                "equip_rnb": "P9XC9AWJJKWN",
                "inst_acc_handi_bool": "true",
                "inst_trans_bool": "false",
                "inst_part_bool": "false",
                "equip_loc_bool": "false",
                "equip_pmr_vest": "false",
                "equip_pmr_acc": "false",
                "equip_pmr_aire": "false",
                "equip_pmr_chem": "false",
                "equip_pmr_douche": "false",
                "equip_pmr_sanit": "false",
                "equip_pmr_trib": "false",
                "equip_pshs_aire": "false",
                "equip_pshs_chem": "false",
                "equip_pshs_sanit": "false",
                "equip_pshs_sign": "false",
                "equip_pshs_trib": "false",
                "equip_pshs_vest": "false",
                "equip_x": "2.76623",
                "equip_y": "48.73836",
                "inst_part_type": null,
                "aps_name": [
                    "Judo \/ Jujitsu \/ Ta\u00efso"
                ],
                "equip_qpv": null,
                "equip_qpv_200m": null,
                "categorie": null,
                "gen_2024fin_labellisation": null
            }
        },
        {
            "type": "Feature",
            "geometry": {
                "type": "Point",
                "coordinates": [
                    2.69139,
                    48.88177
                ]
            },
            "properties": {
                "equip_numero": "E001I773720006",
                "inst_numero": "I773720006",
                "inst_enqu_date": "2025-03-31",
                "inst_nom": "SALLE POLYVALENTE",
                "inst_siret": null,
                "inst_adresse": "RUE DU GENERAL LECLERC",
                "inst_cp": "77400",
                "new_name": "Pomponne",
                "new_code": "77372",
                "inst_part_type_filter": null,
                "inst_uai": null,
                "inst_acc_handi_type": "[\"Handicap moteur\"]",
                "inst_trans_type": null,
                "inst_obs": null,
                "inst_date_etat": "2024-06-19",
                "inst_date_creation": "2005-09-22",
                "inst_hs_bool": null,
                "epci_code": "247700594",
                "dep_code": "77",
                "dep_nom": "Seine-et-Marne",
                "reg_code": "11",
                "reg_nom": "\u00cele-de-France",
                "epci_nom": "CA Marne et Gondoire",
                "code_bdv": "75056",
                "lib_bdv": "Paris",
                "arr_code": "775",
                "arr_name": "Torcy",
                "dens_niveau": 4,
                "dens_lib": "Ceintures urbaines",
                "dep_code_filled": "77",
                "aca_nom": "Acad\u00e9mie de Cr\u00e9teil",
                "zrr_simp": "NC - Commune non class\u00e9e",
                "equip_nom": "SALLE POLYVALENTE",
                "equip_type_name": "Salles polyvalentes \/ des f\u00eates \/ non sp\u00e9cialis\u00e9es",
                "equip_prop_nom": "Mairie de Pomponne",
                "equip_prop_type": "Commune",
                "equip_propsec_type": null,
                "equip_gest_type": "Commune",
                "equip_cogest_type": null,
                "equip_dsp": "false",
                "equip_ouv_public_bool": "true",
                "equip_erp_type": "[\"L\", \"X\"]",
                "equip_erp_cat": 4,
                "equip_homo_date": null,
                "equip_homo_periode": null,
                "equip_service_date": "1993",
                "equip_service_periode": "1985-1994",
                "equip_travaux_date": null,
                "equip_travaux_periode": null,
                "equip_travaux_type": null,
                "equip_energie": "[\"Gaz\"]",
                "equip_nature": "Int\u00e9rieur",
                "equip_sol": "Parquet",
                "equip_long": 20.0,
                "equip_larg": 20.0,
                "equip_haut": 5.0,
                "equip_surf": 400.0,
                "equip_eclair": "true",
                "equip_piste_nb": null,
                "equip_trib_nb": 0,
                "equip_vest_sport": 0,
                "equip_vest_ens": 0,
                "equip_douche": "false",
                "equip_sanit": "true",
                "equip_loc_type": "[\"Local de rangement\"]",
                "equip_conf_type": null,
                "equip_acces_handi_mobilite": "Aire de jeu,Cheminements",
                "equip_acces_handi_sensoriel": null,
                "equip_pdesi_pdipr": null,
                "equip_bassin_long": null,
                "equip_bassin_larg": null,
                "equip_bassin_surf": null,
                "equip_bassin_min": null,
                "equip_bassin_max": null,
                "equip_piste_long": null,
                "equip_sae_haut": null,
                "equip_sae_surf": null,
                "equip_sae_couloir": null,
                "equip_pasdetir": null,
                "equip_url": "http:\/\/www.pomponne.org",
                "equip_utilisateur": "[\"Clubs sportifs,comit\u00e9s,ligues,f\u00e9d\u00e9rations,Autre - association(s) et groupes divers\"]",
                "equip_acc_libre": "false",
                "equip_saison": "false",
                "equip_obs": null,
                "equip_type_famille": "Salle non sp\u00e9cialis\u00e9e",
                "equip_type_code": "2201",
                "equip_rnb": "6RES1FY1ME6Z",
                "inst_acc_handi_bool": "true",
                "inst_trans_bool": "false",
                "inst_part_bool": "false",
                "equip_loc_bool": "true",
                "equip_pmr_vest": "false",
                "equip_pmr_acc": "false",
                "equip_pmr_aire": "true",
                "equip_pmr_chem": "true",
                "equip_pmr_douche": "false",
                "equip_pmr_sanit": "false",
                "equip_pmr_trib": "false",
                "equip_pshs_aire": "false",
                "equip_pshs_chem": "false",
                "equip_pshs_sanit": "false",
                "equip_pshs_sign": "false",
                "equip_pshs_trib": "false",
                "equip_pshs_vest": "false",
                "equip_x": "2.69139",
                "equip_y": "48.88177",
                "inst_part_type": null,
                "aps_name": [
                    "Activit\u00e9s de forme et de sant\u00e9",
                    "Judo \/ Jujitsu \/ Ta\u00efso",
                    "Tennis de table"
                ],
                "equip_qpv": null,
                "equip_qpv_200m": null,
                "categorie": null,
                "gen_2024fin_labellisation": null
            }
        },
        {
            "type": "Feature",
            "geometry": {
                "type": "Point",
                "coordinates": [
                    2.82598,
                    48.8109
                ]
            },
            "properties": {
                "equip_numero": "E001I775080001",
                "inst_numero": "I775080001",
                "inst_enqu_date": "2025-03-31",
                "inst_nom": "STADE",
                "inst_siret": null,
                "inst_adresse": "ALLEE DE LA POINTE",
                "inst_cp": "77174",
                "new_name": "Villeneuve-le-Comte",
                "new_code": "77508",
                "inst_part_type_filter": null,
                "inst_uai": null,
                "inst_acc_handi_type": "[\"Handicap moteur\"]",
                "inst_trans_type": "[\"Bus\"]",
                "inst_obs": null,
                "inst_date_etat": "2015-03-18",
                "inst_date_creation": "2005-09-22",
                "inst_hs_bool": null,
                "epci_code": "247700339",
                "dep_code": "77",
                "dep_nom": "Seine-et-Marne",
                "reg_code": "11",
                "reg_nom": "\u00cele-de-France",
                "epci_nom": "CA Val d'Europe Agglom\u00e9ration",
                "code_bdv": "77268",
                "lib_bdv": "Magny-le-Hongre",
                "arr_code": "775",
                "arr_name": "Torcy",
                "dens_niveau": 5,
                "dens_lib": "Bourgs ruraux",
                "dep_code_filled": "77",
                "aca_nom": "Acad\u00e9mie de Cr\u00e9teil",
                "zrr_simp": "NC - Commune non class\u00e9e",
                "equip_nom": "DOJO",
                "equip_type_name": "Dojo \/ Salle d'arts martiaux",
                "equip_prop_nom": null,
                "equip_prop_type": "Commune",
                "equip_propsec_type": null,
                "equip_gest_type": "Commune",
                "equip_cogest_type": null,
                "equip_dsp": "false",
                "equip_ouv_public_bool": "true",
                "equip_erp_type": "[\"L\"]",
                "equip_erp_cat": null,
                "equip_homo_date": null,
                "equip_homo_periode": null,
                "equip_service_date": "1989",
                "equip_service_periode": "1985-1994",
                "equip_travaux_date": null,
                "equip_travaux_periode": null,
                "equip_travaux_type": null,
                "equip_energie": "[\"Gaz\"]",
                "equip_nature": "Int\u00e9rieur",
                "equip_sol": "Parquet",
                "equip_long": 15.0,
                "equip_larg": 15.0,
                "equip_haut": 6.0,
                "equip_surf": 225.0,
                "equip_eclair": "true",
                "equip_piste_nb": null,
                "equip_trib_nb": 0,
                "equip_vest_sport": 1,
                "equip_vest_ens": 0,
                "equip_douche": "false",
                "equip_sanit": "true",
                "equip_loc_type": null,
                "equip_conf_type": null,
                "equip_acces_handi_mobilite": "Aire de jeu,Cheminements",
                "equip_acces_handi_sensoriel": null,
                "equip_pdesi_pdipr": null,
                "equip_bassin_long": null,
                "equip_bassin_larg": null,
                "equip_bassin_surf": null,
                "equip_bassin_min": null,
                "equip_bassin_max": null,
                "equip_piste_long": null,
                "equip_sae_haut": null,
                "equip_sae_surf": null,
                "equip_sae_couloir": null,
                "equip_pasdetir": null,
                "equip_url": "http:\/\/www.villeneuve-le-comte.fr",
                "equip_utilisateur": "[\"Clubs sportifs,comit\u00e9s,ligues,f\u00e9d\u00e9rations,Scolaires,universit\u00e9s\"]",
                "equip_acc_libre": "false",
                "equip_saison": "false",
                "equip_obs": null,
                "equip_type_famille": "Salle de combat",
                "equip_type_code": "1801",
                "equip_rnb": null,
                "inst_acc_handi_bool": "true",
                "inst_trans_bool": "true",
                "inst_part_bool": "false",
                "equip_loc_bool": "false",
                "equip_pmr_vest": "false",
                "equip_pmr_acc": "false",
                "equip_pmr_aire": "true",
                "equip_pmr_chem": "true",
                "equip_pmr_douche": "false",
                "equip_pmr_sanit": "false",
                "equip_pmr_trib": "false",
                "equip_pshs_aire": "false",
                "equip_pshs_chem": "false",
                "equip_pshs_sanit": "false",
                "equip_pshs_sign": "false",
                "equip_pshs_trib": "false",
                "equip_pshs_vest": "false",
                "equip_x": "2.82598",
                "equip_y": "48.8109",
                "inst_part_type": null,
                "aps_name": [
                    "Judo \/ Jujitsu \/ Ta\u00efso"
                ],
                "equip_qpv": null,
                "equip_qpv_200m": null,
                "categorie": null,
                "gen_2024fin_labellisation": null
            }
        },
        {
            "type": "Feature",
            "geometry": {
                "type": "Point",
                "coordinates": [
                    2.66205,
                    48.5705
                ]
            },
            "properties": {
                "equip_numero": "E001I775280001",
                "inst_numero": "I775280001",
                "inst_enqu_date": "2025-03-31",
                "inst_nom": "MILLE CLUB",
                "inst_siret": null,
                "inst_adresse": "16 RUE DES ECOLES",
                "inst_cp": "77950",
                "new_name": "Voisenon",
                "new_code": "77528",
                "inst_part_type_filter": null,
                "inst_uai": null,
                "inst_acc_handi_type": "[\"Handicap moteur\"]",
                "inst_trans_type": "[\"Bus\"]",
                "inst_obs": null,
                "inst_date_etat": "2015-03-23",
                "inst_date_creation": "2005-09-22",
                "inst_hs_bool": null,
                "epci_code": "247700057",
                "dep_code": "77",
                "dep_nom": "Seine-et-Marne",
                "reg_code": "11",
                "reg_nom": "\u00cele-de-France",
                "epci_nom": "CA Melun Val de Seine",
                "code_bdv": "77288",
                "lib_bdv": "Melun",
                "arr_code": "772",
                "arr_name": "Melun",
                "dens_niveau": 4,
                "dens_lib": "Ceintures urbaines",
                "dep_code_filled": "77",
                "aca_nom": "Acad\u00e9mie de Cr\u00e9teil",
                "zrr_simp": "NC - Commune non class\u00e9e",
                "equip_nom": "MILLE CLUB - SALLE POLYVALENTE",
                "equip_type_name": "Salles polyvalentes \/ des f\u00eates \/ non sp\u00e9cialis\u00e9es",
                "equip_prop_nom": null,
                "equip_prop_type": "Commune",
                "equip_propsec_type": null,
                "equip_gest_type": "Commune",
                "equip_cogest_type": null,
                "equip_dsp": "false",
                "equip_ouv_public_bool": "true",
                "equip_erp_type": "[\"L\"]",
                "equip_erp_cat": null,
                "equip_homo_date": null,
                "equip_homo_periode": null,
                "equip_service_date": "1988",
                "equip_service_periode": "1985-1994",
                "equip_travaux_date": "2009",
                "equip_travaux_periode": "A partir de 2005",
                "equip_travaux_type": "[\"Inadaptation aux attentes des usagers\"]",
                "equip_energie": "[\"Gaz\"]",
                "equip_nature": "Int\u00e9rieur",
                "equip_sol": "Carrelage",
                "equip_long": 20.0,
                "equip_larg": 15.0,
                "equip_haut": 4.0,
                "equip_surf": 300.0,
                "equip_eclair": "true",
                "equip_piste_nb": null,
                "equip_trib_nb": 0,
                "equip_vest_sport": 2,
                "equip_vest_ens": 0,
                "equip_douche": "false",
                "equip_sanit": "true",
                "equip_loc_type": "[\"Local de rangement\"]",
                "equip_conf_type": null,
                "equip_acces_handi_mobilite": "Aire de jeu,Cheminements",
                "equip_acces_handi_sensoriel": null,
                "equip_pdesi_pdipr": null,
                "equip_bassin_long": null,
                "equip_bassin_larg": null,
                "equip_bassin_surf": null,
                "equip_bassin_min": null,
                "equip_bassin_max": null,
                "equip_piste_long": null,
                "equip_sae_haut": null,
                "equip_sae_surf": null,
                "equip_sae_couloir": null,
                "equip_pasdetir": null,
                "equip_url": "http:\/\/www.voisenon.com",
                "equip_utilisateur": "[\"Clubs sportifs,comit\u00e9s,ligues,f\u00e9d\u00e9rations,Autre - association(s) et groupes divers\"]",
                "equip_acc_libre": "false",
                "equip_saison": "false",
                "equip_obs": null,
                "equip_type_famille": "Salle non sp\u00e9cialis\u00e9e",
                "equip_type_code": "2201",
                "equip_rnb": "X3TNDZ9D1QVB",
                "inst_acc_handi_bool": "true",
                "inst_trans_bool": "true",
                "inst_part_bool": "false",
                "equip_loc_bool": "true",
                "equip_pmr_vest": "false",
                "equip_pmr_acc": "false",
                "equip_pmr_aire": "true",
                "equip_pmr_chem": "true",
                "equip_pmr_douche": "false",
                "equip_pmr_sanit": "false",
                "equip_pmr_trib": "false",
                "equip_pshs_aire": "false",
                "equip_pshs_chem": "false",
                "equip_pshs_sanit": "false",
                "equip_pshs_sign": "false",
                "equip_pshs_trib": "false",
                "equip_pshs_vest": "false",
                "equip_x": "2.66205",
                "equip_y": "48.5705",
                "inst_part_type": null,
                "aps_name": [
                    "Autres Danses",
                    "Gymnastique volontaire",
                    "Judo \/ Jujitsu \/ Ta\u00efso",
                    "Tennis de table"
                ],
                "equip_qpv": null,
                "equip_qpv_200m": null,
                "categorie": null,
                "gen_2024fin_labellisation": null
            }
        },
        {
            "type": "Feature",
            "geometry": {
                "type": "Point",
                "coordinates": [
                    2.70016,
                    48.75631
                ]
            },
            "properties": {
                "equip_numero": "E004I773500018",
                "inst_numero": "I773500018",
                "inst_enqu_date": "2025-03-31",
                "inst_nom": "EDUCATION ET CULTURE SAINTE-THERESE (ECST) Campus Est",
                "inst_siret": "78498956800034",
                "inst_adresse": "AVENUE ERASME, ROND-POINT DE L'EUROPE",
                "inst_cp": "77330",
                "new_name": "Ozoir-la-Ferri\u00e8re",
                "new_code": "77350",
                "inst_part_type_filter": [
                    "Etablissement scolaire"
                ],
                "inst_uai": "0771217E",
                "inst_acc_handi_type": "[\"Handicap moteur\"]",
                "inst_trans_type": "[\"Bus\"]",
                "inst_obs": "Travaux en 2018: cr\u00e9ation de vestiaires ext\u00e9rieurs et PMR",
                "inst_date_etat": "2024-02-15",
                "inst_date_creation": "2005-09-22",
                "inst_hs_bool": "false",
                "epci_code": "200023125",
                "dep_code": "77",
                "dep_nom": "Seine-et-Marne",
                "reg_code": "11",
                "reg_nom": "\u00cele-de-France",
                "epci_nom": "CC Les Portes Briardes entre Villes et For\u00eats",
                "code_bdv": "75056",
                "lib_bdv": "Paris",
                "arr_code": "775",
                "arr_name": "Torcy",
                "dens_niveau": 2,
                "dens_lib": "Centres urbains interm\u00e9diaires",
                "dep_code_filled": "77",
                "aca_nom": "Acad\u00e9mie de Cr\u00e9teil",
                "zrr_simp": "NC - Commune non class\u00e9e",
                "equip_nom": "DOJO",
                "equip_type_name": "Dojo \/ Salle d'arts martiaux",
                "equip_prop_nom": "EUROPEAN CAMPUS STE THERESE",
                "equip_prop_type": "Etablissement d'enseignement priv\u00e9",
                "equip_propsec_type": "Commune",
                "equip_gest_type": "Etablissement d'enseignement priv\u00e9",
                "equip_cogest_type": null,
                "equip_dsp": "false",
                "equip_ouv_public_bool": "true",
                "equip_erp_type": "[\"R\", \"N\"]",
                "equip_erp_cat": 2,
                "equip_homo_date": null,
                "equip_homo_periode": null,
                "equip_service_date": "1992",
                "equip_service_periode": "1985-1994",
                "equip_travaux_date": null,
                "equip_travaux_periode": "A partir de 2005",
                "equip_travaux_type": "[\"V\u00e9tust\u00e9 normale\", \"remise \u00e0 niveau\"]",
                "equip_energie": "[\"Fuel\"]",
                "equip_nature": "Int\u00e9rieur",
                "equip_sol": "Synth\u00e9tique (hors gazon)",
                "equip_long": 22.0,
                "equip_larg": 6.8,
                "equip_haut": 2.8,
                "equip_surf": 150.0,
                "equip_eclair": "true",
                "equip_piste_nb": null,
                "equip_trib_nb": 0,
                "equip_vest_sport": 7,
                "equip_vest_ens": 0,
                "equip_douche": "false",
                "equip_sanit": "true",
                "equip_loc_type": "[\"R\u00e9ception \/ Accueil\", \"Local de rangement\", \"Salle(s) de r\u00e9union\/cours\"]",
                "equip_conf_type": null,
                "equip_acces_handi_mobilite": "Accueil,Aire de jeu,Cheminements,Sanitaires,Vestiaires",
                "equip_acces_handi_sensoriel": null,
                "equip_pdesi_pdipr": null,
                "equip_bassin_long": null,
                "equip_bassin_larg": null,
                "equip_bassin_surf": null,
                "equip_bassin_min": null,
                "equip_bassin_max": null,
                "equip_piste_long": null,
                "equip_sae_haut": null,
                "equip_sae_surf": null,
                "equip_sae_couloir": null,
                "equip_pasdetir": null,
                "equip_url": "http:\/\/www.campussaintetherese.org\/",
                "equip_utilisateur": "[\"Scolaires,universit\u00e9s,Autre - association(s) et groupes divers\"]",
                "equip_acc_libre": "false",
                "equip_saison": "false",
                "equip_obs": null,
                "equip_type_famille": "Salle de combat",
                "equip_type_code": "1801",
                "equip_rnb": "H8AFK4YWSNE5",
                "inst_acc_handi_bool": "true",
                "inst_trans_bool": "true",
                "inst_part_bool": "true",
                "equip_loc_bool": "true",
                "equip_pmr_vest": "true",
                "equip_pmr_acc": "true",
                "equip_pmr_aire": "true",
                "equip_pmr_chem": "true",
                "equip_pmr_douche": "false",
                "equip_pmr_sanit": "true",
                "equip_pmr_trib": "false",
                "equip_pshs_aire": "false",
                "equip_pshs_chem": "false",
                "equip_pshs_sanit": "false",
                "equip_pshs_sign": "false",
                "equip_pshs_trib": "false",
                "equip_pshs_vest": "false",
                "equip_x": "2.70016",
                "equip_y": "48.75631",
                "inst_part_type": "[\"Etablissement scolaire\"]",
                "aps_name": [
                    "Judo \/ Jujitsu \/ Ta\u00efso",
                    "Lutte traditionnelle \/ olympique libre \/ olympique gr\u00e9co-romaine \/  bretonne \/ f\u00e9minine",
                    "Musculation"
                ],
                "equip_qpv": null,
                "equip_qpv_200m": null,
                "categorie": null,
                "gen_2024fin_labellisation": null
            }
        },
        {
            "type": "Feature",
            "geometry": {
                "type": "Point",
                "coordinates": [
                    2.61282,
                    48.6878
                ]
            },
            "properties": {
                "equip_numero": "E002I770530013",
                "inst_numero": "I770530013",
                "inst_enqu_date": "2025-03-31",
                "inst_nom": "COMPLEXE RUE DES ECOLES",
                "inst_siret": null,
                "inst_adresse": "RUE DES ECOLES",
                "inst_cp": "77170",
                "new_name": "Brie-Comte-Robert",
                "new_code": "77053",
                "inst_part_type_filter": [
                    "Etablissement scolaire"
                ],
                "inst_uai": "0770084Y",
                "inst_acc_handi_type": "[\"Handicap moteur\"]",
                "inst_trans_type": "[\"Bus\"]",
                "inst_obs": null,
                "inst_date_etat": "2024-05-29",
                "inst_date_creation": "2005-09-22",
                "inst_hs_bool": null,
                "epci_code": "247700644",
                "dep_code": "77",
                "dep_nom": "Seine-et-Marne",
                "reg_code": "11",
                "reg_nom": "\u00cele-de-France",
                "epci_nom": "CC l'Or\u00e9e de la Brie",
                "code_bdv": "77053",
                "lib_bdv": "Brie-Comte-Robert",
                "arr_code": "775",
                "arr_name": "Torcy",
                "dens_niveau": 2,
                "dens_lib": "Centres urbains interm\u00e9diaires",
                "dep_code_filled": "77",
                "aca_nom": "Acad\u00e9mie de Cr\u00e9teil",
                "zrr_simp": "NC - Commune non class\u00e9e",
                "equip_nom": "SALLE D'ARTS MARTIAUX",
                "equip_type_name": "Dojo \/ Salle d'arts martiaux",
                "equip_prop_nom": null,
                "equip_prop_type": "Commune",
                "equip_propsec_type": null,
                "equip_gest_type": "Commune",
                "equip_cogest_type": null,
                "equip_dsp": "false",
                "equip_ouv_public_bool": "true",
                "equip_erp_type": "[\"X\"]",
                "equip_erp_cat": 5,
                "equip_homo_date": "2003-06-01",
                "equip_homo_periode": "1995-2004",
                "equip_service_date": "2003",
                "equip_service_periode": "1995-2004",
                "equip_travaux_date": null,
                "equip_travaux_periode": null,
                "equip_travaux_type": null,
                "equip_energie": "[\"Gaz\"]",
                "equip_nature": "Int\u00e9rieur",
                "equip_sol": "Synth\u00e9tique (hors gazon)",
                "equip_long": 23.0,
                "equip_larg": 16.0,
                "equip_haut": 4.0,
                "equip_surf": 368.0,
                "equip_eclair": "true",
                "equip_piste_nb": null,
                "equip_trib_nb": 0,
                "equip_vest_sport": 2,
                "equip_vest_ens": 1,
                "equip_douche": "true",
                "equip_sanit": "true",
                "equip_loc_type": null,
                "equip_conf_type": null,
                "equip_acces_handi_mobilite": "Aire de jeu",
                "equip_acces_handi_sensoriel": null,
                "equip_pdesi_pdipr": null,
                "equip_bassin_long": null,
                "equip_bassin_larg": null,
                "equip_bassin_surf": null,
                "equip_bassin_min": null,
                "equip_bassin_max": null,
                "equip_piste_long": null,
                "equip_sae_haut": null,
                "equip_sae_surf": null,
                "equip_sae_couloir": null,
                "equip_pasdetir": null,
                "equip_url": "www.briecomterobert.fr",
                "equip_utilisateur": "[\"Clubs sportifs,comit\u00e9s,ligues,f\u00e9d\u00e9rations,Scolaires,universit\u00e9s\"]",
                "equip_acc_libre": "false",
                "equip_saison": "false",
                "equip_obs": null,
                "equip_type_famille": "Salle de combat",
                "equip_type_code": "1801",
                "equip_rnb": "2CPQNZ5J992G",
                "inst_acc_handi_bool": "true",
                "inst_trans_bool": "true",
                "inst_part_bool": "true",
                "equip_loc_bool": "false",
                "equip_pmr_vest": "false",
                "equip_pmr_acc": "false",
                "equip_pmr_aire": "true",
                "equip_pmr_chem": "false",
                "equip_pmr_douche": "false",
                "equip_pmr_sanit": "false",
                "equip_pmr_trib": "false",
                "equip_pshs_aire": "false",
                "equip_pshs_chem": "false",
                "equip_pshs_sanit": "false",
                "equip_pshs_sign": "false",
                "equip_pshs_trib": "false",
                "equip_pshs_vest": "false",
                "equip_x": "2.61282",
                "equip_y": "48.6878",
                "inst_part_type": "[\"Etablissement scolaire\"]",
                "aps_name": [
                    "Aikido \/ Aikibudo \/ Budo",
                    "Gymnastique volontaire",
                    "Judo \/ Jujitsu \/ Ta\u00efso",
                    "Karat\u00e9\/Karat\u00e9 jutsu\/Goshin jutsu\/Kobudo\/Nihon Tai-jutsu\/Taijitsu\/Nambudo\/Ninjutsu\/Nunchaku\/...",
                    "Tai chi chuan \/ Chi gong"
                ],
                "equip_qpv": null,
                "equip_qpv_200m": null,
                "categorie": null,
                "gen_2024fin_labellisation": null
            }
        },
        {
            "type": "Feature",
            "geometry": {
                "type": "Point",
                "coordinates": [
                    2.98617,
                    48.36192
                ]
            },
            "properties": {
                "equip_numero": "E002I770610004",
                "inst_numero": "I770610004",
                "inst_enqu_date": "2025-03-31",
                "inst_nom": "COMPLEXE MULTISPORTS DE L\u2019\u00c9COLE NATIONALE SUP\u00c9RIEURE DE POLICE",
                "inst_siret": "19690189600023",
                "inst_adresse": "46 Rue D\u00e9sir\u00e9 Thoison",
                "inst_cp": "77130",
                "new_name": "Cannes-\u00c9cluse",
                "new_code": "77061",
                "inst_part_type_filter": [
                    "Etablissement scolaire"
                ],
                "inst_uai": "0772316Z",
                "inst_acc_handi_type": null,
                "inst_trans_type": null,
                "inst_obs": "Enseignement sup\u00e9rieur",
                "inst_date_etat": "2024-12-20",
                "inst_date_creation": "2016-01-25",
                "inst_hs_bool": null,
                "epci_code": "247700107",
                "dep_code": "77",
                "dep_nom": "Seine-et-Marne",
                "reg_code": "11",
                "reg_nom": "\u00cele-de-France",
                "epci_nom": "CC Pays de Montereau",
                "code_bdv": "77305",
                "lib_bdv": "Montereau-Fault-Yonne",
                "arr_code": "773",
                "arr_name": "Provins",
                "dens_niveau": 5,
                "dens_lib": "Bourgs ruraux",
                "dep_code_filled": "77",
                "aca_nom": "Acad\u00e9mie de Cr\u00e9teil",
                "zrr_simp": "NC - Commune non class\u00e9e",
                "equip_nom": "DOJOS",
                "equip_type_name": "Dojo \/ Salle d'arts martiaux",
                "equip_prop_nom": "\u00c9COLE NATIONALE SUP\u00c9RIEURE DE POLICE",
                "equip_prop_type": "Etat",
                "equip_propsec_type": null,
                "equip_gest_type": "Etat",
                "equip_cogest_type": null,
                "equip_dsp": "false",
                "equip_ouv_public_bool": "true",
                "equip_erp_type": "[\"X\"]",
                "equip_erp_cat": 5,
                "equip_homo_date": null,
                "equip_homo_periode": null,
                "equip_service_date": null,
                "equip_service_periode": "1995-2004",
                "equip_travaux_date": null,
                "equip_travaux_periode": null,
                "equip_travaux_type": null,
                "equip_energie": "[\"Autre\"]",
                "equip_nature": "Int\u00e9rieur",
                "equip_sol": "Synth\u00e9tique (hors gazon)",
                "equip_long": 8.0,
                "equip_larg": 8.0,
                "equip_haut": null,
                "equip_surf": 64.0,
                "equip_eclair": "true",
                "equip_piste_nb": null,
                "equip_trib_nb": 0,
                "equip_vest_sport": 0,
                "equip_vest_ens": 0,
                "equip_douche": "false",
                "equip_sanit": "true",
                "equip_loc_type": null,
                "equip_conf_type": null,
                "equip_acces_handi_mobilite": null,
                "equip_acces_handi_sensoriel": null,
                "equip_pdesi_pdipr": null,
                "equip_bassin_long": null,
                "equip_bassin_larg": null,
                "equip_bassin_surf": null,
                "equip_bassin_min": null,
                "equip_bassin_max": null,
                "equip_piste_long": null,
                "equip_sae_haut": null,
                "equip_sae_surf": null,
                "equip_sae_couloir": null,
                "equip_pasdetir": null,
                "equip_url": "http:\/\/www.ensp.interieur.gouv.fr",
                "equip_utilisateur": "[\"Scolaires,universit\u00e9s,Autre - association(s) et groupes divers\"]",
                "equip_acc_libre": "true",
                "equip_saison": "false",
                "equip_obs": null,
                "equip_type_famille": "Salle de combat",
                "equip_type_code": "1801",
                "equip_rnb": "4G9RTVJ2KTZ7",
                "inst_acc_handi_bool": "false",
                "inst_trans_bool": "false",
                "inst_part_bool": "true",
                "equip_loc_bool": "false",
                "equip_pmr_vest": "false",
                "equip_pmr_acc": "false",
                "equip_pmr_aire": "false",
                "equip_pmr_chem": "false",
                "equip_pmr_douche": "false",
                "equip_pmr_sanit": "false",
                "equip_pmr_trib": "false",
                "equip_pshs_aire": "false",
                "equip_pshs_chem": "false",
                "equip_pshs_sanit": "false",
                "equip_pshs_sign": "false",
                "equip_pshs_trib": "false",
                "equip_pshs_vest": "false",
                "equip_x": "2.98617",
                "equip_y": "48.36192",
                "inst_part_type": "[\"Etablissement scolaire\"]",
                "aps_name": [
                    "Judo \/ Jujitsu \/ Ta\u00efso"
                ],
                "equip_qpv": null,
                "equip_qpv_200m": null,
                "categorie": null,
                "gen_2024fin_labellisation": null
            }
        },
        {
            "type": "Feature",
            "geometry": {
                "type": "Point",
                "coordinates": [
                    2.71792,
                    48.92535
                ]
            },
            "properties": {
                "equip_numero": "E003I770050003",
                "inst_numero": "I770050003",
                "inst_enqu_date": "2025-03-31",
                "inst_nom": "GYMNASE",
                "inst_siret": null,
                "inst_adresse": "ALLEE DE LOUCHE",
                "inst_cp": "77410",
                "new_name": "Annet-sur-Marne",
                "new_code": "77005",
                "inst_part_type_filter": null,
                "inst_uai": null,
                "inst_acc_handi_type": "[\"Handicap moteur\"]",
                "inst_trans_type": null,
                "inst_obs": null,
                "inst_date_etat": "2015-04-13",
                "inst_date_creation": "2005-09-22",
                "inst_hs_bool": null,
                "epci_code": "200033090",
                "dep_code": "77",
                "dep_nom": "Seine-et-Marne",
                "reg_code": "11",
                "reg_nom": "\u00cele-de-France",
                "epci_nom": "CC Plaines et Monts de France",
                "code_bdv": "77118",
                "lib_bdv": "Claye-Souilly",
                "arr_code": "771",
                "arr_name": "Meaux",
                "dens_niveau": 4,
                "dens_lib": "Ceintures urbaines",
                "dep_code_filled": "77",
                "aca_nom": "Acad\u00e9mie de Cr\u00e9teil",
                "zrr_simp": "NC - Commune non class\u00e9e",
                "equip_nom": "DOJO",
                "equip_type_name": "Dojo \/ Salle d'arts martiaux",
                "equip_prop_nom": null,
                "equip_prop_type": "Commune",
                "equip_propsec_type": null,
                "equip_gest_type": "Commune",
                "equip_cogest_type": null,
                "equip_dsp": "false",
                "equip_ouv_public_bool": "true",
                "equip_erp_type": "[\"X\"]",
                "equip_erp_cat": 3,
                "equip_homo_date": null,
                "equip_homo_periode": null,
                "equip_service_date": "2002",
                "equip_service_periode": "1995-2004",
                "equip_travaux_date": "2014",
                "equip_travaux_periode": "A partir de 2005",
                "equip_travaux_type": null,
                "equip_energie": "[\"Gaz\"]",
                "equip_nature": "Int\u00e9rieur",
                "equip_sol": "Synth\u00e9tique (hors gazon)",
                "equip_long": 16.0,
                "equip_larg": 16.0,
                "equip_haut": 3.0,
                "equip_surf": 263.0,
                "equip_eclair": "true",
                "equip_piste_nb": null,
                "equip_trib_nb": 0,
                "equip_vest_sport": 2,
                "equip_vest_ens": 0,
                "equip_douche": "true",
                "equip_sanit": "false",
                "equip_loc_type": null,
                "equip_conf_type": null,
                "equip_acces_handi_mobilite": "Aire de jeu",
                "equip_acces_handi_sensoriel": null,
                "equip_pdesi_pdipr": null,
                "equip_bassin_long": null,
                "equip_bassin_larg": null,
                "equip_bassin_surf": null,
                "equip_bassin_min": null,
                "equip_bassin_max": null,
                "equip_piste_long": null,
                "equip_sae_haut": null,
                "equip_sae_surf": null,
                "equip_sae_couloir": null,
                "equip_pasdetir": null,
                "equip_url": "www.annet-sur-marne.fr",
                "equip_utilisateur": "[\"Clubs sportifs,comit\u00e9s,ligues,f\u00e9d\u00e9rations,Scolaires,universit\u00e9s\"]",
                "equip_acc_libre": "false",
                "equip_saison": "false",
                "equip_obs": null,
                "equip_type_famille": "Salle de combat",
                "equip_type_code": "1801",
                "equip_rnb": "ZCSXPSXP53QE",
                "inst_acc_handi_bool": "true",
                "inst_trans_bool": "false",
                "inst_part_bool": "false",
                "equip_loc_bool": "false",
                "equip_pmr_vest": "false",
                "equip_pmr_acc": "false",
                "equip_pmr_aire": "true",
                "equip_pmr_chem": "false",
                "equip_pmr_douche": "false",
                "equip_pmr_sanit": "false",
                "equip_pmr_trib": "false",
                "equip_pshs_aire": "false",
                "equip_pshs_chem": "false",
                "equip_pshs_sanit": "false",
                "equip_pshs_sign": "false",
                "equip_pshs_trib": "false",
                "equip_pshs_vest": "false",
                "equip_x": "2.71792",
                "equip_y": "48.92535",
                "inst_part_type": null,
                "aps_name": [
                    "Judo \/ Jujitsu \/ Ta\u00efso"
                ],
                "equip_qpv": null,
                "equip_qpv_200m": null,
                "categorie": null,
                "gen_2024fin_labellisation": null
            }
        },
        {
            "type": "Feature",
            "geometry": {
                "type": "Point",
                "coordinates": [
                    3.133314,
                    48.924078
                ]
            },
            "properties": {
                "equip_numero": "E003I772380001",
                "inst_numero": "I772380001",
                "inst_enqu_date": "2025-03-31",
                "inst_nom": "STADE GUY NICOLLE",
                "inst_siret": null,
                "inst_adresse": "RUE DE LA CHAPELLE",
                "inst_cp": "77640",
                "new_name": "Jouarre",
                "new_code": "77238",
                "inst_part_type_filter": null,
                "inst_uai": null,
                "inst_acc_handi_type": "[\"Handicap moteur\"]",
                "inst_trans_type": "[\"Bus\"]",
                "inst_obs": null,
                "inst_date_etat": "2015-01-12",
                "inst_date_creation": "2005-09-22",
                "inst_hs_bool": null,
                "epci_code": "200090504",
                "dep_code": "77",
                "dep_nom": "Seine-et-Marne",
                "reg_code": "11",
                "reg_nom": "\u00cele-de-France",
                "epci_nom": "CA Coulommiers Pays de Brie",
                "code_bdv": "77183",
                "lib_bdv": "La Fert\u00e9-sous-Jouarre",
                "arr_code": "771",
                "arr_name": "Meaux",
                "dens_niveau": 4,
                "dens_lib": "Ceintures urbaines",
                "dep_code_filled": "77",
                "aca_nom": "Acad\u00e9mie de Cr\u00e9teil",
                "zrr_simp": "NC - Commune non class\u00e9e",
                "equip_nom": "SALLE JUDO",
                "equip_type_name": "Dojo \/ Salle d'arts martiaux",
                "equip_prop_nom": null,
                "equip_prop_type": "Commune",
                "equip_propsec_type": null,
                "equip_gest_type": "Commune",
                "equip_cogest_type": null,
                "equip_dsp": "false",
                "equip_ouv_public_bool": "true",
                "equip_erp_type": "[\"X\"]",
                "equip_erp_cat": 5,
                "equip_homo_date": null,
                "equip_homo_periode": null,
                "equip_service_date": "1990",
                "equip_service_periode": "1985-1994",
                "equip_travaux_date": null,
                "equip_travaux_periode": null,
                "equip_travaux_type": null,
                "equip_energie": "[\"Gaz\"]",
                "equip_nature": "Int\u00e9rieur",
                "equip_sol": "Carrelage",
                "equip_long": 19.0,
                "equip_larg": 9.0,
                "equip_haut": 2.0,
                "equip_surf": 171.0,
                "equip_eclair": "true",
                "equip_piste_nb": null,
                "equip_trib_nb": 0,
                "equip_vest_sport": 1,
                "equip_vest_ens": 0,
                "equip_douche": "true",
                "equip_sanit": "true",
                "equip_loc_type": null,
                "equip_conf_type": null,
                "equip_acces_handi_mobilite": null,
                "equip_acces_handi_sensoriel": null,
                "equip_pdesi_pdipr": null,
                "equip_bassin_long": null,
                "equip_bassin_larg": null,
                "equip_bassin_surf": null,
                "equip_bassin_min": null,
                "equip_bassin_max": null,
                "equip_piste_long": null,
                "equip_sae_haut": null,
                "equip_sae_surf": null,
                "equip_sae_couloir": null,
                "equip_pasdetir": null,
                "equip_url": "http:\/\/www.jouarre.fr\/",
                "equip_utilisateur": "[\"Clubs sportifs,comit\u00e9s,ligues,f\u00e9d\u00e9rations,Scolaires,universit\u00e9s\"]",
                "equip_acc_libre": "false",
                "equip_saison": "false",
                "equip_obs": null,
                "equip_type_famille": "Salle de combat",
                "equip_type_code": "1801",
                "equip_rnb": "FCN4668JQ7QJ",
                "inst_acc_handi_bool": "true",
                "inst_trans_bool": "true",
                "inst_part_bool": "false",
                "equip_loc_bool": "false",
                "equip_pmr_vest": "false",
                "equip_pmr_acc": "false",
                "equip_pmr_aire": "false",
                "equip_pmr_chem": "false",
                "equip_pmr_douche": "false",
                "equip_pmr_sanit": "false",
                "equip_pmr_trib": "false",
                "equip_pshs_aire": "false",
                "equip_pshs_chem": "false",
                "equip_pshs_sanit": "false",
                "equip_pshs_sign": "false",
                "equip_pshs_trib": "false",
                "equip_pshs_vest": "false",
                "equip_x": "3.133314",
                "equip_y": "48.924078",
                "inst_part_type": null,
                "aps_name": [
                    "Activit\u00e9s de forme et de sant\u00e9",
                    "Judo \/ Jujitsu \/ Ta\u00efso"
                ],
                "equip_qpv": null,
                "equip_qpv_200m": null,
                "categorie": null,
                "gen_2024fin_labellisation": null
            }
        },
        {
            "type": "Feature",
            "geometry": {
                "type": "Point",
                "coordinates": [
                    2.82367,
                    48.86278
                ]
            },
            "properties": {
                "equip_numero": "E003I772680003",
                "inst_numero": "I772680003",
                "inst_enqu_date": "2025-03-31",
                "inst_nom": "COMPLEXE DE MAGNY-LE-HONGRE",
                "inst_siret": null,
                "inst_adresse": "10 RUE DE LA SOURDE",
                "inst_cp": "77700",
                "new_name": "Magny-le-Hongre",
                "new_code": "77268",
                "inst_part_type_filter": null,
                "inst_uai": null,
                "inst_acc_handi_type": "[\"Handicap moteur\"]",
                "inst_trans_type": "[\"Bus\"]",
                "inst_obs": null,
                "inst_date_etat": "2016-02-05",
                "inst_date_creation": "2007-09-11",
                "inst_hs_bool": null,
                "epci_code": "247700339",
                "dep_code": "77",
                "dep_nom": "Seine-et-Marne",
                "reg_code": "11",
                "reg_nom": "\u00cele-de-France",
                "epci_nom": "CA Val d'Europe Agglom\u00e9ration",
                "code_bdv": "77268",
                "lib_bdv": "Magny-le-Hongre",
                "arr_code": "775",
                "arr_name": "Torcy",
                "dens_niveau": 1,
                "dens_lib": "Grands centres urbains",
                "dep_code_filled": "77",
                "aca_nom": "Acad\u00e9mie de Cr\u00e9teil",
                "zrr_simp": "NC - Commune non class\u00e9e",
                "equip_nom": "DOJO",
                "equip_type_name": "Dojo \/ Salle d'arts martiaux",
                "equip_prop_nom": null,
                "equip_prop_type": "Commune",
                "equip_propsec_type": null,
                "equip_gest_type": "Commune",
                "equip_cogest_type": null,
                "equip_dsp": "false",
                "equip_ouv_public_bool": "true",
                "equip_erp_type": "[\"X\"]",
                "equip_erp_cat": 5,
                "equip_homo_date": null,
                "equip_homo_periode": null,
                "equip_service_date": "2003",
                "equip_service_periode": "1995-2004",
                "equip_travaux_date": "2015",
                "equip_travaux_periode": "A partir de 2005",
                "equip_travaux_type": "[\"V\u00e9tust\u00e9 normale\", \"remise \u00e0 niveau\"]",
                "equip_energie": "[\"Electricit\u00e9\"]",
                "equip_nature": "Int\u00e9rieur",
                "equip_sol": "Synth\u00e9tique (hors gazon)",
                "equip_long": 34.0,
                "equip_larg": 16.0,
                "equip_haut": null,
                "equip_surf": 550.0,
                "equip_eclair": "true",
                "equip_piste_nb": null,
                "equip_trib_nb": 0,
                "equip_vest_sport": 2,
                "equip_vest_ens": 0,
                "equip_douche": "false",
                "equip_sanit": "true",
                "equip_loc_type": "[\"Local de rangement\"]",
                "equip_conf_type": null,
                "equip_acces_handi_mobilite": "Aire de jeu",
                "equip_acces_handi_sensoriel": null,
                "equip_pdesi_pdipr": null,
                "equip_bassin_long": null,
                "equip_bassin_larg": null,
                "equip_bassin_surf": null,
                "equip_bassin_min": null,
                "equip_bassin_max": null,
                "equip_piste_long": null,
                "equip_sae_haut": null,
                "equip_sae_surf": null,
                "equip_sae_couloir": null,
                "equip_pasdetir": null,
                "equip_url": "www.magnylehongre.fr",
                "equip_utilisateur": "[\"Clubs sportifs,comit\u00e9s,ligues,f\u00e9d\u00e9rations,Scolaires,universit\u00e9s,Autre - association(s) et groupes divers\"]",
                "equip_acc_libre": "true",
                "equip_saison": "false",
                "equip_obs": null,
                "equip_type_famille": "Salle de combat",
                "equip_type_code": "1801",
                "equip_rnb": null,
                "inst_acc_handi_bool": "true",
                "inst_trans_bool": "true",
                "inst_part_bool": "false",
                "equip_loc_bool": "true",
                "equip_pmr_vest": "false",
                "equip_pmr_acc": "false",
                "equip_pmr_aire": "true",
                "equip_pmr_chem": "false",
                "equip_pmr_douche": "false",
                "equip_pmr_sanit": "false",
                "equip_pmr_trib": "false",
                "equip_pshs_aire": "false",
                "equip_pshs_chem": "false",
                "equip_pshs_sanit": "false",
                "equip_pshs_sign": "false",
                "equip_pshs_trib": "false",
                "equip_pshs_vest": "false",
                "equip_x": "2.82367",
                "equip_y": "48.86278",
                "inst_part_type": null,
                "aps_name": [
                    "Judo \/ Jujitsu \/ Ta\u00efso"
                ],
                "equip_qpv": null,
                "equip_qpv_200m": null,
                "categorie": null,
                "gen_2024fin_labellisation": null
            }
        },
        {
            "type": "Feature",
            "geometry": {
                "type": "Point",
                "coordinates": [
                    2.67521,
                    48.76374
                ]
            },
            "properties": {
                "equip_numero": "E003I773500004",
                "inst_numero": "I773500004",
                "inst_enqu_date": "2025-03-31",
                "inst_nom": "GYMNASE BOULLOCHE",
                "inst_siret": null,
                "inst_adresse": "ALLEE DE L'ESPOIR",
                "inst_cp": "77330",
                "new_name": "Ozoir-la-Ferri\u00e8re",
                "new_code": "77350",
                "inst_part_type_filter": [
                    "Complexe sportif"
                ],
                "inst_uai": null,
                "inst_acc_handi_type": "[\"Handicap moteur\"]",
                "inst_trans_type": "[\"Bus\"]",
                "inst_obs": null,
                "inst_date_etat": "2024-02-08",
                "inst_date_creation": "2005-09-22",
                "inst_hs_bool": null,
                "epci_code": "200023125",
                "dep_code": "77",
                "dep_nom": "Seine-et-Marne",
                "reg_code": "11",
                "reg_nom": "\u00cele-de-France",
                "epci_nom": "CC Les Portes Briardes entre Villes et For\u00eats",
                "code_bdv": "75056",
                "lib_bdv": "Paris",
                "arr_code": "775",
                "arr_name": "Torcy",
                "dens_niveau": 2,
                "dens_lib": "Centres urbains interm\u00e9diaires",
                "dep_code_filled": "77",
                "aca_nom": "Acad\u00e9mie de Cr\u00e9teil",
                "zrr_simp": "NC - Commune non class\u00e9e",
                "equip_nom": "SALLE GUY BLONDE",
                "equip_type_name": "Dojo \/ Salle d'arts martiaux",
                "equip_prop_nom": "MAIRIE OZOIR",
                "equip_prop_type": "Commune",
                "equip_propsec_type": null,
                "equip_gest_type": "Commune",
                "equip_cogest_type": null,
                "equip_dsp": "false",
                "equip_ouv_public_bool": "true",
                "equip_erp_type": "[\"X\"]",
                "equip_erp_cat": 3,
                "equip_homo_date": null,
                "equip_homo_periode": null,
                "equip_service_date": "1973",
                "equip_service_periode": "1965-1974",
                "equip_travaux_date": null,
                "equip_travaux_periode": null,
                "equip_travaux_type": null,
                "equip_energie": "[\"Gaz\"]",
                "equip_nature": "Int\u00e9rieur",
                "equip_sol": "Synth\u00e9tique (hors gazon)",
                "equip_long": 15.0,
                "equip_larg": 13.3,
                "equip_haut": 4.0,
                "equip_surf": 200.0,
                "equip_eclair": "true",
                "equip_piste_nb": null,
                "equip_trib_nb": 0,
                "equip_vest_sport": 4,
                "equip_vest_ens": 2,
                "equip_douche": "true",
                "equip_sanit": "true",
                "equip_loc_type": "[\"R\u00e9ception \/ Accueil\", \"Infirmerie\", \"Local de rangement\"]",
                "equip_conf_type": null,
                "equip_acces_handi_mobilite": "Accueil,Douches,Vestiaires",
                "equip_acces_handi_sensoriel": null,
                "equip_pdesi_pdipr": null,
                "equip_bassin_long": null,
                "equip_bassin_larg": null,
                "equip_bassin_surf": null,
                "equip_bassin_min": null,
                "equip_bassin_max": null,
                "equip_piste_long": null,
                "equip_sae_haut": null,
                "equip_sae_surf": null,
                "equip_sae_couloir": null,
                "equip_pasdetir": null,
                "equip_url": null,
                "equip_utilisateur": "[\"Clubs sportifs,comit\u00e9s,ligues,f\u00e9d\u00e9rations,Scolaires,universit\u00e9s\"]",
                "equip_acc_libre": "false",
                "equip_saison": "false",
                "equip_obs": "+ activit\u00e9 Krav Maga",
                "equip_type_famille": "Salle de combat",
                "equip_type_code": "1801",
                "equip_rnb": "VEXNCPJ9JGAZ",
                "inst_acc_handi_bool": "true",
                "inst_trans_bool": "true",
                "inst_part_bool": "true",
                "equip_loc_bool": "true",
                "equip_pmr_vest": "true",
                "equip_pmr_acc": "true",
                "equip_pmr_aire": "false",
                "equip_pmr_chem": "false",
                "equip_pmr_douche": "true",
                "equip_pmr_sanit": "false",
                "equip_pmr_trib": "false",
                "equip_pshs_aire": "false",
                "equip_pshs_chem": "false",
                "equip_pshs_sanit": "false",
                "equip_pshs_sign": "false",
                "equip_pshs_trib": "false",
                "equip_pshs_vest": "false",
                "equip_x": "2.67521",
                "equip_y": "48.76374",
                "inst_part_type": "[\"Complexe sportif\"]",
                "aps_name": [
                    "Aikido \/ Aikibudo \/ Budo",
                    "Gymnastique volontaire",
                    "Judo \/ Jujitsu \/ Ta\u00efso"
                ],
                "equip_qpv": null,
                "equip_qpv_200m": null,
                "categorie": null,
                "gen_2024fin_labellisation": null
            }
        },
        {
            "type": "Feature",
            "geometry": {
                "type": "Point",
                "coordinates": [
                    2.70848,
                    48.797
                ]
            },
            "properties": {
                "equip_numero": "E003I773740001",
                "inst_numero": "I773740001",
                "inst_enqu_date": "2025-03-31",
                "inst_nom": "COMPLEXE SPORTIF",
                "inst_siret": null,
                "inst_adresse": "ALLEE DU STADE",
                "inst_cp": "77135",
                "new_name": "Pontcarr\u00e9",
                "new_code": "77374",
                "inst_part_type_filter": [
                    "Complexe sportif"
                ],
                "inst_uai": null,
                "inst_acc_handi_type": "[\"Handicap moteur\"]",
                "inst_trans_type": "[\"Bus\"]",
                "inst_obs": null,
                "inst_date_etat": "2015-03-11",
                "inst_date_creation": "2005-09-22",
                "inst_hs_bool": null,
                "epci_code": "247700594",
                "dep_code": "77",
                "dep_nom": "Seine-et-Marne",
                "reg_code": "11",
                "reg_nom": "\u00cele-de-France",
                "epci_nom": "CA Marne et Gondoire",
                "code_bdv": "75056",
                "lib_bdv": "Paris",
                "arr_code": "775",
                "arr_name": "Torcy",
                "dens_niveau": 5,
                "dens_lib": "Bourgs ruraux",
                "dep_code_filled": "77",
                "aca_nom": "Acad\u00e9mie de Cr\u00e9teil",
                "zrr_simp": "NC - Commune non class\u00e9e",
                "equip_nom": "DOJO",
                "equip_type_name": "Dojo \/ Salle d'arts martiaux",
                "equip_prop_nom": null,
                "equip_prop_type": "Commune",
                "equip_propsec_type": null,
                "equip_gest_type": "Association(s)",
                "equip_cogest_type": null,
                "equip_dsp": "true",
                "equip_ouv_public_bool": "true",
                "equip_erp_type": "[\"L\"]",
                "equip_erp_cat": null,
                "equip_homo_date": null,
                "equip_homo_periode": null,
                "equip_service_date": "2008",
                "equip_service_periode": "A partir de 2005",
                "equip_travaux_date": null,
                "equip_travaux_periode": null,
                "equip_travaux_type": null,
                "equip_energie": "[\"Gaz\"]",
                "equip_nature": "Int\u00e9rieur",
                "equip_sol": "Parquet",
                "equip_long": 19.0,
                "equip_larg": 11.0,
                "equip_haut": 3.0,
                "equip_surf": 209.0,
                "equip_eclair": "true",
                "equip_piste_nb": null,
                "equip_trib_nb": 0,
                "equip_vest_sport": 2,
                "equip_vest_ens": 1,
                "equip_douche": "true",
                "equip_sanit": "true",
                "equip_loc_type": "[\"Bureau(x) Club(s)\", \"Local de rangement\"]",
                "equip_conf_type": null,
                "equip_acces_handi_mobilite": null,
                "equip_acces_handi_sensoriel": null,
                "equip_pdesi_pdipr": null,
                "equip_bassin_long": null,
                "equip_bassin_larg": null,
                "equip_bassin_surf": null,
                "equip_bassin_min": null,
                "equip_bassin_max": null,
                "equip_piste_long": null,
                "equip_sae_haut": null,
                "equip_sae_surf": null,
                "equip_sae_couloir": null,
                "equip_pasdetir": null,
                "equip_url": "www.mairiepontcarre.net",
                "equip_utilisateur": "[\"Clubs sportifs,comit\u00e9s,ligues,f\u00e9d\u00e9rations,Scolaires,universit\u00e9s\"]",
                "equip_acc_libre": "false",
                "equip_saison": "false",
                "equip_obs": null,
                "equip_type_famille": "Salle de combat",
                "equip_type_code": "1801",
                "equip_rnb": null,
                "inst_acc_handi_bool": "true",
                "inst_trans_bool": "true",
                "inst_part_bool": "true",
                "equip_loc_bool": "true",
                "equip_pmr_vest": "false",
                "equip_pmr_acc": "false",
                "equip_pmr_aire": "false",
                "equip_pmr_chem": "false",
                "equip_pmr_douche": "false",
                "equip_pmr_sanit": "false",
                "equip_pmr_trib": "false",
                "equip_pshs_aire": "false",
                "equip_pshs_chem": "false",
                "equip_pshs_sanit": "false",
                "equip_pshs_sign": "false",
                "equip_pshs_trib": "false",
                "equip_pshs_vest": "false",
                "equip_x": "2.70848",
                "equip_y": "48.797",
                "inst_part_type": "[\"Complexe sportif\"]",
                "aps_name": [
                    "Judo \/ Jujitsu \/ Ta\u00efso",
                    "Karat\u00e9\/Karat\u00e9 jutsu\/Goshin jutsu\/Kobudo\/Nihon Tai-jutsu\/Taijitsu\/Nambudo\/Ninjutsu\/Nunchaku\/..."
                ],
                "equip_qpv": null,
                "equip_qpv_200m": null,
                "categorie": null,
                "gen_2024fin_labellisation": null
            }
        },
        {
            "type": "Feature",
            "geometry": {
                "type": "Point",
                "coordinates": [
                    2.7058660984,
                    48.4889625621
                ]
            },
            "properties": {
                "equip_numero": "E002I770960001",
                "inst_numero": "I770960001",
                "inst_enqu_date": "2025-03-31",
                "inst_nom": "Gymnase Combourieu - complexe sportif municipal",
                "inst_siret": null,
                "inst_adresse": "1 rue des ecoles",
                "inst_cp": "77590",
                "new_name": "Chartrettes",
                "new_code": "77096",
                "inst_part_type_filter": [
                    "Complexe sportif"
                ],
                "inst_uai": null,
                "inst_acc_handi_type": "[\"Handicap moteur\"]",
                "inst_trans_type": "[\"Bus\"]",
                "inst_obs": null,
                "inst_date_etat": "2024-02-23",
                "inst_date_creation": "2005-09-22",
                "inst_hs_bool": "false",
                "epci_code": "200072346",
                "dep_code": "77",
                "dep_nom": "Seine-et-Marne",
                "reg_code": "11",
                "reg_nom": "\u00cele-de-France",
                "epci_nom": "CA du Pays de Fontainebleau",
                "code_bdv": "77186",
                "lib_bdv": "Fontainebleau",
                "arr_code": "774",
                "arr_name": "Fontainebleau",
                "dens_niveau": 4,
                "dens_lib": "Ceintures urbaines",
                "dep_code_filled": "77",
                "aca_nom": "Acad\u00e9mie de Cr\u00e9teil",
                "zrr_simp": "NC - Commune non class\u00e9e",
                "equip_nom": "SALLE DE JUDO",
                "equip_type_name": "Dojo \/ Salle d'arts martiaux",
                "equip_prop_nom": "Commune de Chartrettes",
                "equip_prop_type": "Commune",
                "equip_propsec_type": null,
                "equip_gest_type": "Commune",
                "equip_cogest_type": null,
                "equip_dsp": "false",
                "equip_ouv_public_bool": "true",
                "equip_erp_type": "[\"L\"]",
                "equip_erp_cat": 5,
                "equip_homo_date": null,
                "equip_homo_periode": null,
                "equip_service_date": "2015",
                "equip_service_periode": "A partir de 2005",
                "equip_travaux_date": "2015",
                "equip_travaux_periode": "A partir de 2005",
                "equip_travaux_type": "[\"V\u00e9tust\u00e9 normale\", \"remise \u00e0 niveau\"]",
                "equip_energie": "[\"Gaz\"]",
                "equip_nature": "Int\u00e9rieur",
                "equip_sol": "Carrelage",
                "equip_long": 20.0,
                "equip_larg": 20.0,
                "equip_haut": 3.0,
                "equip_surf": 400.0,
                "equip_eclair": "true",
                "equip_piste_nb": null,
                "equip_trib_nb": 0,
                "equip_vest_sport": 4,
                "equip_vest_ens": 1,
                "equip_douche": "true",
                "equip_sanit": "true",
                "equip_loc_type": "[\"R\u00e9ception \/ Accueil\", \"Bureau(x) Club(s)\", \"Infirmerie\", \"Local de rangement\"]",
                "equip_conf_type": null,
                "equip_acces_handi_mobilite": "Accueil,Aire de jeu,Cheminements,Douches,Sanitaires,Vestiaires",
                "equip_acces_handi_sensoriel": null,
                "equip_pdesi_pdipr": null,
                "equip_bassin_long": null,
                "equip_bassin_larg": null,
                "equip_bassin_surf": null,
                "equip_bassin_min": null,
                "equip_bassin_max": null,
                "equip_piste_long": null,
                "equip_sae_haut": null,
                "equip_sae_surf": null,
                "equip_sae_couloir": null,
                "equip_pasdetir": null,
                "equip_url": "http:\/\/www.mairie-chartrettes.fr",
                "equip_utilisateur": "[\"Clubs sportifs,comit\u00e9s,ligues,f\u00e9d\u00e9rations,Scolaires,universit\u00e9s\"]",
                "equip_acc_libre": "false",
                "equip_saison": "false",
                "equip_obs": null,
                "equip_type_famille": "Salle de combat",
                "equip_type_code": "1801",
                "equip_rnb": "EF6W4Y7VC6RY",
                "inst_acc_handi_bool": "true",
                "inst_trans_bool": "true",
                "inst_part_bool": "true",
                "equip_loc_bool": "true",
                "equip_pmr_vest": "true",
                "equip_pmr_acc": "true",
                "equip_pmr_aire": "true",
                "equip_pmr_chem": "true",
                "equip_pmr_douche": "true",
                "equip_pmr_sanit": "true",
                "equip_pmr_trib": "false",
                "equip_pshs_aire": "false",
                "equip_pshs_chem": "false",
                "equip_pshs_sanit": "false",
                "equip_pshs_sign": "false",
                "equip_pshs_trib": "false",
                "equip_pshs_vest": "false",
                "equip_x": "2.7058660984",
                "equip_y": "48.4889625621",
                "inst_part_type": "[\"Complexe sportif\"]",
                "aps_name": [
                    "Judo \/ Jujitsu \/ Ta\u00efso",
                    "Kendo \/ Ia\u00efdo \/ Naginata \/ Jodo \/ Sport chanbara"
                ],
                "equip_qpv": null,
                "equip_qpv_200m": null,
                "categorie": null,
                "gen_2024fin_labellisation": null
            }
        },
        {
            "type": "Feature",
            "geometry": {
                "type": "Point",
                "coordinates": [
                    2.60248,
                    48.91602
                ]
            },
            "properties": {
                "equip_numero": "E002I771390001",
                "inst_numero": "I771390001",
                "inst_enqu_date": "2025-03-31",
                "inst_nom": "COMPLEXE SPORTIF PIERRE GRAFF",
                "inst_siret": null,
                "inst_adresse": "Ruelle des Processions",
                "inst_cp": "77181",
                "new_name": "Courtry",
                "new_code": "77139",
                "inst_part_type_filter": [
                    "Complexe sportif"
                ],
                "inst_uai": null,
                "inst_acc_handi_type": "[\"Handicap moteur\"]",
                "inst_trans_type": "[\"Bus\"]",
                "inst_obs": null,
                "inst_date_etat": "2024-03-21",
                "inst_date_creation": "2005-09-22",
                "inst_hs_bool": "false",
                "epci_code": "200057958",
                "dep_code": "77",
                "dep_nom": "Seine-et-Marne",
                "reg_code": "11",
                "reg_nom": "\u00cele-de-France",
                "epci_nom": "CA Paris - Vall\u00e9e de la Marne",
                "code_bdv": "75056",
                "lib_bdv": "Paris",
                "arr_code": "775",
                "arr_name": "Torcy",
                "dens_niveau": 1,
                "dens_lib": "Grands centres urbains",
                "dep_code_filled": "77",
                "aca_nom": "Acad\u00e9mie de Cr\u00e9teil",
                "zrr_simp": "NC - Commune non class\u00e9e",
                "equip_nom": "DOJO PIERRE ETIENNE",
                "equip_type_name": "Dojo \/ Salle d'arts martiaux",
                "equip_prop_nom": "Commune de Courtry",
                "equip_prop_type": "Commune",
                "equip_propsec_type": "Association(s)",
                "equip_gest_type": "Commune",
                "equip_cogest_type": "Association(s)",
                "equip_dsp": "false",
                "equip_ouv_public_bool": "true",
                "equip_erp_type": "[\"L\", \"X\"]",
                "equip_erp_cat": 5,
                "equip_homo_date": null,
                "equip_homo_periode": null,
                "equip_service_date": "1983",
                "equip_service_periode": "1975-1984",
                "equip_travaux_date": "2012",
                "equip_travaux_periode": "A partir de 2005",
                "equip_travaux_type": "[\"Mise en conformit\u00e9 avec les normes AFNOR ou r\u00e8gles f\u00e9d\u00e9rales\"]",
                "equip_energie": "[\"Electricit\u00e9\"]",
                "equip_nature": "Int\u00e9rieur",
                "equip_sol": "B\u00e9ton",
                "equip_long": 14.0,
                "equip_larg": 14.5,
                "equip_haut": 2.0,
                "equip_surf": 200.0,
                "equip_eclair": "true",
                "equip_piste_nb": null,
                "equip_trib_nb": 0,
                "equip_vest_sport": 3,
                "equip_vest_ens": 1,
                "equip_douche": "true",
                "equip_sanit": "true",
                "equip_loc_type": "[\"Local de rangement\"]",
                "equip_conf_type": null,
                "equip_acces_handi_mobilite": "Accueil,Aire de jeu,Cheminements",
                "equip_acces_handi_sensoriel": null,
                "equip_pdesi_pdipr": null,
                "equip_bassin_long": null,
                "equip_bassin_larg": null,
                "equip_bassin_surf": null,
                "equip_bassin_min": null,
                "equip_bassin_max": null,
                "equip_piste_long": null,
                "equip_sae_haut": null,
                "equip_sae_surf": null,
                "equip_sae_couloir": null,
                "equip_pasdetir": null,
                "equip_url": "www.ville-courtry.fr",
                "equip_utilisateur": "[\"Clubs sportifs,comit\u00e9s,ligues,f\u00e9d\u00e9rations\"]",
                "equip_acc_libre": "false",
                "equip_saison": "false",
                "equip_obs": null,
                "equip_type_famille": "Salle de combat",
                "equip_type_code": "1801",
                "equip_rnb": "7VZJR2H8NXF9",
                "inst_acc_handi_bool": "true",
                "inst_trans_bool": "true",
                "inst_part_bool": "true",
                "equip_loc_bool": "true",
                "equip_pmr_vest": "false",
                "equip_pmr_acc": "true",
                "equip_pmr_aire": "true",
                "equip_pmr_chem": "true",
                "equip_pmr_douche": "false",
                "equip_pmr_sanit": "false",
                "equip_pmr_trib": "false",
                "equip_pshs_aire": "false",
                "equip_pshs_chem": "false",
                "equip_pshs_sanit": "false",
                "equip_pshs_sign": "false",
                "equip_pshs_trib": "false",
                "equip_pshs_vest": "false",
                "equip_x": "2.60248",
                "equip_y": "48.91602",
                "inst_part_type": "[\"Complexe sportif\"]",
                "aps_name": [
                    "Judo \/ Jujitsu \/ Ta\u00efso"
                ],
                "equip_qpv": null,
                "equip_qpv_200m": null,
                "categorie": null,
                "gen_2024fin_labellisation": null
            }
        },
        {
            "type": "Feature",
            "geometry": {
                "type": "Point",
                "coordinates": [
                    2.73814,
                    48.8906
                ]
            },
            "properties": {
                "equip_numero": "E002I771550001",
                "inst_numero": "I771550001",
                "inst_enqu_date": "2025-03-31",
                "inst_nom": "COMPLEXE SPORTIF G. ROBY",
                "inst_siret": null,
                "inst_adresse": "RUE MICHEL PLACE",
                "inst_cp": "77400",
                "new_name": "Dampmart",
                "new_code": "77155",
                "inst_part_type_filter": null,
                "inst_uai": null,
                "inst_acc_handi_type": "[\"Handicap moteur\"]",
                "inst_trans_type": null,
                "inst_obs": null,
                "inst_date_etat": "2015-07-07",
                "inst_date_creation": "2005-09-22",
                "inst_hs_bool": null,
                "epci_code": "247700594",
                "dep_code": "77",
                "dep_nom": "Seine-et-Marne",
                "reg_code": "11",
                "reg_nom": "\u00cele-de-France",
                "epci_nom": "CA Marne et Gondoire",
                "code_bdv": "75056",
                "lib_bdv": "Paris",
                "arr_code": "775",
                "arr_name": "Torcy",
                "dens_niveau": 1,
                "dens_lib": "Grands centres urbains",
                "dep_code_filled": "77",
                "aca_nom": "Acad\u00e9mie de Cr\u00e9teil",
                "zrr_simp": "NC - Commune non class\u00e9e",
                "equip_nom": "SALLE DE DANSE",
                "equip_type_name": "Salle de danse",
                "equip_prop_nom": null,
                "equip_prop_type": "Commune",
                "equip_propsec_type": null,
                "equip_gest_type": "Commune",
                "equip_cogest_type": null,
                "equip_dsp": "false",
                "equip_ouv_public_bool": "true",
                "equip_erp_type": "[\"L\"]",
                "equip_erp_cat": 5,
                "equip_homo_date": null,
                "equip_homo_periode": null,
                "equip_service_date": "1999",
                "equip_service_periode": "1995-2004",
                "equip_travaux_date": null,
                "equip_travaux_periode": null,
                "equip_travaux_type": null,
                "equip_energie": "[\"Gaz\"]",
                "equip_nature": "Int\u00e9rieur",
                "equip_sol": "Parquet",
                "equip_long": 12.0,
                "equip_larg": 10.0,
                "equip_haut": 5.0,
                "equip_surf": 120.0,
                "equip_eclair": "true",
                "equip_piste_nb": null,
                "equip_trib_nb": 0,
                "equip_vest_sport": 2,
                "equip_vest_ens": 0,
                "equip_douche": "true",
                "equip_sanit": "true",
                "equip_loc_type": null,
                "equip_conf_type": null,
                "equip_acces_handi_mobilite": "Aire de jeu,Cheminements,Sanitaires",
                "equip_acces_handi_sensoriel": "Sanitaires",
                "equip_pdesi_pdipr": null,
                "equip_bassin_long": null,
                "equip_bassin_larg": null,
                "equip_bassin_surf": null,
                "equip_bassin_min": null,
                "equip_bassin_max": null,
                "equip_piste_long": null,
                "equip_sae_haut": null,
                "equip_sae_surf": null,
                "equip_sae_couloir": null,
                "equip_pasdetir": null,
                "equip_url": "http:\/\/www.dampmart.fr\/",
                "equip_utilisateur": "[\"Clubs sportifs,comit\u00e9s,ligues,f\u00e9d\u00e9rations\"]",
                "equip_acc_libre": "false",
                "equip_saison": "false",
                "equip_obs": null,
                "equip_type_famille": "Salle ou terrain sp\u00e9cialis\u00e9",
                "equip_type_code": "2105",
                "equip_rnb": null,
                "inst_acc_handi_bool": "true",
                "inst_trans_bool": "false",
                "inst_part_bool": "false",
                "equip_loc_bool": "false",
                "equip_pmr_vest": "false",
                "equip_pmr_acc": "false",
                "equip_pmr_aire": "true",
                "equip_pmr_chem": "true",
                "equip_pmr_douche": "false",
                "equip_pmr_sanit": "true",
                "equip_pmr_trib": "false",
                "equip_pshs_aire": "false",
                "equip_pshs_chem": "false",
                "equip_pshs_sanit": "true",
                "equip_pshs_sign": "false",
                "equip_pshs_trib": "false",
                "equip_pshs_vest": "false",
                "equip_x": "2.73814",
                "equip_y": "48.8906",
                "inst_part_type": null,
                "aps_name": [
                    "Activit\u00e9s de forme et de sant\u00e9",
                    "Autres Danses",
                    "Boxe Anglaise",
                    "Judo \/ Jujitsu \/ Ta\u00efso"
                ],
                "equip_qpv": null,
                "equip_qpv_200m": null,
                "categorie": null,
                "gen_2024fin_labellisation": null
            }
        },
        {
            "type": "Feature",
            "geometry": {
                "type": "Point",
                "coordinates": [
                    2.77771,
                    48.58359
                ]
            },
            "properties": {
                "equip_numero": "E002I771950001",
                "inst_numero": "I771950001",
                "inst_enqu_date": "2025-03-31",
                "inst_nom": "SALLE SATOVIAC",
                "inst_siret": null,
                "inst_adresse": "RUE DU GENERAL DE GAULLE",
                "inst_cp": "77390",
                "new_name": "Fouju",
                "new_code": "77195",
                "inst_part_type_filter": null,
                "inst_uai": null,
                "inst_acc_handi_type": "[\"Handicap moteur\"]",
                "inst_trans_type": null,
                "inst_obs": null,
                "inst_date_etat": "2014-04-09",
                "inst_date_creation": "2005-09-22",
                "inst_hs_bool": null,
                "epci_code": "200070779",
                "dep_code": "77",
                "dep_nom": "Seine-et-Marne",
                "reg_code": "11",
                "reg_nom": "\u00cele-de-France",
                "epci_nom": "CC Brie des Rivi\u00e8res et Ch\u00e2teaux",
                "code_bdv": "77288",
                "lib_bdv": "Melun",
                "arr_code": "772",
                "arr_name": "Melun",
                "dens_niveau": 6,
                "dens_lib": "Rural \u00e0 habitat dispers\u00e9",
                "dep_code_filled": "77",
                "aca_nom": "Acad\u00e9mie de Cr\u00e9teil",
                "zrr_simp": "NC - Commune non class\u00e9e",
                "equip_nom": "DOJO",
                "equip_type_name": "Dojo \/ Salle d'arts martiaux",
                "equip_prop_nom": null,
                "equip_prop_type": "Commune",
                "equip_propsec_type": null,
                "equip_gest_type": "Commune",
                "equip_cogest_type": null,
                "equip_dsp": "false",
                "equip_ouv_public_bool": null,
                "equip_erp_type": "[\"X\"]",
                "equip_erp_cat": 5,
                "equip_homo_date": null,
                "equip_homo_periode": null,
                "equip_service_date": null,
                "equip_service_periode": "1995-2004",
                "equip_travaux_date": "2009",
                "equip_travaux_periode": "A partir de 2005",
                "equip_travaux_type": "[\"V\u00e9tust\u00e9 normale\", \"remise \u00e0 niveau\"]",
                "equip_energie": "[\"Electricit\u00e9\"]",
                "equip_nature": "Int\u00e9rieur",
                "equip_sol": "Synth\u00e9tique (hors gazon)",
                "equip_long": 15.0,
                "equip_larg": 15.0,
                "equip_haut": 3.0,
                "equip_surf": 225.0,
                "equip_eclair": "true",
                "equip_piste_nb": null,
                "equip_trib_nb": 0,
                "equip_vest_sport": 2,
                "equip_vest_ens": 0,
                "equip_douche": "true",
                "equip_sanit": "true",
                "equip_loc_type": null,
                "equip_conf_type": null,
                "equip_acces_handi_mobilite": "Aire de jeu,Sanitaires,Vestiaires",
                "equip_acces_handi_sensoriel": "Sanitaires",
                "equip_pdesi_pdipr": null,
                "equip_bassin_long": null,
                "equip_bassin_larg": null,
                "equip_bassin_surf": null,
                "equip_bassin_min": null,
                "equip_bassin_max": null,
                "equip_piste_long": null,
                "equip_sae_haut": null,
                "equip_sae_surf": null,
                "equip_sae_couloir": null,
                "equip_pasdetir": null,
                "equip_url": null,
                "equip_utilisateur": "[\"Clubs sportifs,comit\u00e9s,ligues,f\u00e9d\u00e9rations,Scolaires,universit\u00e9s\"]",
                "equip_acc_libre": "false",
                "equip_saison": "false",
                "equip_obs": null,
                "equip_type_famille": "Salle de combat",
                "equip_type_code": "1801",
                "equip_rnb": "X9D7ZWQ5QC2D",
                "inst_acc_handi_bool": "true",
                "inst_trans_bool": "false",
                "inst_part_bool": "false",
                "equip_loc_bool": "false",
                "equip_pmr_vest": "true",
                "equip_pmr_acc": "false",
                "equip_pmr_aire": "true",
                "equip_pmr_chem": "false",
                "equip_pmr_douche": "false",
                "equip_pmr_sanit": "true",
                "equip_pmr_trib": "false",
                "equip_pshs_aire": "false",
                "equip_pshs_chem": "false",
                "equip_pshs_sanit": "true",
                "equip_pshs_sign": "false",
                "equip_pshs_trib": "false",
                "equip_pshs_vest": "false",
                "equip_x": "2.77771",
                "equip_y": "48.58359",
                "inst_part_type": null,
                "aps_name": [
                    "Judo \/ Jujitsu \/ Ta\u00efso"
                ],
                "equip_qpv": null,
                "equip_qpv_200m": null,
                "categorie": null,
                "gen_2024fin_labellisation": null
            }
        },
        {
            "type": "Feature",
            "geometry": {
                "type": "Point",
                "coordinates": [
                    3.01537,
                    49.0297
                ]
            },
            "properties": {
                "equip_numero": "E002I772570005",
                "inst_numero": "I772570005",
                "inst_enqu_date": "2025-03-31",
                "inst_nom": "GYMNASE MICHEL CHAVATTE",
                "inst_siret": null,
                "inst_adresse": "ROUTE DU PLESSIS PLACY",
                "inst_cp": "77440",
                "new_name": "Lizy-sur-Ourcq",
                "new_code": "77257",
                "inst_part_type_filter": null,
                "inst_uai": null,
                "inst_acc_handi_type": "[\"Handicap moteur\"]",
                "inst_trans_type": null,
                "inst_obs": null,
                "inst_date_etat": "2019-11-29",
                "inst_date_creation": "2005-09-22",
                "inst_hs_bool": null,
                "epci_code": "247700065",
                "dep_code": "77",
                "dep_nom": "Seine-et-Marne",
                "reg_code": "11",
                "reg_nom": "\u00cele-de-France",
                "epci_nom": "CC du Pays de l'Ourcq",
                "code_bdv": "77284",
                "lib_bdv": "Meaux",
                "arr_code": "771",
                "arr_name": "Meaux",
                "dens_niveau": 5,
                "dens_lib": "Bourgs ruraux",
                "dep_code_filled": "77",
                "aca_nom": "Acad\u00e9mie de Cr\u00e9teil",
                "zrr_simp": "NC - Commune non class\u00e9e",
                "equip_nom": "SALLE DE JUDO",
                "equip_type_name": "Dojo \/ Salle d'arts martiaux",
                "equip_prop_nom": null,
                "equip_prop_type": "Commune",
                "equip_propsec_type": null,
                "equip_gest_type": "Commune",
                "equip_cogest_type": null,
                "equip_dsp": "false",
                "equip_ouv_public_bool": "true",
                "equip_erp_type": "[\"X\"]",
                "equip_erp_cat": 5,
                "equip_homo_date": null,
                "equip_homo_periode": null,
                "equip_service_date": "1971",
                "equip_service_periode": "1965-1974",
                "equip_travaux_date": null,
                "equip_travaux_periode": null,
                "equip_travaux_type": null,
                "equip_energie": "[\"Gaz\"]",
                "equip_nature": "Int\u00e9rieur",
                "equip_sol": "B\u00e9ton",
                "equip_long": 15.0,
                "equip_larg": 11.0,
                "equip_haut": 3.0,
                "equip_surf": 165.0,
                "equip_eclair": "true",
                "equip_piste_nb": null,
                "equip_trib_nb": 0,
                "equip_vest_sport": 2,
                "equip_vest_ens": 0,
                "equip_douche": "true",
                "equip_sanit": "true",
                "equip_loc_type": null,
                "equip_conf_type": null,
                "equip_acces_handi_mobilite": "Aire de jeu,Cheminements",
                "equip_acces_handi_sensoriel": null,
                "equip_pdesi_pdipr": null,
                "equip_bassin_long": null,
                "equip_bassin_larg": null,
                "equip_bassin_surf": null,
                "equip_bassin_min": null,
                "equip_bassin_max": null,
                "equip_piste_long": null,
                "equip_sae_haut": null,
                "equip_sae_surf": null,
                "equip_sae_couloir": null,
                "equip_pasdetir": null,
                "equip_url": "http:\/\/www.lizy-sur-ourcq.com",
                "equip_utilisateur": "[\"Individuel(s),famille(s),Clubs sportifs,comit\u00e9s,ligues,f\u00e9d\u00e9rations,Scolaires,universit\u00e9s\"]",
                "equip_acc_libre": "false",
                "equip_saison": "false",
                "equip_obs": null,
                "equip_type_famille": "Salle de combat",
                "equip_type_code": "1801",
                "equip_rnb": "7KKZA1ZAHKTQ",
                "inst_acc_handi_bool": "true",
                "inst_trans_bool": "false",
                "inst_part_bool": "false",
                "equip_loc_bool": "false",
                "equip_pmr_vest": "false",
                "equip_pmr_acc": "false",
                "equip_pmr_aire": "true",
                "equip_pmr_chem": "true",
                "equip_pmr_douche": "false",
                "equip_pmr_sanit": "false",
                "equip_pmr_trib": "false",
                "equip_pshs_aire": "false",
                "equip_pshs_chem": "false",
                "equip_pshs_sanit": "false",
                "equip_pshs_sign": "false",
                "equip_pshs_trib": "false",
                "equip_pshs_vest": "false",
                "equip_x": "3.01537",
                "equip_y": "49.0297",
                "inst_part_type": null,
                "aps_name": [
                    "Judo \/ Jujitsu \/ Ta\u00efso"
                ],
                "equip_qpv": null,
                "equip_qpv_200m": null,
                "categorie": null,
                "gen_2024fin_labellisation": null
            }
        },
        {
            "type": "Feature",
            "geometry": {
                "type": "Point",
                "coordinates": [
                    2.90507,
                    48.23859
                ]
            },
            "properties": {
                "equip_numero": "E002I772610003",
                "inst_numero": "I772610003",
                "inst_enqu_date": "2025-03-31",
                "inst_nom": "HALLE DE SPORTS",
                "inst_siret": null,
                "inst_adresse": "23 RUE DE LA TOUR",
                "inst_cp": "77710",
                "new_name": "Lorrez-le-Bocage-Pr\u00e9aux",
                "new_code": "77261",
                "inst_part_type_filter": null,
                "inst_uai": null,
                "inst_acc_handi_type": "[\"Handicap moteur\"]",
                "inst_trans_type": "[\"Bus\"]",
                "inst_obs": null,
                "inst_date_etat": "2014-10-01",
                "inst_date_creation": "2005-09-22",
                "inst_hs_bool": null,
                "epci_code": "200023919",
                "dep_code": "77",
                "dep_nom": "Seine-et-Marne",
                "reg_code": "11",
                "reg_nom": "\u00cele-de-France",
                "epci_nom": "CC G\u00e2tinais Val de Loing",
                "code_bdv": "77333",
                "lib_bdv": "Nemours",
                "arr_code": "774",
                "arr_name": "Fontainebleau",
                "dens_niveau": 6,
                "dens_lib": "Rural \u00e0 habitat dispers\u00e9",
                "dep_code_filled": "77",
                "aca_nom": "Acad\u00e9mie de Cr\u00e9teil",
                "zrr_simp": "NC - Commune non class\u00e9e",
                "equip_nom": "DOJO",
                "equip_type_name": "Dojo \/ Salle d'arts martiaux",
                "equip_prop_nom": "SYNDICAT MIXTE POUR LA CONSTRUCTION ET LE",
                "equip_prop_type": "EPCI",
                "equip_propsec_type": "Commune",
                "equip_gest_type": "EPCI",
                "equip_cogest_type": null,
                "equip_dsp": "false",
                "equip_ouv_public_bool": null,
                "equip_erp_type": "[\"X\"]",
                "equip_erp_cat": 3,
                "equip_homo_date": null,
                "equip_homo_periode": null,
                "equip_service_date": "2014",
                "equip_service_periode": "A partir de 2005",
                "equip_travaux_date": null,
                "equip_travaux_periode": null,
                "equip_travaux_type": null,
                "equip_energie": "[\"Autre\"]",
                "equip_nature": "Int\u00e9rieur",
                "equip_sol": "Synth\u00e9tique (hors gazon)",
                "equip_long": 21.0,
                "equip_larg": 20.0,
                "equip_haut": 5.0,
                "equip_surf": 415.0,
                "equip_eclair": "true",
                "equip_piste_nb": null,
                "equip_trib_nb": 0,
                "equip_vest_sport": 2,
                "equip_vest_ens": 0,
                "equip_douche": "true",
                "equip_sanit": "true",
                "equip_loc_type": "[\"Local de rangement\"]",
                "equip_conf_type": null,
                "equip_acces_handi_mobilite": "Aire de jeu,Cheminements,Douches,Sanitaires,Vestiaires",
                "equip_acces_handi_sensoriel": "Sanitaires",
                "equip_pdesi_pdipr": null,
                "equip_bassin_long": null,
                "equip_bassin_larg": null,
                "equip_bassin_surf": null,
                "equip_bassin_min": null,
                "equip_bassin_max": null,
                "equip_piste_long": null,
                "equip_sae_haut": null,
                "equip_sae_surf": null,
                "equip_sae_couloir": null,
                "equip_pasdetir": null,
                "equip_url": null,
                "equip_utilisateur": "[\"Clubs sportifs,comit\u00e9s,ligues,f\u00e9d\u00e9rations,Scolaires,universit\u00e9s\"]",
                "equip_acc_libre": "false",
                "equip_saison": "false",
                "equip_obs": null,
                "equip_type_famille": "Salle de combat",
                "equip_type_code": "1801",
                "equip_rnb": null,
                "inst_acc_handi_bool": "true",
                "inst_trans_bool": "true",
                "inst_part_bool": "false",
                "equip_loc_bool": "true",
                "equip_pmr_vest": "true",
                "equip_pmr_acc": "false",
                "equip_pmr_aire": "true",
                "equip_pmr_chem": "true",
                "equip_pmr_douche": "true",
                "equip_pmr_sanit": "true",
                "equip_pmr_trib": "false",
                "equip_pshs_aire": "false",
                "equip_pshs_chem": "false",
                "equip_pshs_sanit": "true",
                "equip_pshs_sign": "false",
                "equip_pshs_trib": "false",
                "equip_pshs_vest": "false",
                "equip_x": "2.90507",
                "equip_y": "48.23859",
                "inst_part_type": null,
                "aps_name": [
                    "Judo \/ Jujitsu \/ Ta\u00efso",
                    "Karat\u00e9\/Karat\u00e9 jutsu\/Goshin jutsu\/Kobudo\/Nihon Tai-jutsu\/Taijitsu\/Nambudo\/Ninjutsu\/Nunchaku\/...",
                    "Lutte traditionnelle \/ olympique libre \/ olympique gr\u00e9co-romaine \/  bretonne \/ f\u00e9minine"
                ],
                "equip_qpv": null,
                "equip_qpv_200m": null,
                "categorie": null,
                "gen_2024fin_labellisation": null
            }
        },
        {
            "type": "Feature",
            "geometry": {
                "type": "Point",
                "coordinates": [
                    2.59117,
                    49.016223
                ]
            },
            "properties": {
                "equip_numero": "E002I772910004",
                "inst_numero": "I772910004",
                "inst_enqu_date": "2025-03-31",
                "inst_nom": "COMPLEXE MULTISPORT",
                "inst_siret": null,
                "inst_adresse": "12 RUE DU STADE SAUVANET",
                "inst_cp": "77990",
                "new_name": "Le Mesnil-Amelot",
                "new_code": "77291",
                "inst_part_type_filter": null,
                "inst_uai": null,
                "inst_acc_handi_type": "[\"Handicap moteur\"]",
                "inst_trans_type": "[\"Bus\", \"Train\"]",
                "inst_obs": null,
                "inst_date_etat": "2014-02-17",
                "inst_date_creation": "2009-09-23",
                "inst_hs_bool": null,
                "epci_code": "200055655",
                "dep_code": "77",
                "dep_nom": "Seine-et-Marne",
                "reg_code": "11",
                "reg_nom": "\u00cele-de-France",
                "epci_nom": "CA Roissy Pays de France",
                "code_bdv": "77153",
                "lib_bdv": "Dammartin-en-Go\u00eble",
                "arr_code": "771",
                "arr_name": "Meaux",
                "dens_niveau": 5,
                "dens_lib": "Bourgs ruraux",
                "dep_code_filled": "77",
                "aca_nom": "Acad\u00e9mie de Cr\u00e9teil",
                "zrr_simp": "NC - Commune non class\u00e9e",
                "equip_nom": "DOJO",
                "equip_type_name": "Dojo \/ Salle d'arts martiaux",
                "equip_prop_nom": null,
                "equip_prop_type": "Commune",
                "equip_propsec_type": null,
                "equip_gest_type": "Commune",
                "equip_cogest_type": null,
                "equip_dsp": "false",
                "equip_ouv_public_bool": "true",
                "equip_erp_type": "[\"X\"]",
                "equip_erp_cat": null,
                "equip_homo_date": null,
                "equip_homo_periode": null,
                "equip_service_date": "2008",
                "equip_service_periode": "A partir de 2005",
                "equip_travaux_date": null,
                "equip_travaux_periode": null,
                "equip_travaux_type": null,
                "equip_energie": "[\"Gaz\"]",
                "equip_nature": "Int\u00e9rieur",
                "equip_sol": "B\u00e9ton",
                "equip_long": null,
                "equip_larg": null,
                "equip_haut": null,
                "equip_surf": null,
                "equip_eclair": "true",
                "equip_piste_nb": null,
                "equip_trib_nb": 0,
                "equip_vest_sport": 2,
                "equip_vest_ens": 1,
                "equip_douche": "true",
                "equip_sanit": "true",
                "equip_loc_type": null,
                "equip_conf_type": null,
                "equip_acces_handi_mobilite": null,
                "equip_acces_handi_sensoriel": null,
                "equip_pdesi_pdipr": null,
                "equip_bassin_long": null,
                "equip_bassin_larg": null,
                "equip_bassin_surf": null,
                "equip_bassin_min": null,
                "equip_bassin_max": null,
                "equip_piste_long": null,
                "equip_sae_haut": null,
                "equip_sae_surf": null,
                "equip_sae_couloir": null,
                "equip_pasdetir": null,
                "equip_url": null,
                "equip_utilisateur": "[\"Clubs sportifs,comit\u00e9s,ligues,f\u00e9d\u00e9rations,Scolaires,universit\u00e9s\"]",
                "equip_acc_libre": "false",
                "equip_saison": "false",
                "equip_obs": null,
                "equip_type_famille": "Salle de combat",
                "equip_type_code": "1801",
                "equip_rnb": null,
                "inst_acc_handi_bool": "true",
                "inst_trans_bool": "true",
                "inst_part_bool": "false",
                "equip_loc_bool": "false",
                "equip_pmr_vest": "false",
                "equip_pmr_acc": "false",
                "equip_pmr_aire": "false",
                "equip_pmr_chem": "false",
                "equip_pmr_douche": "false",
                "equip_pmr_sanit": "false",
                "equip_pmr_trib": "false",
                "equip_pshs_aire": "false",
                "equip_pshs_chem": "false",
                "equip_pshs_sanit": "false",
                "equip_pshs_sign": "false",
                "equip_pshs_trib": "false",
                "equip_pshs_vest": "false",
                "equip_x": "2.59117",
                "equip_y": "49.016223",
                "inst_part_type": null,
                "aps_name": [
                    "Judo \/ Jujitsu \/ Ta\u00efso"
                ],
                "equip_qpv": null,
                "equip_qpv_200m": null,
                "categorie": null,
                "gen_2024fin_labellisation": null
            }
        },
        {
            "type": "Feature",
            "geometry": {
                "type": "Point",
                "coordinates": [
                    2.59974,
                    48.9618
                ]
            },
            "properties": {
                "equip_numero": "E002I772940004",
                "inst_numero": "I772940004",
                "inst_enqu_date": "2025-03-31",
                "inst_nom": "COMPLEXE SPORTIF OSTERMEYER",
                "inst_siret": null,
                "inst_adresse": "RUE DES MARTYRS DE CHATEAUBRIAND",
                "inst_cp": "77290",
                "new_name": "Mitry-Mory",
                "new_code": "77294",
                "inst_part_type_filter": null,
                "inst_uai": null,
                "inst_acc_handi_type": "[\"Handicap moteur\"]",
                "inst_trans_type": null,
                "inst_obs": null,
                "inst_date_etat": "2019-06-26",
                "inst_date_creation": "2005-09-22",
                "inst_hs_bool": null,
                "epci_code": "200055655",
                "dep_code": "77",
                "dep_nom": "Seine-et-Marne",
                "reg_code": "11",
                "reg_nom": "\u00cele-de-France",
                "epci_nom": "CA Roissy Pays de France",
                "code_bdv": "75056",
                "lib_bdv": "Paris",
                "arr_code": "771",
                "arr_name": "Meaux",
                "dens_niveau": 1,
                "dens_lib": "Grands centres urbains",
                "dep_code_filled": "77",
                "aca_nom": "Acad\u00e9mie de Cr\u00e9teil",
                "zrr_simp": "NC - Commune non class\u00e9e",
                "equip_nom": "SALLE D'ARTS MARTIAUX",
                "equip_type_name": "Salle de lutte",
                "equip_prop_nom": null,
                "equip_prop_type": "Commune",
                "equip_propsec_type": null,
                "equip_gest_type": "Commune",
                "equip_cogest_type": null,
                "equip_dsp": "false",
                "equip_ouv_public_bool": "true",
                "equip_erp_type": "[\"X\"]",
                "equip_erp_cat": 2,
                "equip_homo_date": null,
                "equip_homo_periode": null,
                "equip_service_date": "2000",
                "equip_service_periode": "1995-2004",
                "equip_travaux_date": null,
                "equip_travaux_periode": null,
                "equip_travaux_type": null,
                "equip_energie": "[\"Gaz\"]",
                "equip_nature": "Int\u00e9rieur",
                "equip_sol": "B\u00e9ton",
                "equip_long": 24.0,
                "equip_larg": 15.0,
                "equip_haut": 3.0,
                "equip_surf": 360.0,
                "equip_eclair": "true",
                "equip_piste_nb": null,
                "equip_trib_nb": 0,
                "equip_vest_sport": 2,
                "equip_vest_ens": 0,
                "equip_douche": "true",
                "equip_sanit": "true",
                "equip_loc_type": "[\"Bureau(x) Club(s)\"]",
                "equip_conf_type": null,
                "equip_acces_handi_mobilite": "Aire de jeu",
                "equip_acces_handi_sensoriel": null,
                "equip_pdesi_pdipr": null,
                "equip_bassin_long": null,
                "equip_bassin_larg": null,
                "equip_bassin_surf": null,
                "equip_bassin_min": null,
                "equip_bassin_max": null,
                "equip_piste_long": null,
                "equip_sae_haut": null,
                "equip_sae_surf": null,
                "equip_sae_couloir": null,
                "equip_pasdetir": null,
                "equip_url": null,
                "equip_utilisateur": "[\"Clubs sportifs,comit\u00e9s,ligues,f\u00e9d\u00e9rations,Scolaires,universit\u00e9s\"]",
                "equip_acc_libre": "false",
                "equip_saison": "false",
                "equip_obs": null,
                "equip_type_famille": "Salle ou terrain sp\u00e9cialis\u00e9",
                "equip_type_code": "2108",
                "equip_rnb": null,
                "inst_acc_handi_bool": "true",
                "inst_trans_bool": "false",
                "inst_part_bool": "false",
                "equip_loc_bool": "true",
                "equip_pmr_vest": "false",
                "equip_pmr_acc": "false",
                "equip_pmr_aire": "true",
                "equip_pmr_chem": "false",
                "equip_pmr_douche": "false",
                "equip_pmr_sanit": "false",
                "equip_pmr_trib": "false",
                "equip_pshs_aire": "false",
                "equip_pshs_chem": "false",
                "equip_pshs_sanit": "false",
                "equip_pshs_sign": "false",
                "equip_pshs_trib": "false",
                "equip_pshs_vest": "false",
                "equip_x": "2.59974",
                "equip_y": "48.9618",
                "inst_part_type": null,
                "aps_name": [
                    "Judo \/ Jujitsu \/ Ta\u00efso",
                    "Lutte traditionnelle \/ olympique libre \/ olympique gr\u00e9co-romaine \/  bretonne \/ f\u00e9minine"
                ],
                "equip_qpv": null,
                "equip_qpv_200m": null,
                "categorie": null,
                "gen_2024fin_labellisation": null
            }
        },
        {
            "type": "Feature",
            "geometry": {
                "type": "Point",
                "coordinates": [
                    2.67538547516,
                    48.766798534
                ]
            },
            "properties": {
                "equip_numero": "E002I773500023",
                "inst_numero": "I773500023",
                "inst_enqu_date": "2025-03-31",
                "inst_nom": "Dojo intercommunal de la Br\u00e8che aux Loups",
                "inst_siret": null,
                "inst_adresse": "9 all\u00e9e de la br\u00e8che aux loups",
                "inst_cp": "77330",
                "new_name": "Ozoir-la-Ferri\u00e8re",
                "new_code": "77350",
                "inst_part_type_filter": [
                    "Complexe sportif"
                ],
                "inst_uai": null,
                "inst_acc_handi_type": null,
                "inst_trans_type": "[\"Bus\"]",
                "inst_obs": null,
                "inst_date_etat": "2024-02-22",
                "inst_date_creation": "2024-02-08",
                "inst_hs_bool": "true",
                "epci_code": "200023125",
                "dep_code": "77",
                "dep_nom": "Seine-et-Marne",
                "reg_code": "11",
                "reg_nom": "\u00cele-de-France",
                "epci_nom": "CC Les Portes Briardes entre Villes et For\u00eats",
                "code_bdv": "75056",
                "lib_bdv": "Paris",
                "arr_code": "775",
                "arr_name": "Torcy",
                "dens_niveau": 2,
                "dens_lib": "Centres urbains interm\u00e9diaires",
                "dep_code_filled": "77",
                "aca_nom": "Acad\u00e9mie de Cr\u00e9teil",
                "zrr_simp": "NC - Commune non class\u00e9e",
                "equip_nom": "Salle annexe 1",
                "equip_type_name": "Dojo \/ Salle d'arts martiaux",
                "equip_prop_nom": "Communaut\u00e9 de communes Les portes Birardes",
                "equip_prop_type": "EPCI",
                "equip_propsec_type": null,
                "equip_gest_type": "EPCI",
                "equip_cogest_type": null,
                "equip_dsp": "false",
                "equip_ouv_public_bool": "true",
                "equip_erp_type": "[\"X\"]",
                "equip_erp_cat": 3,
                "equip_homo_date": null,
                "equip_homo_periode": null,
                "equip_service_date": "2020",
                "equip_service_periode": null,
                "equip_travaux_date": null,
                "equip_travaux_periode": null,
                "equip_travaux_type": null,
                "equip_energie": null,
                "equip_nature": "Int\u00e9rieur",
                "equip_sol": "Parquet",
                "equip_long": null,
                "equip_larg": null,
                "equip_haut": null,
                "equip_surf": 160.0,
                "equip_eclair": "true",
                "equip_piste_nb": null,
                "equip_trib_nb": null,
                "equip_vest_sport": 4,
                "equip_vest_ens": 1,
                "equip_douche": "true",
                "equip_sanit": "true",
                "equip_loc_type": null,
                "equip_conf_type": null,
                "equip_acces_handi_mobilite": "Aire de jeu,Douches,Sanitaires,Vestiaires",
                "equip_acces_handi_sensoriel": null,
                "equip_pdesi_pdipr": null,
                "equip_bassin_long": null,
                "equip_bassin_larg": null,
                "equip_bassin_surf": null,
                "equip_bassin_min": null,
                "equip_bassin_max": null,
                "equip_piste_long": null,
                "equip_sae_haut": null,
                "equip_sae_surf": null,
                "equip_sae_couloir": null,
                "equip_pasdetir": null,
                "equip_url": null,
                "equip_utilisateur": "[\"Clubs sportifs,comit\u00e9s,ligues,f\u00e9d\u00e9rations,Scolaires,universit\u00e9s,Autre - association(s) et groupes divers\"]",
                "equip_acc_libre": "false",
                "equip_saison": "false",
                "equip_obs": "Autres activit\u00e9s: krav maga, vovinam, mma, capoera, yoga, taichi. Centre de Pr\u00e9paration aux Jeux (CPJ)",
                "equip_type_famille": "Salle de combat",
                "equip_type_code": "1801",
                "equip_rnb": "JQ76X23KFYHB",
                "inst_acc_handi_bool": "false",
                "inst_trans_bool": "true",
                "inst_part_bool": "true",
                "equip_loc_bool": "false",
                "equip_pmr_vest": "true",
                "equip_pmr_acc": "false",
                "equip_pmr_aire": "true",
                "equip_pmr_chem": "false",
                "equip_pmr_douche": "true",
                "equip_pmr_sanit": "true",
                "equip_pmr_trib": "false",
                "equip_pshs_aire": "false",
                "equip_pshs_chem": "false",
                "equip_pshs_sanit": "false",
                "equip_pshs_sign": "false",
                "equip_pshs_trib": "false",
                "equip_pshs_vest": "false",
                "equip_x": "2.67538547516",
                "equip_y": "48.766798534",
                "inst_part_type": "[\"Complexe sportif\"]",
                "aps_name": [
                    "Judo \/ Jujitsu \/ Ta\u00efso",
                    "Karat\u00e9\/Karat\u00e9 jutsu\/Goshin jutsu\/Kobudo\/Nihon Tai-jutsu\/Taijitsu\/Nambudo\/Ninjutsu\/Nunchaku\/...",
                    "Taekwondo \/ Hapkido \/ Tang-soo-do \/ Soo bahk do \/ Sin moo hapkido \/ Hapkido jin jung kwan"
                ],
                "equip_qpv": null,
                "equip_qpv_200m": null,
                "categorie": null,
                "gen_2024fin_labellisation": null
            }
        },
        {
            "type": "Feature",
            "geometry": {
                "type": "Point",
                "coordinates": [
                    2.66058,
                    48.5178
                ]
            },
            "properties": {
                "equip_numero": "E002I773890003",
                "inst_numero": "I773890003",
                "inst_enqu_date": "2025-03-31",
                "inst_nom": "COMPLEXE SPORTIF RENE-TABOUROT",
                "inst_siret": null,
                "inst_adresse": "Impasse des Pincevents",
                "inst_cp": "77000",
                "new_name": "La Rochette",
                "new_code": "77389",
                "inst_part_type_filter": null,
                "inst_uai": null,
                "inst_acc_handi_type": "[\"Handicap moteur\"]",
                "inst_trans_type": "[\"Bus\"]",
                "inst_obs": null,
                "inst_date_etat": "2015-02-01",
                "inst_date_creation": "2005-09-22",
                "inst_hs_bool": null,
                "epci_code": "247700057",
                "dep_code": "77",
                "dep_nom": "Seine-et-Marne",
                "reg_code": "11",
                "reg_nom": "\u00cele-de-France",
                "epci_nom": "CA Melun Val de Seine",
                "code_bdv": "77288",
                "lib_bdv": "Melun",
                "arr_code": "772",
                "arr_name": "Melun",
                "dens_niveau": 4,
                "dens_lib": "Ceintures urbaines",
                "dep_code_filled": "77",
                "aca_nom": "Acad\u00e9mie de Cr\u00e9teil",
                "zrr_simp": "NC - Commune non class\u00e9e",
                "equip_nom": "SALLE DE JUDO",
                "equip_type_name": "Dojo \/ Salle d'arts martiaux",
                "equip_prop_nom": null,
                "equip_prop_type": "Commune",
                "equip_propsec_type": null,
                "equip_gest_type": "Commune",
                "equip_cogest_type": null,
                "equip_dsp": "false",
                "equip_ouv_public_bool": "true",
                "equip_erp_type": "[\"X\"]",
                "equip_erp_cat": 5,
                "equip_homo_date": null,
                "equip_homo_periode": null,
                "equip_service_date": "1973",
                "equip_service_periode": "1965-1974",
                "equip_travaux_date": null,
                "equip_travaux_periode": null,
                "equip_travaux_type": null,
                "equip_energie": "[\"Gaz\"]",
                "equip_nature": "Int\u00e9rieur",
                "equip_sol": "Synth\u00e9tique (hors gazon)",
                "equip_long": 20.0,
                "equip_larg": 15.0,
                "equip_haut": 3.0,
                "equip_surf": 300.0,
                "equip_eclair": "true",
                "equip_piste_nb": null,
                "equip_trib_nb": 0,
                "equip_vest_sport": 4,
                "equip_vest_ens": 1,
                "equip_douche": "true",
                "equip_sanit": "true",
                "equip_loc_type": null,
                "equip_conf_type": null,
                "equip_acces_handi_mobilite": "Aire de jeu,Cheminements,Sanitaires",
                "equip_acces_handi_sensoriel": "Sanitaires",
                "equip_pdesi_pdipr": null,
                "equip_bassin_long": null,
                "equip_bassin_larg": null,
                "equip_bassin_surf": null,
                "equip_bassin_min": null,
                "equip_bassin_max": null,
                "equip_piste_long": null,
                "equip_sae_haut": null,
                "equip_sae_surf": null,
                "equip_sae_couloir": null,
                "equip_pasdetir": null,
                "equip_url": "http:\/\/www.ville-la-rochette.fr\/equipements.htm",
                "equip_utilisateur": "[\"Clubs sportifs,comit\u00e9s,ligues,f\u00e9d\u00e9rations,Scolaires,universit\u00e9s\"]",
                "equip_acc_libre": "false",
                "equip_saison": "false",
                "equip_obs": null,
                "equip_type_famille": "Salle de combat",
                "equip_type_code": "1801",
                "equip_rnb": null,
                "inst_acc_handi_bool": "true",
                "inst_trans_bool": "true",
                "inst_part_bool": "false",
                "equip_loc_bool": "false",
                "equip_pmr_vest": "false",
                "equip_pmr_acc": "false",
                "equip_pmr_aire": "true",
                "equip_pmr_chem": "true",
                "equip_pmr_douche": "false",
                "equip_pmr_sanit": "true",
                "equip_pmr_trib": "false",
                "equip_pshs_aire": "false",
                "equip_pshs_chem": "false",
                "equip_pshs_sanit": "true",
                "equip_pshs_sign": "false",
                "equip_pshs_trib": "false",
                "equip_pshs_vest": "false",
                "equip_x": "2.66058",
                "equip_y": "48.5178",
                "inst_part_type": null,
                "aps_name": [
                    "Activit\u00e9s de forme et de sant\u00e9",
                    "Judo \/ Jujitsu \/ Ta\u00efso",
                    "Karat\u00e9\/Karat\u00e9 jutsu\/Goshin jutsu\/Kobudo\/Nihon Tai-jutsu\/Taijitsu\/Nambudo\/Ninjutsu\/Nunchaku\/..."
                ],
                "equip_qpv": null,
                "equip_qpv_200m": null,
                "categorie": null,
                "gen_2024fin_labellisation": null
            }
        },
        {
            "type": "Feature",
            "geometry": {
                "type": "Point",
                "coordinates": [
                    2.97065,
                    48.67905
                ]
            },
            "properties": {
                "equip_numero": "E002I773930001",
                "inst_numero": "I773930001",
                "inst_enqu_date": "2025-03-31",
                "inst_nom": "gymnase Cahterine Lombard et Dojo",
                "inst_siret": null,
                "inst_adresse": "RUE DE VILPRE",
                "inst_cp": "77540",
                "new_name": "Rozay-en-Brie",
                "new_code": "77393",
                "inst_part_type_filter": null,
                "inst_uai": null,
                "inst_acc_handi_type": "[\"Handicap moteur\"]",
                "inst_trans_type": "[\"Bus\"]",
                "inst_obs": null,
                "inst_date_etat": "2024-02-09",
                "inst_date_creation": "2005-09-22",
                "inst_hs_bool": "false",
                "epci_code": "200072874",
                "dep_code": "77",
                "dep_nom": "Seine-et-Marne",
                "reg_code": "11",
                "reg_nom": "\u00cele-de-France",
                "epci_nom": "CC Val Briard",
                "code_bdv": "77393",
                "lib_bdv": "Rozay-en-Brie",
                "arr_code": "773",
                "arr_name": "Provins",
                "dens_niveau": 5,
                "dens_lib": "Bourgs ruraux",
                "dep_code_filled": "77",
                "aca_nom": "Acad\u00e9mie de Cr\u00e9teil",
                "zrr_simp": "NC - Commune non class\u00e9e",
                "equip_nom": "DOJO",
                "equip_type_name": "Salle multisports (gymnase)",
                "equip_prop_nom": null,
                "equip_prop_type": "Commune",
                "equip_propsec_type": null,
                "equip_gest_type": "Commune",
                "equip_cogest_type": null,
                "equip_dsp": "false",
                "equip_ouv_public_bool": "true",
                "equip_erp_type": "[\"X\"]",
                "equip_erp_cat": 5,
                "equip_homo_date": null,
                "equip_homo_periode": null,
                "equip_service_date": "1999",
                "equip_service_periode": "1995-2004",
                "equip_travaux_date": null,
                "equip_travaux_periode": null,
                "equip_travaux_type": null,
                "equip_energie": "[\"Electricit\u00e9\"]",
                "equip_nature": "Int\u00e9rieur",
                "equip_sol": "Synth\u00e9tique (hors gazon)",
                "equip_long": 15.0,
                "equip_larg": 15.0,
                "equip_haut": 3.0,
                "equip_surf": 226.0,
                "equip_eclair": "true",
                "equip_piste_nb": null,
                "equip_trib_nb": 0,
                "equip_vest_sport": 2,
                "equip_vest_ens": 0,
                "equip_douche": "true",
                "equip_sanit": "true",
                "equip_loc_type": null,
                "equip_conf_type": null,
                "equip_acces_handi_mobilite": "Accueil,Aire de jeu,Cheminements,Sanitaires",
                "equip_acces_handi_sensoriel": "Sanitaires",
                "equip_pdesi_pdipr": null,
                "equip_bassin_long": null,
                "equip_bassin_larg": null,
                "equip_bassin_surf": null,
                "equip_bassin_min": null,
                "equip_bassin_max": null,
                "equip_piste_long": null,
                "equip_sae_haut": null,
                "equip_sae_surf": null,
                "equip_sae_couloir": null,
                "equip_pasdetir": null,
                "equip_url": "http:\/\/www.rozay-en-brie.fr",
                "equip_utilisateur": "[\"Clubs sportifs,comit\u00e9s,ligues,f\u00e9d\u00e9rations,Scolaires,universit\u00e9s,Autre - association(s) et groupes divers\"]",
                "equip_acc_libre": "false",
                "equip_saison": "false",
                "equip_obs": "Autres Activit\u00e9s: babygym, gym d\u00e9tente",
                "equip_type_famille": "Salle multisports",
                "equip_type_code": "1901",
                "equip_rnb": "1ABR7H5HKGWP",
                "inst_acc_handi_bool": "true",
                "inst_trans_bool": "true",
                "inst_part_bool": "false",
                "equip_loc_bool": "false",
                "equip_pmr_vest": "false",
                "equip_pmr_acc": "true",
                "equip_pmr_aire": "true",
                "equip_pmr_chem": "true",
                "equip_pmr_douche": "false",
                "equip_pmr_sanit": "true",
                "equip_pmr_trib": "false",
                "equip_pshs_aire": "false",
                "equip_pshs_chem": "false",
                "equip_pshs_sanit": "true",
                "equip_pshs_sign": "false",
                "equip_pshs_trib": "false",
                "equip_pshs_vest": "false",
                "equip_x": "2.97065",
                "equip_y": "48.67905",
                "inst_part_type": null,
                "aps_name": [
                    "Activit\u00e9s de forme et de sant\u00e9",
                    "Judo \/ Jujitsu \/ Ta\u00efso",
                    "Kick boxing \/ Cardio KB \/ Kick boxing light \/ KB D\u00e9fense"
                ],
                "equip_qpv": null,
                "equip_qpv_200m": null,
                "categorie": "structurant",
                "gen_2024fin_labellisation": null
            }
        },
        {
            "type": "Feature",
            "geometry": {
                "type": "Point",
                "coordinates": [
                    2.646,
                    48.84785
                ]
            },
            "properties": {
                "equip_numero": "E002I774680004",
                "inst_numero": "I774680004",
                "inst_enqu_date": "2025-03-31",
                "inst_nom": "COMPLEXE SPORTIF R. COUDERC",
                "inst_siret": null,
                "inst_adresse": "ALLEE R. COUDERC",
                "inst_cp": "77200",
                "new_name": "Torcy",
                "new_code": "77468",
                "inst_part_type_filter": null,
                "inst_uai": null,
                "inst_acc_handi_type": "[\"Handicap moteur\"]",
                "inst_trans_type": "[\"Bus\"]",
                "inst_obs": null,
                "inst_date_etat": "2024-04-25",
                "inst_date_creation": "2005-09-22",
                "inst_hs_bool": null,
                "epci_code": "200057958",
                "dep_code": "77",
                "dep_nom": "Seine-et-Marne",
                "reg_code": "11",
                "reg_nom": "\u00cele-de-France",
                "epci_nom": "CA Paris - Vall\u00e9e de la Marne",
                "code_bdv": "75056",
                "lib_bdv": "Paris",
                "arr_code": "775",
                "arr_name": "Torcy",
                "dens_niveau": 1,
                "dens_lib": "Grands centres urbains",
                "dep_code_filled": "77",
                "aca_nom": "Acad\u00e9mie de Cr\u00e9teil",
                "zrr_simp": "NC - Commune non class\u00e9e",
                "equip_nom": "GYMNASE R. COUDERC - SALLE GYMNASTIQUE ET JUDO",
                "equip_type_name": "Salle multisports (gymnase)",
                "equip_prop_nom": null,
                "equip_prop_type": "Commune",
                "equip_propsec_type": null,
                "equip_gest_type": "Commune",
                "equip_cogest_type": null,
                "equip_dsp": "false",
                "equip_ouv_public_bool": "true",
                "equip_erp_type": "[\"X\"]",
                "equip_erp_cat": 5,
                "equip_homo_date": "2001-12-18",
                "equip_homo_periode": "1995-2004",
                "equip_service_date": "1986",
                "equip_service_periode": "1985-1994",
                "equip_travaux_date": null,
                "equip_travaux_periode": null,
                "equip_travaux_type": null,
                "equip_energie": "[\"Electricit\u00e9\"]",
                "equip_nature": "Int\u00e9rieur",
                "equip_sol": "Synth\u00e9tique (hors gazon)",
                "equip_long": 24.0,
                "equip_larg": 15.0,
                "equip_haut": 3.0,
                "equip_surf": 360.0,
                "equip_eclair": "true",
                "equip_piste_nb": null,
                "equip_trib_nb": 0,
                "equip_vest_sport": 4,
                "equip_vest_ens": 1,
                "equip_douche": "true",
                "equip_sanit": "true",
                "equip_loc_type": null,
                "equip_conf_type": null,
                "equip_acces_handi_mobilite": "Aire de jeu",
                "equip_acces_handi_sensoriel": null,
                "equip_pdesi_pdipr": null,
                "equip_bassin_long": null,
                "equip_bassin_larg": null,
                "equip_bassin_surf": null,
                "equip_bassin_min": null,
                "equip_bassin_max": null,
                "equip_piste_long": null,
                "equip_sae_haut": null,
                "equip_sae_surf": null,
                "equip_sae_couloir": null,
                "equip_pasdetir": null,
                "equip_url": null,
                "equip_utilisateur": "[\"Clubs sportifs,comit\u00e9s,ligues,f\u00e9d\u00e9rations,Scolaires,universit\u00e9s,Autre - association(s) et groupes divers\"]",
                "equip_acc_libre": "false",
                "equip_saison": "false",
                "equip_obs": "RS : Altopex",
                "equip_type_famille": "Salle multisports",
                "equip_type_code": "1901",
                "equip_rnb": "4226YNX8XCR8",
                "inst_acc_handi_bool": "true",
                "inst_trans_bool": "true",
                "inst_part_bool": "false",
                "equip_loc_bool": "false",
                "equip_pmr_vest": "false",
                "equip_pmr_acc": "false",
                "equip_pmr_aire": "true",
                "equip_pmr_chem": "false",
                "equip_pmr_douche": "false",
                "equip_pmr_sanit": "false",
                "equip_pmr_trib": "false",
                "equip_pshs_aire": "false",
                "equip_pshs_chem": "false",
                "equip_pshs_sanit": "false",
                "equip_pshs_sign": "false",
                "equip_pshs_trib": "false",
                "equip_pshs_vest": "false",
                "equip_x": "2.646",
                "equip_y": "48.84785",
                "inst_part_type": null,
                "aps_name": [
                    "Judo \/ Jujitsu \/ Ta\u00efso",
                    "Karat\u00e9\/Karat\u00e9 jutsu\/Goshin jutsu\/Kobudo\/Nihon Tai-jutsu\/Taijitsu\/Nambudo\/Ninjutsu\/Nunchaku\/..."
                ],
                "equip_qpv": null,
                "equip_qpv_200m": null,
                "categorie": "structurant",
                "gen_2024fin_labellisation": null
            }
        },
        {
            "type": "Feature",
            "geometry": {
                "type": "Point",
                "coordinates": [
                    2.68008,
                    48.5305
                ]
            },
            "properties": {
                "equip_numero": "E002I774870001",
                "inst_numero": "I774870001",
                "inst_enqu_date": "2025-03-31",
                "inst_nom": "GYMNASE JULES LADOUMEGUE",
                "inst_siret": null,
                "inst_adresse": "RUE DES ACACIAS",
                "inst_cp": "77000",
                "new_name": "Vaux-le-P\u00e9nil",
                "new_code": "77487",
                "inst_part_type_filter": null,
                "inst_uai": null,
                "inst_acc_handi_type": "[\"Handicap moteur\"]",
                "inst_trans_type": null,
                "inst_obs": null,
                "inst_date_etat": "2016-02-18",
                "inst_date_creation": "2005-09-22",
                "inst_hs_bool": null,
                "epci_code": "247700057",
                "dep_code": "77",
                "dep_nom": "Seine-et-Marne",
                "reg_code": "11",
                "reg_nom": "\u00cele-de-France",
                "epci_nom": "CA Melun Val de Seine",
                "code_bdv": "77288",
                "lib_bdv": "Melun",
                "arr_code": "772",
                "arr_name": "Melun",
                "dens_niveau": 1,
                "dens_lib": "Grands centres urbains",
                "dep_code_filled": "77",
                "aca_nom": "Acad\u00e9mie de Cr\u00e9teil",
                "zrr_simp": "NC - Commune non class\u00e9e",
                "equip_nom": "SALLE DE SPORTS DE COMBAT",
                "equip_type_name": "Dojo \/ Salle d'arts martiaux",
                "equip_prop_nom": null,
                "equip_prop_type": "Commune",
                "equip_propsec_type": null,
                "equip_gest_type": "Commune",
                "equip_cogest_type": null,
                "equip_dsp": "false",
                "equip_ouv_public_bool": "true",
                "equip_erp_type": "[\"L\"]",
                "equip_erp_cat": 5,
                "equip_homo_date": null,
                "equip_homo_periode": null,
                "equip_service_date": "1973",
                "equip_service_periode": "1965-1974",
                "equip_travaux_date": null,
                "equip_travaux_periode": "1995-2004",
                "equip_travaux_type": null,
                "equip_energie": "[\"Gaz\"]",
                "equip_nature": "Int\u00e9rieur",
                "equip_sol": "Parquet",
                "equip_long": 18.0,
                "equip_larg": 15.0,
                "equip_haut": 2.0,
                "equip_surf": 260.0,
                "equip_eclair": "true",
                "equip_piste_nb": null,
                "equip_trib_nb": 0,
                "equip_vest_sport": 3,
                "equip_vest_ens": 1,
                "equip_douche": "true",
                "equip_sanit": "true",
                "equip_loc_type": "[\"Local de rangement\"]",
                "equip_conf_type": null,
                "equip_acces_handi_mobilite": "Aire de jeu,Cheminements,Sanitaires",
                "equip_acces_handi_sensoriel": "Sanitaires",
                "equip_pdesi_pdipr": null,
                "equip_bassin_long": null,
                "equip_bassin_larg": null,
                "equip_bassin_surf": null,
                "equip_bassin_min": null,
                "equip_bassin_max": null,
                "equip_piste_long": null,
                "equip_sae_haut": null,
                "equip_sae_surf": null,
                "equip_sae_couloir": null,
                "equip_pasdetir": null,
                "equip_url": "http:\/\/www.mairie-vaux-le-penil.fr",
                "equip_utilisateur": "[\"Individuel(s),famille(s),Clubs sportifs,comit\u00e9s,ligues,f\u00e9d\u00e9rations,Scolaires,universit\u00e9s\"]",
                "equip_acc_libre": "false",
                "equip_saison": "false",
                "equip_obs": null,
                "equip_type_famille": "Salle de combat",
                "equip_type_code": "1801",
                "equip_rnb": "3AMHD6S1MDFB",
                "inst_acc_handi_bool": "true",
                "inst_trans_bool": "false",
                "inst_part_bool": "false",
                "equip_loc_bool": "true",
                "equip_pmr_vest": "false",
                "equip_pmr_acc": "false",
                "equip_pmr_aire": "true",
                "equip_pmr_chem": "true",
                "equip_pmr_douche": "false",
                "equip_pmr_sanit": "true",
                "equip_pmr_trib": "false",
                "equip_pshs_aire": "false",
                "equip_pshs_chem": "false",
                "equip_pshs_sanit": "true",
                "equip_pshs_sign": "false",
                "equip_pshs_trib": "false",
                "equip_pshs_vest": "false",
                "equip_x": "2.68008",
                "equip_y": "48.5305",
                "inst_part_type": null,
                "aps_name": [
                    "Judo \/ Jujitsu \/ Ta\u00efso",
                    "Karat\u00e9\/Karat\u00e9 jutsu\/Goshin jutsu\/Kobudo\/Nihon Tai-jutsu\/Taijitsu\/Nambudo\/Ninjutsu\/Nunchaku\/..."
                ],
                "equip_qpv": null,
                "equip_qpv_200m": null,
                "categorie": null,
                "gen_2024fin_labellisation": null
            }
        },
        {
            "type": "Feature",
            "geometry": {
                "type": "Point",
                "coordinates": [
                    2.83368,
                    48.64253
                ]
            },
            "properties": {
                "equip_numero": "E002I774930002",
                "inst_numero": "I774930002",
                "inst_enqu_date": "2025-03-31",
                "inst_nom": "FOYER RURAL",
                "inst_siret": null,
                "inst_adresse": "RUE LAMARTINE",
                "inst_cp": "77390",
                "new_name": "Verneuil-l'\u00c9tang",
                "new_code": "77493",
                "inst_part_type_filter": null,
                "inst_uai": null,
                "inst_acc_handi_type": "[\"Handicap moteur\"]",
                "inst_trans_type": null,
                "inst_obs": null,
                "inst_date_etat": "2024-04-24",
                "inst_date_creation": "2005-09-22",
                "inst_hs_bool": null,
                "epci_code": "247700701",
                "dep_code": "77",
                "dep_nom": "Seine-et-Marne",
                "reg_code": "11",
                "reg_nom": "\u00cele-de-France",
                "epci_nom": "CC Brie Nangissienne",
                "code_bdv": "77192",
                "lib_bdv": "Fontenay-Tr\u00e9signy",
                "arr_code": "773",
                "arr_name": "Provins",
                "dens_niveau": 5,
                "dens_lib": "Bourgs ruraux",
                "dep_code_filled": "77",
                "aca_nom": "Acad\u00e9mie de Cr\u00e9teil",
                "zrr_simp": "NC - Commune non class\u00e9e",
                "equip_nom": "DOJO",
                "equip_type_name": "Dojo \/ Salle d'arts martiaux",
                "equip_prop_nom": null,
                "equip_prop_type": "Commune",
                "equip_propsec_type": null,
                "equip_gest_type": "Commune",
                "equip_cogest_type": null,
                "equip_dsp": "false",
                "equip_ouv_public_bool": "true",
                "equip_erp_type": "[\"L\"]",
                "equip_erp_cat": 5,
                "equip_homo_date": null,
                "equip_homo_periode": null,
                "equip_service_date": "1991",
                "equip_service_periode": "1985-1994",
                "equip_travaux_date": null,
                "equip_travaux_periode": null,
                "equip_travaux_type": null,
                "equip_energie": "[\"Gaz\"]",
                "equip_nature": "Int\u00e9rieur",
                "equip_sol": "Carrelage",
                "equip_long": 20.0,
                "equip_larg": 8.0,
                "equip_haut": 3.0,
                "equip_surf": 160.0,
                "equip_eclair": "true",
                "equip_piste_nb": null,
                "equip_trib_nb": 0,
                "equip_vest_sport": 1,
                "equip_vest_ens": 0,
                "equip_douche": "false",
                "equip_sanit": "true",
                "equip_loc_type": null,
                "equip_conf_type": null,
                "equip_acces_handi_mobilite": "Aire de jeu,Cheminements",
                "equip_acces_handi_sensoriel": null,
                "equip_pdesi_pdipr": null,
                "equip_bassin_long": null,
                "equip_bassin_larg": null,
                "equip_bassin_surf": null,
                "equip_bassin_min": null,
                "equip_bassin_max": null,
                "equip_piste_long": null,
                "equip_sae_haut": null,
                "equip_sae_surf": null,
                "equip_sae_couloir": null,
                "equip_pasdetir": null,
                "equip_url": "http:\/\/www.mairie-verneuil77.fr",
                "equip_utilisateur": "[\"Clubs sportifs,comit\u00e9s,ligues,f\u00e9d\u00e9rations\"]",
                "equip_acc_libre": "false",
                "equip_saison": "false",
                "equip_obs": null,
                "equip_type_famille": "Salle de combat",
                "equip_type_code": "1801",
                "equip_rnb": "3X56T13PR82W",
                "inst_acc_handi_bool": "true",
                "inst_trans_bool": "false",
                "inst_part_bool": "false",
                "equip_loc_bool": "false",
                "equip_pmr_vest": "false",
                "equip_pmr_acc": "false",
                "equip_pmr_aire": "true",
                "equip_pmr_chem": "true",
                "equip_pmr_douche": "false",
                "equip_pmr_sanit": "false",
                "equip_pmr_trib": "false",
                "equip_pshs_aire": "false",
                "equip_pshs_chem": "false",
                "equip_pshs_sanit": "false",
                "equip_pshs_sign": "false",
                "equip_pshs_trib": "false",
                "equip_pshs_vest": "false",
                "equip_x": "2.83368",
                "equip_y": "48.64253",
                "inst_part_type": null,
                "aps_name": [
                    "Judo \/ Jujitsu \/ Ta\u00efso"
                ],
                "equip_qpv": null,
                "equip_qpv_200m": null,
                "categorie": null,
                "gen_2024fin_labellisation": null
            }
        },
        {
            "type": "Feature",
            "geometry": {
                "type": "Point",
                "coordinates": [
                    2.68819,
                    48.40236
                ]
            },
            "properties": {
                "equip_numero": "E001I771860039",
                "inst_numero": "I771860039",
                "inst_enqu_date": "2025-03-31",
                "inst_nom": "COLLEGE JEANNE D'ARC",
                "inst_siret": null,
                "inst_adresse": "1 Rue Saint-merry",
                "inst_cp": "77300",
                "new_name": "Fontainebleau",
                "new_code": "77186",
                "inst_part_type_filter": [
                    "Etablissement scolaire"
                ],
                "inst_uai": "0771925Z",
                "inst_acc_handi_type": "[\"Handicap moteur\"]",
                "inst_trans_type": "[\"Bus\"]",
                "inst_obs": null,
                "inst_date_etat": "2024-11-07",
                "inst_date_creation": "2024-11-05",
                "inst_hs_bool": "false",
                "epci_code": "200072346",
                "dep_code": "77",
                "dep_nom": "Seine-et-Marne",
                "reg_code": "11",
                "reg_nom": "\u00cele-de-France",
                "epci_nom": "CA du Pays de Fontainebleau",
                "code_bdv": "77186",
                "lib_bdv": "Fontainebleau",
                "arr_code": "774",
                "arr_name": "Fontainebleau",
                "dens_niveau": 2,
                "dens_lib": "Centres urbains interm\u00e9diaires",
                "dep_code_filled": "77",
                "aca_nom": "Acad\u00e9mie de Cr\u00e9teil",
                "zrr_simp": "NC - Commune non class\u00e9e",
                "equip_nom": "PETIT GYMNASE",
                "equip_type_name": "Salle multisports (gymnase)",
                "equip_prop_nom": "Institution Catholique d\u2019Education de Fontainebleau",
                "equip_prop_type": "Etablissement d'enseignement priv\u00e9",
                "equip_propsec_type": null,
                "equip_gest_type": null,
                "equip_cogest_type": null,
                "equip_dsp": "false",
                "equip_ouv_public_bool": null,
                "equip_erp_type": "[\"L\", \"R\", \"X\"]",
                "equip_erp_cat": 5,
                "equip_homo_date": null,
                "equip_homo_periode": null,
                "equip_service_date": "2022",
                "equip_service_periode": null,
                "equip_travaux_date": null,
                "equip_travaux_periode": null,
                "equip_travaux_type": null,
                "equip_energie": "[\"Electricit\u00e9\"]",
                "equip_nature": "Int\u00e9rieur",
                "equip_sol": "Parquet",
                "equip_long": 20.0,
                "equip_larg": 10.0,
                "equip_haut": null,
                "equip_surf": 200.0,
                "equip_eclair": "true",
                "equip_piste_nb": null,
                "equip_trib_nb": 0,
                "equip_vest_sport": 2,
                "equip_vest_ens": null,
                "equip_douche": "true",
                "equip_sanit": "true",
                "equip_loc_type": "[\"Local de rangement\"]",
                "equip_conf_type": null,
                "equip_acces_handi_mobilite": "Accueil,Aire de jeu,Cheminements,Douches,Vestiaires",
                "equip_acces_handi_sensoriel": null,
                "equip_pdesi_pdipr": null,
                "equip_bassin_long": null,
                "equip_bassin_larg": null,
                "equip_bassin_surf": null,
                "equip_bassin_min": null,
                "equip_bassin_max": null,
                "equip_piste_long": null,
                "equip_sae_haut": null,
                "equip_sae_surf": null,
                "equip_sae_couloir": null,
                "equip_pasdetir": null,
                "equip_url": null,
                "equip_utilisateur": "[\"Scolaires,universit\u00e9s\"]",
                "equip_acc_libre": "false",
                "equip_saison": "false",
                "equip_obs": null,
                "equip_type_famille": "Salle multisports",
                "equip_type_code": "1901",
                "equip_rnb": "F1MNTZJZYQGY",
                "inst_acc_handi_bool": "true",
                "inst_trans_bool": "true",
                "inst_part_bool": "true",
                "equip_loc_bool": "true",
                "equip_pmr_vest": "true",
                "equip_pmr_acc": "true",
                "equip_pmr_aire": "true",
                "equip_pmr_chem": "true",
                "equip_pmr_douche": "true",
                "equip_pmr_sanit": "false",
                "equip_pmr_trib": "false",
                "equip_pshs_aire": "false",
                "equip_pshs_chem": "false",
                "equip_pshs_sanit": "false",
                "equip_pshs_sign": "false",
                "equip_pshs_trib": "false",
                "equip_pshs_vest": "false",
                "equip_x": "2.68819",
                "equip_y": "48.40236",
                "inst_part_type": "[\"Etablissement scolaire\"]",
                "aps_name": [
                    "Expression gymnique",
                    "Judo \/ Jujitsu \/ Ta\u00efso"
                ],
                "equip_qpv": null,
                "equip_qpv_200m": null,
                "categorie": "structurant",
                "gen_2024fin_labellisation": null
            }
        },
        {
            "type": "Feature",
            "geometry": {
                "type": "Point",
                "coordinates": [
                    2.67518,
                    48.77317
                ]
            },
            "properties": {
                "equip_numero": "E001I773500015",
                "inst_numero": "I773500015",
                "inst_enqu_date": "2025-03-31",
                "inst_nom": "Ecole Primaire Gruet - Gymnase",
                "inst_siret": "21770350300094",
                "inst_adresse": "82 avenue du general leclerc",
                "inst_cp": "77330",
                "new_name": "Ozoir-la-Ferri\u00e8re",
                "new_code": "77350",
                "inst_part_type_filter": [
                    "Etablissement scolaire"
                ],
                "inst_uai": "0770870C",
                "inst_acc_handi_type": "[\"Handicap moteur\"]",
                "inst_trans_type": "[\"Bus\"]",
                "inst_obs": "Equipement utilis\u00e9 mais v\u00e9tuste: infiltration d'eau, toiture pas \u00e9tanche. A grandement besoin de travaux",
                "inst_date_etat": "2024-01-26",
                "inst_date_creation": "2005-09-22",
                "inst_hs_bool": "false",
                "epci_code": "200023125",
                "dep_code": "77",
                "dep_nom": "Seine-et-Marne",
                "reg_code": "11",
                "reg_nom": "\u00cele-de-France",
                "epci_nom": "CC Les Portes Briardes entre Villes et For\u00eats",
                "code_bdv": "75056",
                "lib_bdv": "Paris",
                "arr_code": "775",
                "arr_name": "Torcy",
                "dens_niveau": 2,
                "dens_lib": "Centres urbains interm\u00e9diaires",
                "dep_code_filled": "77",
                "aca_nom": "Acad\u00e9mie de Cr\u00e9teil",
                "zrr_simp": "NC - Commune non class\u00e9e",
                "equip_nom": "GYMNASE GRUET",
                "equip_type_name": "Salle multisports (gymnase)",
                "equip_prop_nom": "Commune de Ozoir-la-Ferri\u00e8re",
                "equip_prop_type": "Commune",
                "equip_propsec_type": null,
                "equip_gest_type": "Commune",
                "equip_cogest_type": null,
                "equip_dsp": "true",
                "equip_ouv_public_bool": null,
                "equip_erp_type": "[\"R\", \"X\"]",
                "equip_erp_cat": 4,
                "equip_homo_date": null,
                "equip_homo_periode": null,
                "equip_service_date": "1965",
                "equip_service_periode": "1965-1974",
                "equip_travaux_date": null,
                "equip_travaux_periode": null,
                "equip_travaux_type": null,
                "equip_energie": null,
                "equip_nature": "Int\u00e9rieur",
                "equip_sol": "Synth\u00e9tique (hors gazon)",
                "equip_long": 18.0,
                "equip_larg": 15.0,
                "equip_haut": 5.0,
                "equip_surf": 270.0,
                "equip_eclair": "true",
                "equip_piste_nb": null,
                "equip_trib_nb": 0,
                "equip_vest_sport": null,
                "equip_vest_ens": 0,
                "equip_douche": "true",
                "equip_sanit": "true",
                "equip_loc_type": "[\"Local de rangement\"]",
                "equip_conf_type": null,
                "equip_acces_handi_mobilite": "Aire de jeu",
                "equip_acces_handi_sensoriel": null,
                "equip_pdesi_pdipr": null,
                "equip_bassin_long": null,
                "equip_bassin_larg": null,
                "equip_bassin_surf": null,
                "equip_bassin_min": null,
                "equip_bassin_max": null,
                "equip_piste_long": null,
                "equip_sae_haut": null,
                "equip_sae_surf": null,
                "equip_sae_couloir": null,
                "equip_pasdetir": null,
                "equip_url": null,
                "equip_utilisateur": "[\"Scolaires,universit\u00e9s,Autre - association(s) et groupes divers\"]",
                "equip_acc_libre": "false",
                "equip_saison": "false",
                "equip_obs": null,
                "equip_type_famille": "Salle multisports",
                "equip_type_code": "1901",
                "equip_rnb": null,
                "inst_acc_handi_bool": "true",
                "inst_trans_bool": "true",
                "inst_part_bool": "true",
                "equip_loc_bool": "true",
                "equip_pmr_vest": "false",
                "equip_pmr_acc": "false",
                "equip_pmr_aire": "true",
                "equip_pmr_chem": "false",
                "equip_pmr_douche": "false",
                "equip_pmr_sanit": "false",
                "equip_pmr_trib": "false",
                "equip_pshs_aire": "false",
                "equip_pshs_chem": "false",
                "equip_pshs_sanit": "false",
                "equip_pshs_sign": "false",
                "equip_pshs_trib": "false",
                "equip_pshs_vest": "false",
                "equip_x": "2.67518",
                "equip_y": "48.77317",
                "inst_part_type": "[\"Etablissement scolaire\"]",
                "aps_name": [
                    "Autres Danses",
                    "Expression gymnique",
                    "Handball \/ Mini hand \/ Handball de plage",
                    "Judo \/ Jujitsu \/ Ta\u00efso"
                ],
                "equip_qpv": null,
                "equip_qpv_200m": null,
                "categorie": "structurant",
                "gen_2024fin_labellisation": null
            }
        },
        {
            "type": "Feature",
            "geometry": {
                "type": "Point",
                "coordinates": [
                    2.73875,
                    48.7113
                ]
            },
            "properties": {
                "equip_numero": "E001I773770001",
                "inst_numero": "I773770001",
                "inst_enqu_date": "2025-03-31",
                "inst_nom": "COMPLEXE SPORTIF",
                "inst_siret": null,
                "inst_adresse": "RUE DE L'ABBE NOEL",
                "inst_cp": "77220",
                "new_name": "Presles-en-Brie",
                "new_code": "77377",
                "inst_part_type_filter": null,
                "inst_uai": null,
                "inst_acc_handi_type": "[\"Handicap moteur\"]",
                "inst_trans_type": "[\"Bus\"]",
                "inst_obs": null,
                "inst_date_etat": "2015-02-02",
                "inst_date_creation": "2005-09-22",
                "inst_hs_bool": null,
                "epci_code": "200072874",
                "dep_code": "77",
                "dep_nom": "Seine-et-Marne",
                "reg_code": "11",
                "reg_nom": "\u00cele-de-France",
                "epci_nom": "CC Val Briard",
                "code_bdv": "77470",
                "lib_bdv": "Tournan-en-Brie",
                "arr_code": "773",
                "arr_name": "Provins",
                "dens_niveau": 5,
                "dens_lib": "Bourgs ruraux",
                "dep_code_filled": "77",
                "aca_nom": "Acad\u00e9mie de Cr\u00e9teil",
                "zrr_simp": "NC - Commune non class\u00e9e",
                "equip_nom": "DOJO",
                "equip_type_name": "Dojo \/ Salle d'arts martiaux",
                "equip_prop_nom": null,
                "equip_prop_type": "Commune",
                "equip_propsec_type": null,
                "equip_gest_type": "Commune",
                "equip_cogest_type": null,
                "equip_dsp": "false",
                "equip_ouv_public_bool": "true",
                "equip_erp_type": "[\"L\"]",
                "equip_erp_cat": null,
                "equip_homo_date": null,
                "equip_homo_periode": null,
                "equip_service_date": "1995",
                "equip_service_periode": "1995-2004",
                "equip_travaux_date": null,
                "equip_travaux_periode": null,
                "equip_travaux_type": null,
                "equip_energie": "[\"Fuel\"]",
                "equip_nature": "Int\u00e9rieur",
                "equip_sol": "B\u00e9ton",
                "equip_long": 12.0,
                "equip_larg": 12.0,
                "equip_haut": 3.0,
                "equip_surf": 144.0,
                "equip_eclair": "true",
                "equip_piste_nb": null,
                "equip_trib_nb": 0,
                "equip_vest_sport": 2,
                "equip_vest_ens": 1,
                "equip_douche": "true",
                "equip_sanit": "true",
                "equip_loc_type": "[\"Local de rangement\"]",
                "equip_conf_type": null,
                "equip_acces_handi_mobilite": null,
                "equip_acces_handi_sensoriel": null,
                "equip_pdesi_pdipr": null,
                "equip_bassin_long": null,
                "equip_bassin_larg": null,
                "equip_bassin_surf": null,
                "equip_bassin_min": null,
                "equip_bassin_max": null,
                "equip_piste_long": null,
                "equip_sae_haut": null,
                "equip_sae_surf": null,
                "equip_sae_couloir": null,
                "equip_pasdetir": null,
                "equip_url": "http:\/\/www.preslesenbrie.eu",
                "equip_utilisateur": "[\"Clubs sportifs,comit\u00e9s,ligues,f\u00e9d\u00e9rations\"]",
                "equip_acc_libre": "false",
                "equip_saison": "false",
                "equip_obs": null,
                "equip_type_famille": "Salle de combat",
                "equip_type_code": "1801",
                "equip_rnb": null,
                "inst_acc_handi_bool": "true",
                "inst_trans_bool": "true",
                "inst_part_bool": "false",
                "equip_loc_bool": "true",
                "equip_pmr_vest": "false",
                "equip_pmr_acc": "false",
                "equip_pmr_aire": "false",
                "equip_pmr_chem": "false",
                "equip_pmr_douche": "false",
                "equip_pmr_sanit": "false",
                "equip_pmr_trib": "false",
                "equip_pshs_aire": "false",
                "equip_pshs_chem": "false",
                "equip_pshs_sanit": "false",
                "equip_pshs_sign": "false",
                "equip_pshs_trib": "false",
                "equip_pshs_vest": "false",
                "equip_x": "2.73875",
                "equip_y": "48.7113",
                "inst_part_type": null,
                "aps_name": [
                    "Judo \/ Jujitsu \/ Ta\u00efso"
                ],
                "equip_qpv": null,
                "equip_qpv_200m": null,
                "categorie": null,
                "gen_2024fin_labellisation": null
            }
        },
        {
            "type": "Feature",
            "geometry": {
                "type": "Point",
                "coordinates": [
                    2.674192,
                    48.55526
                ]
            },
            "properties": {
                "equip_numero": "E001I773940004",
                "inst_numero": "I773940004",
                "inst_enqu_date": "2025-03-31",
                "inst_nom": "ESPACE SAINT EXUPERY",
                "inst_siret": null,
                "inst_adresse": "RUE DE SOLERS",
                "inst_cp": "77950",
                "new_name": "Rubelles",
                "new_code": "77394",
                "inst_part_type_filter": null,
                "inst_uai": null,
                "inst_acc_handi_type": "[\"Handicap moteur\"]",
                "inst_trans_type": "[\"Bus\"]",
                "inst_obs": null,
                "inst_date_etat": "2024-04-25",
                "inst_date_creation": "2010-07-19",
                "inst_hs_bool": null,
                "epci_code": "247700057",
                "dep_code": "77",
                "dep_nom": "Seine-et-Marne",
                "reg_code": "11",
                "reg_nom": "\u00cele-de-France",
                "epci_nom": "CA Melun Val de Seine",
                "code_bdv": "77288",
                "lib_bdv": "Melun",
                "arr_code": "772",
                "arr_name": "Melun",
                "dens_niveau": 1,
                "dens_lib": "Grands centres urbains",
                "dep_code_filled": "77",
                "aca_nom": "Acad\u00e9mie de Cr\u00e9teil",
                "zrr_simp": "NC - Commune non class\u00e9e",
                "equip_nom": "SALLE DE JUDO",
                "equip_type_name": "Dojo \/ Salle d'arts martiaux",
                "equip_prop_nom": null,
                "equip_prop_type": "Commune",
                "equip_propsec_type": null,
                "equip_gest_type": "Commune",
                "equip_cogest_type": null,
                "equip_dsp": "false",
                "equip_ouv_public_bool": "true",
                "equip_erp_type": "[\"X\"]",
                "equip_erp_cat": 5,
                "equip_homo_date": null,
                "equip_homo_periode": null,
                "equip_service_date": null,
                "equip_service_periode": "1995-2004",
                "equip_travaux_date": null,
                "equip_travaux_periode": null,
                "equip_travaux_type": null,
                "equip_energie": "[\"Gaz\"]",
                "equip_nature": "Int\u00e9rieur",
                "equip_sol": "Synth\u00e9tique (hors gazon)",
                "equip_long": 16.0,
                "equip_larg": 9.0,
                "equip_haut": null,
                "equip_surf": 136.0,
                "equip_eclair": "true",
                "equip_piste_nb": null,
                "equip_trib_nb": 0,
                "equip_vest_sport": 2,
                "equip_vest_ens": 0,
                "equip_douche": "true",
                "equip_sanit": "true",
                "equip_loc_type": null,
                "equip_conf_type": null,
                "equip_acces_handi_mobilite": "Aire de jeu,Cheminements",
                "equip_acces_handi_sensoriel": null,
                "equip_pdesi_pdipr": null,
                "equip_bassin_long": null,
                "equip_bassin_larg": null,
                "equip_bassin_surf": null,
                "equip_bassin_min": null,
                "equip_bassin_max": null,
                "equip_piste_long": null,
                "equip_sae_haut": null,
                "equip_sae_surf": null,
                "equip_sae_couloir": null,
                "equip_pasdetir": null,
                "equip_url": "http:\/\/www.rubelles.fr",
                "equip_utilisateur": "[\"Clubs sportifs,comit\u00e9s,ligues,f\u00e9d\u00e9rations,Scolaires,universit\u00e9s\"]",
                "equip_acc_libre": "false",
                "equip_saison": "false",
                "equip_obs": null,
                "equip_type_famille": "Salle de combat",
                "equip_type_code": "1801",
                "equip_rnb": "8EJBE8DC19BP",
                "inst_acc_handi_bool": "true",
                "inst_trans_bool": "true",
                "inst_part_bool": "false",
                "equip_loc_bool": "false",
                "equip_pmr_vest": "false",
                "equip_pmr_acc": "false",
                "equip_pmr_aire": "true",
                "equip_pmr_chem": "true",
                "equip_pmr_douche": "false",
                "equip_pmr_sanit": "false",
                "equip_pmr_trib": "false",
                "equip_pshs_aire": "false",
                "equip_pshs_chem": "false",
                "equip_pshs_sanit": "false",
                "equip_pshs_sign": "false",
                "equip_pshs_trib": "false",
                "equip_pshs_vest": "false",
                "equip_x": "2.674192",
                "equip_y": "48.55526",
                "inst_part_type": null,
                "aps_name": [
                    "Judo \/ Jujitsu \/ Ta\u00efso"
                ],
                "equip_qpv": null,
                "equip_qpv_200m": null,
                "categorie": null,
                "gen_2024fin_labellisation": null
            }
        },
        {
            "type": "Feature",
            "geometry": {
                "type": "Point",
                "coordinates": [
                    2.98076,
                    48.4013
                ]
            },
            "properties": {
                "equip_numero": "E001I774090005",
                "inst_numero": "I774090005",
                "inst_enqu_date": "2025-03-31",
                "inst_nom": "SALLE DE SPORT DE COURBETON",
                "inst_siret": null,
                "inst_adresse": "RUE DES PINS",
                "inst_cp": "77130",
                "new_name": "Saint-Germain-Laval",
                "new_code": "77409",
                "inst_part_type_filter": null,
                "inst_uai": null,
                "inst_acc_handi_type": "[\"Handicap moteur\"]",
                "inst_trans_type": null,
                "inst_obs": null,
                "inst_date_etat": "2016-02-18",
                "inst_date_creation": "2005-09-22",
                "inst_hs_bool": null,
                "epci_code": "247700107",
                "dep_code": "77",
                "dep_nom": "Seine-et-Marne",
                "reg_code": "11",
                "reg_nom": "\u00cele-de-France",
                "epci_nom": "CC Pays de Montereau",
                "code_bdv": "77305",
                "lib_bdv": "Montereau-Fault-Yonne",
                "arr_code": "773",
                "arr_name": "Provins",
                "dens_niveau": 4,
                "dens_lib": "Ceintures urbaines",
                "dep_code_filled": "77",
                "aca_nom": "Acad\u00e9mie de Cr\u00e9teil",
                "zrr_simp": "NC - Commune non class\u00e9e",
                "equip_nom": "SALLE D'ARTS MARTIAUX",
                "equip_type_name": "Dojo \/ Salle d'arts martiaux",
                "equip_prop_nom": null,
                "equip_prop_type": "Commune",
                "equip_propsec_type": null,
                "equip_gest_type": "Commune",
                "equip_cogest_type": null,
                "equip_dsp": "false",
                "equip_ouv_public_bool": "true",
                "equip_erp_type": "[\"X\"]",
                "equip_erp_cat": 5,
                "equip_homo_date": null,
                "equip_homo_periode": null,
                "equip_service_date": "1966",
                "equip_service_periode": "1965-1974",
                "equip_travaux_date": null,
                "equip_travaux_periode": null,
                "equip_travaux_type": null,
                "equip_energie": "[\"Electricit\u00e9\"]",
                "equip_nature": "Int\u00e9rieur",
                "equip_sol": "Synth\u00e9tique (hors gazon)",
                "equip_long": 21.0,
                "equip_larg": 14.0,
                "equip_haut": 6.0,
                "equip_surf": 294.0,
                "equip_eclair": "true",
                "equip_piste_nb": null,
                "equip_trib_nb": 0,
                "equip_vest_sport": 2,
                "equip_vest_ens": 1,
                "equip_douche": "true",
                "equip_sanit": "true",
                "equip_loc_type": "[\"Local de rangement\"]",
                "equip_conf_type": null,
                "equip_acces_handi_mobilite": "Aire de jeu,Cheminements",
                "equip_acces_handi_sensoriel": null,
                "equip_pdesi_pdipr": null,
                "equip_bassin_long": null,
                "equip_bassin_larg": null,
                "equip_bassin_surf": null,
                "equip_bassin_min": null,
                "equip_bassin_max": null,
                "equip_piste_long": null,
                "equip_sae_haut": null,
                "equip_sae_surf": null,
                "equip_sae_couloir": null,
                "equip_pasdetir": null,
                "equip_url": "http:\/\/www.saint-germain-laval.fr",
                "equip_utilisateur": "[\"Clubs sportifs,comit\u00e9s,ligues,f\u00e9d\u00e9rations\"]",
                "equip_acc_libre": "false",
                "equip_saison": "false",
                "equip_obs": null,
                "equip_type_famille": "Salle de combat",
                "equip_type_code": "1801",
                "equip_rnb": "RPSXHWTQ4AR9",
                "inst_acc_handi_bool": "true",
                "inst_trans_bool": "false",
                "inst_part_bool": "false",
                "equip_loc_bool": "true",
                "equip_pmr_vest": "false",
                "equip_pmr_acc": "false",
                "equip_pmr_aire": "true",
                "equip_pmr_chem": "true",
                "equip_pmr_douche": "false",
                "equip_pmr_sanit": "false",
                "equip_pmr_trib": "false",
                "equip_pshs_aire": "false",
                "equip_pshs_chem": "false",
                "equip_pshs_sanit": "false",
                "equip_pshs_sign": "false",
                "equip_pshs_trib": "false",
                "equip_pshs_vest": "false",
                "equip_x": "2.98076",
                "equip_y": "48.4013",
                "inst_part_type": null,
                "aps_name": [
                    "Aikido \/ Aikibudo \/ Budo",
                    "Expression gymnique",
                    "Judo \/ Jujitsu \/ Ta\u00efso"
                ],
                "equip_qpv": null,
                "equip_qpv_200m": null,
                "categorie": null,
                "gen_2024fin_labellisation": null
            }
        },
        {
            "type": "Feature",
            "geometry": {
                "type": "Point",
                "coordinates": [
                    2.74944,
                    48.4226
                ]
            },
            "properties": {
                "equip_numero": "E001I774420001",
                "inst_numero": "I774420001",
                "inst_enqu_date": "2025-03-31",
                "inst_nom": "LA GRANGE AUX DIMES",
                "inst_siret": null,
                "inst_adresse": "11 RUE DE L'EGLISE",
                "inst_cp": "77210",
                "new_name": "Samoreau",
                "new_code": "77442",
                "inst_part_type_filter": null,
                "inst_uai": null,
                "inst_acc_handi_type": "[\"Handicap moteur\"]",
                "inst_trans_type": "[\"Bus\"]",
                "inst_obs": null,
                "inst_date_etat": "2024-04-24",
                "inst_date_creation": "2005-09-22",
                "inst_hs_bool": null,
                "epci_code": "200072346",
                "dep_code": "77",
                "dep_nom": "Seine-et-Marne",
                "reg_code": "11",
                "reg_nom": "\u00cele-de-France",
                "epci_nom": "CA du Pays de Fontainebleau",
                "code_bdv": "77186",
                "lib_bdv": "Fontainebleau",
                "arr_code": "774",
                "arr_name": "Fontainebleau",
                "dens_niveau": 2,
                "dens_lib": "Centres urbains interm\u00e9diaires",
                "dep_code_filled": "77",
                "aca_nom": "Acad\u00e9mie de Cr\u00e9teil",
                "zrr_simp": "NC - Commune non class\u00e9e",
                "equip_nom": "DOJO",
                "equip_type_name": "Dojo \/ Salle d'arts martiaux",
                "equip_prop_nom": null,
                "equip_prop_type": "Commune",
                "equip_propsec_type": null,
                "equip_gest_type": "Commune",
                "equip_cogest_type": null,
                "equip_dsp": "false",
                "equip_ouv_public_bool": "true",
                "equip_erp_type": "[\"L\"]",
                "equip_erp_cat": null,
                "equip_homo_date": null,
                "equip_homo_periode": null,
                "equip_service_date": "1975",
                "equip_service_periode": "1975-1984",
                "equip_travaux_date": null,
                "equip_travaux_periode": null,
                "equip_travaux_type": null,
                "equip_energie": "[\"Gaz\"]",
                "equip_nature": "Int\u00e9rieur",
                "equip_sol": "B\u00e9ton",
                "equip_long": 10.0,
                "equip_larg": 9.0,
                "equip_haut": 4.0,
                "equip_surf": 85.0,
                "equip_eclair": "true",
                "equip_piste_nb": null,
                "equip_trib_nb": 0,
                "equip_vest_sport": 0,
                "equip_vest_ens": 0,
                "equip_douche": "false",
                "equip_sanit": "true",
                "equip_loc_type": null,
                "equip_conf_type": null,
                "equip_acces_handi_mobilite": "Aire de jeu,Cheminements",
                "equip_acces_handi_sensoriel": null,
                "equip_pdesi_pdipr": null,
                "equip_bassin_long": null,
                "equip_bassin_larg": null,
                "equip_bassin_surf": null,
                "equip_bassin_min": null,
                "equip_bassin_max": null,
                "equip_piste_long": null,
                "equip_sae_haut": null,
                "equip_sae_surf": null,
                "equip_sae_couloir": null,
                "equip_pasdetir": null,
                "equip_url": "http:\/\/www.samoreau.fr",
                "equip_utilisateur": "[\"Clubs sportifs,comit\u00e9s,ligues,f\u00e9d\u00e9rations,Scolaires,universit\u00e9s\"]",
                "equip_acc_libre": "false",
                "equip_saison": "false",
                "equip_obs": null,
                "equip_type_famille": "Salle de combat",
                "equip_type_code": "1801",
                "equip_rnb": "M5KSM4DSFBRZ",
                "inst_acc_handi_bool": "true",
                "inst_trans_bool": "true",
                "inst_part_bool": "false",
                "equip_loc_bool": "false",
                "equip_pmr_vest": "false",
                "equip_pmr_acc": "false",
                "equip_pmr_aire": "true",
                "equip_pmr_chem": "true",
                "equip_pmr_douche": "false",
                "equip_pmr_sanit": "false",
                "equip_pmr_trib": "false",
                "equip_pshs_aire": "false",
                "equip_pshs_chem": "false",
                "equip_pshs_sanit": "false",
                "equip_pshs_sign": "false",
                "equip_pshs_trib": "false",
                "equip_pshs_vest": "false",
                "equip_x": "2.74944",
                "equip_y": "48.4226",
                "inst_part_type": null,
                "aps_name": [
                    "Activit\u00e9s de forme et de sant\u00e9",
                    "Judo \/ Jujitsu \/ Ta\u00efso"
                ],
                "equip_qpv": null,
                "equip_qpv_200m": null,
                "categorie": null,
                "gen_2024fin_labellisation": null
            }
        },
        {
            "type": "Feature",
            "geometry": {
                "type": "Point",
                "coordinates": [
                    2.700002,
                    48.651806
                ]
            },
            "properties": {
                "equip_numero": "E001I774550005",
                "inst_numero": "I774550005",
                "inst_enqu_date": "2025-03-31",
                "inst_nom": "SALLE D'ACTIVIT\u00c9",
                "inst_siret": null,
                "inst_adresse": "CHEMIN DES COTES",
                "inst_cp": "77111",
                "new_name": "Soignolles-en-Brie",
                "new_code": "77455",
                "inst_part_type_filter": null,
                "inst_uai": null,
                "inst_acc_handi_type": "[\"Handicap moteur\"]",
                "inst_trans_type": "[\"Bus\"]",
                "inst_obs": null,
                "inst_date_etat": "2024-04-25",
                "inst_date_creation": "2010-07-22",
                "inst_hs_bool": null,
                "epci_code": "200070779",
                "dep_code": "77",
                "dep_nom": "Seine-et-Marne",
                "reg_code": "11",
                "reg_nom": "\u00cele-de-France",
                "epci_nom": "CC Brie des Rivi\u00e8res et Ch\u00e2teaux",
                "code_bdv": "77053",
                "lib_bdv": "Brie-Comte-Robert",
                "arr_code": "772",
                "arr_name": "Melun",
                "dens_niveau": 5,
                "dens_lib": "Bourgs ruraux",
                "dep_code_filled": "77",
                "aca_nom": "Acad\u00e9mie de Cr\u00e9teil",
                "zrr_simp": "NC - Commune non class\u00e9e",
                "equip_nom": "SALLE D'ACTIVITE SPORTIVE",
                "equip_type_name": "Salle multisports (gymnase)",
                "equip_prop_nom": null,
                "equip_prop_type": "Commune",
                "equip_propsec_type": null,
                "equip_gest_type": "Commune",
                "equip_cogest_type": null,
                "equip_dsp": "false",
                "equip_ouv_public_bool": "true",
                "equip_erp_type": "[\"X\"]",
                "equip_erp_cat": 3,
                "equip_homo_date": null,
                "equip_homo_periode": null,
                "equip_service_date": "2009",
                "equip_service_periode": "A partir de 2005",
                "equip_travaux_date": null,
                "equip_travaux_periode": null,
                "equip_travaux_type": null,
                "equip_energie": "[\"Gaz\"]",
                "equip_nature": "Int\u00e9rieur",
                "equip_sol": "Synth\u00e9tique (hors gazon)",
                "equip_long": 16.0,
                "equip_larg": 15.0,
                "equip_haut": 4.0,
                "equip_surf": 240.0,
                "equip_eclair": "true",
                "equip_piste_nb": null,
                "equip_trib_nb": 0,
                "equip_vest_sport": 2,
                "equip_vest_ens": 0,
                "equip_douche": "true",
                "equip_sanit": "true",
                "equip_loc_type": "[\"Bureau(x) Club(s)\", \"Local de rangement\"]",
                "equip_conf_type": null,
                "equip_acces_handi_mobilite": "Aire de jeu,Cheminements,Douches,Sanitaires,Vestiaires",
                "equip_acces_handi_sensoriel": "Sanitaires",
                "equip_pdesi_pdipr": null,
                "equip_bassin_long": null,
                "equip_bassin_larg": null,
                "equip_bassin_surf": null,
                "equip_bassin_min": null,
                "equip_bassin_max": null,
                "equip_piste_long": null,
                "equip_sae_haut": null,
                "equip_sae_surf": null,
                "equip_sae_couloir": null,
                "equip_pasdetir": null,
                "equip_url": "www.ville-soignollesenbrie.fr",
                "equip_utilisateur": "[\"Clubs sportifs,comit\u00e9s,ligues,f\u00e9d\u00e9rations,Scolaires,universit\u00e9s,Autre - association(s) et groupes divers\"]",
                "equip_acc_libre": "false",
                "equip_saison": "false",
                "equip_obs": null,
                "equip_type_famille": "Salle multisports",
                "equip_type_code": "1901",
                "equip_rnb": "91P24A74D6EY",
                "inst_acc_handi_bool": "true",
                "inst_trans_bool": "true",
                "inst_part_bool": "false",
                "equip_loc_bool": "true",
                "equip_pmr_vest": "true",
                "equip_pmr_acc": "false",
                "equip_pmr_aire": "true",
                "equip_pmr_chem": "true",
                "equip_pmr_douche": "true",
                "equip_pmr_sanit": "true",
                "equip_pmr_trib": "false",
                "equip_pshs_aire": "false",
                "equip_pshs_chem": "false",
                "equip_pshs_sanit": "true",
                "equip_pshs_sign": "false",
                "equip_pshs_trib": "false",
                "equip_pshs_vest": "false",
                "equip_x": "2.700002",
                "equip_y": "48.651806",
                "inst_part_type": null,
                "aps_name": [
                    "Gymnastique Artistique",
                    "Gymnastique Rythmique",
                    "Gymnastique volontaire",
                    "Judo \/ Jujitsu \/ Ta\u00efso",
                    "Kendo \/ Ia\u00efdo \/ Naginata \/ Jodo \/ Sport chanbara"
                ],
                "equip_qpv": null,
                "equip_qpv_200m": null,
                "categorie": "structurant",
                "gen_2024fin_labellisation": null
            }
        },
        {
            "type": "Feature",
            "geometry": {
                "type": "Point",
                "coordinates": [
                    2.7365,
                    48.179
                ]
            },
            "properties": {
                "equip_numero": "E001I774580002",
                "inst_numero": "I774580002",
                "inst_enqu_date": "2025-03-31",
                "inst_nom": "MILLE-CLUB",
                "inst_siret": null,
                "inst_adresse": "AVENUE DU FOYER",
                "inst_cp": "77460",
                "new_name": "Souppes-sur-Loing",
                "new_code": "77458",
                "inst_part_type_filter": null,
                "inst_uai": null,
                "inst_acc_handi_type": "[\"Handicap moteur\"]",
                "inst_trans_type": null,
                "inst_obs": null,
                "inst_date_etat": "2024-04-25",
                "inst_date_creation": "2005-09-22",
                "inst_hs_bool": null,
                "epci_code": "200023919",
                "dep_code": "77",
                "dep_nom": "Seine-et-Marne",
                "reg_code": "11",
                "reg_nom": "\u00cele-de-France",
                "epci_nom": "CC G\u00e2tinais Val de Loing",
                "code_bdv": "77458",
                "lib_bdv": "Souppes-sur-Loing",
                "arr_code": "774",
                "arr_name": "Fontainebleau",
                "dens_niveau": 5,
                "dens_lib": "Bourgs ruraux",
                "dep_code_filled": "77",
                "aca_nom": "Acad\u00e9mie de Cr\u00e9teil",
                "zrr_simp": "NC - Commune non class\u00e9e",
                "equip_nom": "MILLE-CLUB",
                "equip_type_name": "Dojo \/ Salle d'arts martiaux",
                "equip_prop_nom": null,
                "equip_prop_type": "Commune",
                "equip_propsec_type": null,
                "equip_gest_type": "Association(s)",
                "equip_cogest_type": null,
                "equip_dsp": "false",
                "equip_ouv_public_bool": "true",
                "equip_erp_type": "[\"X\"]",
                "equip_erp_cat": 5,
                "equip_homo_date": null,
                "equip_homo_periode": null,
                "equip_service_date": "1975",
                "equip_service_periode": "1975-1984",
                "equip_travaux_date": null,
                "equip_travaux_periode": null,
                "equip_travaux_type": null,
                "equip_energie": "[\"Gaz\"]",
                "equip_nature": "Int\u00e9rieur",
                "equip_sol": "B\u00e9ton",
                "equip_long": 10.0,
                "equip_larg": 10.0,
                "equip_haut": 3.0,
                "equip_surf": 100.0,
                "equip_eclair": "true",
                "equip_piste_nb": null,
                "equip_trib_nb": 0,
                "equip_vest_sport": 2,
                "equip_vest_ens": 0,
                "equip_douche": "true",
                "equip_sanit": "true",
                "equip_loc_type": null,
                "equip_conf_type": null,
                "equip_acces_handi_mobilite": "Aire de jeu",
                "equip_acces_handi_sensoriel": null,
                "equip_pdesi_pdipr": null,
                "equip_bassin_long": null,
                "equip_bassin_larg": null,
                "equip_bassin_surf": null,
                "equip_bassin_min": null,
                "equip_bassin_max": null,
                "equip_piste_long": null,
                "equip_sae_haut": null,
                "equip_sae_surf": null,
                "equip_sae_couloir": null,
                "equip_pasdetir": null,
                "equip_url": "www.souppes.fr",
                "equip_utilisateur": "[\"Clubs sportifs,comit\u00e9s,ligues,f\u00e9d\u00e9rations\"]",
                "equip_acc_libre": "false",
                "equip_saison": "false",
                "equip_obs": null,
                "equip_type_famille": "Salle de combat",
                "equip_type_code": "1801",
                "equip_rnb": "YYJHSST8FHCA",
                "inst_acc_handi_bool": "true",
                "inst_trans_bool": "false",
                "inst_part_bool": "false",
                "equip_loc_bool": "false",
                "equip_pmr_vest": "false",
                "equip_pmr_acc": "false",
                "equip_pmr_aire": "true",
                "equip_pmr_chem": "false",
                "equip_pmr_douche": "false",
                "equip_pmr_sanit": "false",
                "equip_pmr_trib": "false",
                "equip_pshs_aire": "false",
                "equip_pshs_chem": "false",
                "equip_pshs_sanit": "false",
                "equip_pshs_sign": "false",
                "equip_pshs_trib": "false",
                "equip_pshs_vest": "false",
                "equip_x": "2.7365",
                "equip_y": "48.179",
                "inst_part_type": null,
                "aps_name": [
                    "Judo \/ Jujitsu \/ Ta\u00efso",
                    "Karat\u00e9\/Karat\u00e9 jutsu\/Goshin jutsu\/Kobudo\/Nihon Tai-jutsu\/Taijitsu\/Nambudo\/Ninjutsu\/Nunchaku\/..."
                ],
                "equip_qpv": null,
                "equip_qpv_200m": null,
                "categorie": null,
                "gen_2024fin_labellisation": null
            }
        },
        {
            "type": "Feature",
            "geometry": {
                "type": "Point",
                "coordinates": [
                    2.92581,
                    48.3764
                ]
            },
            "properties": {
                "equip_numero": "E001I774820006",
                "inst_numero": "I774820006",
                "inst_enqu_date": "2025-03-31",
                "inst_nom": "SALLE AMBROISE CROISAT",
                "inst_siret": null,
                "inst_adresse": "19 RUE GRANDE",
                "inst_cp": "77130",
                "new_name": "Varennes-sur-Seine",
                "new_code": "77482",
                "inst_part_type_filter": null,
                "inst_uai": null,
                "inst_acc_handi_type": "[\"Handicap moteur\"]",
                "inst_trans_type": null,
                "inst_obs": null,
                "inst_date_etat": "2015-07-07",
                "inst_date_creation": "2014-12-04",
                "inst_hs_bool": null,
                "epci_code": "247700107",
                "dep_code": "77",
                "dep_nom": "Seine-et-Marne",
                "reg_code": "11",
                "reg_nom": "\u00cele-de-France",
                "epci_nom": "CC Pays de Montereau",
                "code_bdv": "77305",
                "lib_bdv": "Montereau-Fault-Yonne",
                "arr_code": "773",
                "arr_name": "Provins",
                "dens_niveau": 4,
                "dens_lib": "Ceintures urbaines",
                "dep_code_filled": "77",
                "aca_nom": "Acad\u00e9mie de Cr\u00e9teil",
                "zrr_simp": "NC - Commune non class\u00e9e",
                "equip_nom": "DOJO",
                "equip_type_name": "Dojo \/ Salle d'arts martiaux",
                "equip_prop_nom": null,
                "equip_prop_type": "Commune",
                "equip_propsec_type": null,
                "equip_gest_type": "Commune",
                "equip_cogest_type": null,
                "equip_dsp": "false",
                "equip_ouv_public_bool": "true",
                "equip_erp_type": null,
                "equip_erp_cat": null,
                "equip_homo_date": null,
                "equip_homo_periode": null,
                "equip_service_date": "1995",
                "equip_service_periode": "1995-2004",
                "equip_travaux_date": null,
                "equip_travaux_periode": null,
                "equip_travaux_type": null,
                "equip_energie": "[\"Gaz\"]",
                "equip_nature": "Int\u00e9rieur",
                "equip_sol": "B\u00e9ton",
                "equip_long": 19.0,
                "equip_larg": 8.0,
                "equip_haut": 2.0,
                "equip_surf": 152.0,
                "equip_eclair": "true",
                "equip_piste_nb": null,
                "equip_trib_nb": 0,
                "equip_vest_sport": 1,
                "equip_vest_ens": 0,
                "equip_douche": "true",
                "equip_sanit": "false",
                "equip_loc_type": null,
                "equip_conf_type": null,
                "equip_acces_handi_mobilite": null,
                "equip_acces_handi_sensoriel": null,
                "equip_pdesi_pdipr": null,
                "equip_bassin_long": null,
                "equip_bassin_larg": null,
                "equip_bassin_surf": null,
                "equip_bassin_min": null,
                "equip_bassin_max": null,
                "equip_piste_long": null,
                "equip_sae_haut": null,
                "equip_sae_surf": null,
                "equip_sae_couloir": null,
                "equip_pasdetir": null,
                "equip_url": null,
                "equip_utilisateur": "[\"Individuel(s),famille(s),Clubs sportifs,comit\u00e9s,ligues,f\u00e9d\u00e9rations,Scolaires,universit\u00e9s\"]",
                "equip_acc_libre": "false",
                "equip_saison": "false",
                "equip_obs": null,
                "equip_type_famille": "Salle de combat",
                "equip_type_code": "1801",
                "equip_rnb": null,
                "inst_acc_handi_bool": "true",
                "inst_trans_bool": "false",
                "inst_part_bool": "false",
                "equip_loc_bool": "false",
                "equip_pmr_vest": "false",
                "equip_pmr_acc": "false",
                "equip_pmr_aire": "false",
                "equip_pmr_chem": "false",
                "equip_pmr_douche": "false",
                "equip_pmr_sanit": "false",
                "equip_pmr_trib": "false",
                "equip_pshs_aire": "false",
                "equip_pshs_chem": "false",
                "equip_pshs_sanit": "false",
                "equip_pshs_sign": "false",
                "equip_pshs_trib": "false",
                "equip_pshs_vest": "false",
                "equip_x": "2.92581",
                "equip_y": "48.3764",
                "inst_part_type": null,
                "aps_name": [
                    "Activit\u00e9s de forme et de sant\u00e9",
                    "Judo \/ Jujitsu \/ Ta\u00efso"
                ],
                "equip_qpv": null,
                "equip_qpv_200m": null,
                "categorie": null,
                "gen_2024fin_labellisation": null
            }
        },
        {
            "type": "Feature",
            "geometry": {
                "type": "Point",
                "coordinates": [
                    2.906673,
                    48.880683
                ]
            },
            "properties": {
                "equip_numero": "E001I770470002",
                "inst_numero": "I770470002",
                "inst_enqu_date": "2025-03-31",
                "inst_nom": "MAISON DES ASSOCIATIONS",
                "inst_siret": null,
                "inst_adresse": "2 RUE DE L'EGLISE",
                "inst_cp": "77580",
                "new_name": "Bouleurs",
                "new_code": "77047",
                "inst_part_type_filter": null,
                "inst_uai": null,
                "inst_acc_handi_type": null,
                "inst_trans_type": "[\"Bus\"]",
                "inst_obs": null,
                "inst_date_etat": "2015-03-09",
                "inst_date_creation": "2010-05-25",
                "inst_hs_bool": null,
                "epci_code": "200090504",
                "dep_code": "77",
                "dep_nom": "Seine-et-Marne",
                "reg_code": "11",
                "reg_nom": "\u00cele-de-France",
                "epci_nom": "CA Coulommiers Pays de Brie",
                "code_bdv": "77142",
                "lib_bdv": "Cr\u00e9cy-la-Chapelle",
                "arr_code": "771",
                "arr_name": "Meaux",
                "dens_niveau": 4,
                "dens_lib": "Ceintures urbaines",
                "dep_code_filled": "77",
                "aca_nom": "Acad\u00e9mie de Cr\u00e9teil",
                "zrr_simp": "NC - Commune non class\u00e9e",
                "equip_nom": "SALLE DE SPORTS",
                "equip_type_name": "Salle multisports (gymnase)",
                "equip_prop_nom": null,
                "equip_prop_type": "Commune",
                "equip_propsec_type": null,
                "equip_gest_type": "Commune",
                "equip_cogest_type": null,
                "equip_dsp": "false",
                "equip_ouv_public_bool": "true",
                "equip_erp_type": null,
                "equip_erp_cat": null,
                "equip_homo_date": null,
                "equip_homo_periode": null,
                "equip_service_date": "2009",
                "equip_service_periode": "A partir de 2005",
                "equip_travaux_date": null,
                "equip_travaux_periode": null,
                "equip_travaux_type": null,
                "equip_energie": "[\"Gaz\"]",
                "equip_nature": "Int\u00e9rieur",
                "equip_sol": "Synth\u00e9tique (hors gazon)",
                "equip_long": 15.0,
                "equip_larg": 10.0,
                "equip_haut": 3.0,
                "equip_surf": 150.0,
                "equip_eclair": "true",
                "equip_piste_nb": null,
                "equip_trib_nb": 0,
                "equip_vest_sport": 1,
                "equip_vest_ens": 0,
                "equip_douche": "false",
                "equip_sanit": "true",
                "equip_loc_type": "[\"Local de rangement\"]",
                "equip_conf_type": null,
                "equip_acces_handi_mobilite": "Aire de jeu,Cheminements,Sanitaires,Vestiaires",
                "equip_acces_handi_sensoriel": "Sanitaires",
                "equip_pdesi_pdipr": null,
                "equip_bassin_long": null,
                "equip_bassin_larg": null,
                "equip_bassin_surf": null,
                "equip_bassin_min": null,
                "equip_bassin_max": null,
                "equip_piste_long": null,
                "equip_sae_haut": null,
                "equip_sae_surf": null,
                "equip_sae_couloir": null,
                "equip_pasdetir": null,
                "equip_url": null,
                "equip_utilisateur": "[\"Scolaires,universit\u00e9s,Autre - association(s) et groupes divers\"]",
                "equip_acc_libre": "false",
                "equip_saison": "false",
                "equip_obs": null,
                "equip_type_famille": "Salle multisports",
                "equip_type_code": "1901",
                "equip_rnb": "3DVAYVBTS4Y4",
                "inst_acc_handi_bool": "false",
                "inst_trans_bool": "true",
                "inst_part_bool": "false",
                "equip_loc_bool": "true",
                "equip_pmr_vest": "true",
                "equip_pmr_acc": "false",
                "equip_pmr_aire": "true",
                "equip_pmr_chem": "true",
                "equip_pmr_douche": "false",
                "equip_pmr_sanit": "true",
                "equip_pmr_trib": "false",
                "equip_pshs_aire": "false",
                "equip_pshs_chem": "false",
                "equip_pshs_sanit": "true",
                "equip_pshs_sign": "false",
                "equip_pshs_trib": "false",
                "equip_pshs_vest": "false",
                "equip_x": "2.906673",
                "equip_y": "48.880683",
                "inst_part_type": null,
                "aps_name": [
                    "Aikido \/ Aikibudo \/ Budo",
                    "Autres Danses",
                    "Gymnastique volontaire",
                    "Judo \/ Jujitsu \/ Ta\u00efso",
                    "Karat\u00e9\/Karat\u00e9 jutsu\/Goshin jutsu\/Kobudo\/Nihon Tai-jutsu\/Taijitsu\/Nambudo\/Ninjutsu\/Nunchaku\/..."
                ],
                "equip_qpv": null,
                "equip_qpv_200m": null,
                "categorie": "structurant",
                "gen_2024fin_labellisation": null
            }
        },
        {
            "type": "Feature",
            "geometry": {
                "type": "Point",
                "coordinates": [
                    2.61579,
                    48.8813
                ]
            },
            "properties": {
                "equip_numero": "E003I771080002",
                "inst_numero": "I771080002",
                "inst_enqu_date": "2025-03-31",
                "inst_nom": "COMPLEXE SPORTIF MAURICE BAQUET",
                "inst_siret": null,
                "inst_adresse": "RUE GUY RABOURDIN",
                "inst_cp": "77500",
                "new_name": "Chelles",
                "new_code": "77108",
                "inst_part_type_filter": null,
                "inst_uai": null,
                "inst_acc_handi_type": "[\"Handicap moteur\"]",
                "inst_trans_type": null,
                "inst_obs": null,
                "inst_date_etat": "2024-04-25",
                "inst_date_creation": "2005-09-22",
                "inst_hs_bool": null,
                "epci_code": "200057958",
                "dep_code": "77",
                "dep_nom": "Seine-et-Marne",
                "reg_code": "11",
                "reg_nom": "\u00cele-de-France",
                "epci_nom": "CA Paris - Vall\u00e9e de la Marne",
                "code_bdv": "75056",
                "lib_bdv": "Paris",
                "arr_code": "775",
                "arr_name": "Torcy",
                "dens_niveau": 1,
                "dens_lib": "Grands centres urbains",
                "dep_code_filled": "77",
                "aca_nom": "Acad\u00e9mie de Cr\u00e9teil",
                "zrr_simp": "NC - Commune non class\u00e9e",
                "equip_nom": "DOJO \"MARC ROSTIAUX\"",
                "equip_type_name": "Dojo \/ Salle d'arts martiaux",
                "equip_prop_nom": null,
                "equip_prop_type": "Commune",
                "equip_propsec_type": null,
                "equip_gest_type": "Commune",
                "equip_cogest_type": null,
                "equip_dsp": null,
                "equip_ouv_public_bool": null,
                "equip_erp_type": "[\"X\"]",
                "equip_erp_cat": 2,
                "equip_homo_date": null,
                "equip_homo_periode": null,
                "equip_service_date": "1986",
                "equip_service_periode": "1985-1994",
                "equip_travaux_date": "2013",
                "equip_travaux_periode": "A partir de 2005",
                "equip_travaux_type": "[\"V\u00e9tust\u00e9 normale\", \"remise \u00e0 niveau\"]",
                "equip_energie": "[\"Autre\"]",
                "equip_nature": "Int\u00e9rieur",
                "equip_sol": "Synth\u00e9tique (hors gazon)",
                "equip_long": 33.0,
                "equip_larg": 16.8,
                "equip_haut": 4.0,
                "equip_surf": 555.0,
                "equip_eclair": "true",
                "equip_piste_nb": null,
                "equip_trib_nb": 0,
                "equip_vest_sport": 2,
                "equip_vest_ens": 0,
                "equip_douche": "true",
                "equip_sanit": "true",
                "equip_loc_type": null,
                "equip_conf_type": null,
                "equip_acces_handi_mobilite": "Aire de jeu",
                "equip_acces_handi_sensoriel": null,
                "equip_pdesi_pdipr": null,
                "equip_bassin_long": null,
                "equip_bassin_larg": null,
                "equip_bassin_surf": null,
                "equip_bassin_min": null,
                "equip_bassin_max": null,
                "equip_piste_long": null,
                "equip_sae_haut": null,
                "equip_sae_surf": null,
                "equip_sae_couloir": null,
                "equip_pasdetir": null,
                "equip_url": "http:\/\/www.chelles.fr",
                "equip_utilisateur": "[\"Clubs sportifs,comit\u00e9s,ligues,f\u00e9d\u00e9rations,Scolaires,universit\u00e9s\"]",
                "equip_acc_libre": "false",
                "equip_saison": "false",
                "equip_obs": "Centre de Pr\u00e9paration aux Jeux (CPJ)",
                "equip_type_famille": "Salle de combat",
                "equip_type_code": "1801",
                "equip_rnb": "X6HDR8VZ9MYX",
                "inst_acc_handi_bool": "true",
                "inst_trans_bool": "false",
                "inst_part_bool": "false",
                "equip_loc_bool": "false",
                "equip_pmr_vest": "false",
                "equip_pmr_acc": "false",
                "equip_pmr_aire": "true",
                "equip_pmr_chem": "false",
                "equip_pmr_douche": "false",
                "equip_pmr_sanit": "false",
                "equip_pmr_trib": "false",
                "equip_pshs_aire": "false",
                "equip_pshs_chem": "false",
                "equip_pshs_sanit": "false",
                "equip_pshs_sign": "false",
                "equip_pshs_trib": "false",
                "equip_pshs_vest": "false",
                "equip_x": "2.61579",
                "equip_y": "48.8813",
                "inst_part_type": null,
                "aps_name": [
                    "Judo \/ Jujitsu \/ Ta\u00efso"
                ],
                "equip_qpv": null,
                "equip_qpv_200m": null,
                "categorie": null,
                "gen_2024fin_labellisation": null
            }
        },
        {
            "type": "Feature",
            "geometry": {
                "type": "Point",
                "coordinates": [
                    2.7295,
                    48.4129
                ]
            },
            "properties": {
                "equip_numero": "E003I770140004",
                "inst_numero": "I770140004",
                "inst_enqu_date": "2025-03-31",
                "inst_nom": "GYMNASE DE LA VALLEE",
                "inst_siret": null,
                "inst_adresse": "AVENUE GEORGES CLEMENCEAU",
                "inst_cp": "77210",
                "new_name": "Avon",
                "new_code": "77014",
                "inst_part_type_filter": null,
                "inst_uai": null,
                "inst_acc_handi_type": null,
                "inst_trans_type": "[\"Bus\"]",
                "inst_obs": null,
                "inst_date_etat": "2016-08-30",
                "inst_date_creation": "2005-09-22",
                "inst_hs_bool": null,
                "epci_code": "200072346",
                "dep_code": "77",
                "dep_nom": "Seine-et-Marne",
                "reg_code": "11",
                "reg_nom": "\u00cele-de-France",
                "epci_nom": "CA du Pays de Fontainebleau",
                "code_bdv": "77186",
                "lib_bdv": "Fontainebleau",
                "arr_code": "774",
                "arr_name": "Fontainebleau",
                "dens_niveau": 2,
                "dens_lib": "Centres urbains interm\u00e9diaires",
                "dep_code_filled": "77",
                "aca_nom": "Acad\u00e9mie de Cr\u00e9teil",
                "zrr_simp": "NC - Commune non class\u00e9e",
                "equip_nom": "SALLE DE SPORTS DE COMBAT",
                "equip_type_name": "Dojo \/ Salle d'arts martiaux",
                "equip_prop_nom": null,
                "equip_prop_type": "Commune",
                "equip_propsec_type": null,
                "equip_gest_type": "Commune",
                "equip_cogest_type": null,
                "equip_dsp": "false",
                "equip_ouv_public_bool": "true",
                "equip_erp_type": "[\"X\"]",
                "equip_erp_cat": 5,
                "equip_homo_date": null,
                "equip_homo_periode": null,
                "equip_service_date": "1973",
                "equip_service_periode": "1965-1974",
                "equip_travaux_date": "2006",
                "equip_travaux_periode": "A partir de 2005",
                "equip_travaux_type": "[\"V\u00e9tust\u00e9 normale\", \"remise \u00e0 niveau\"]",
                "equip_energie": "[\"Gaz\"]",
                "equip_nature": "Int\u00e9rieur",
                "equip_sol": "Synth\u00e9tique (hors gazon)",
                "equip_long": 22.0,
                "equip_larg": 11.8,
                "equip_haut": 3.0,
                "equip_surf": 260.0,
                "equip_eclair": "true",
                "equip_piste_nb": null,
                "equip_trib_nb": 0,
                "equip_vest_sport": 3,
                "equip_vest_ens": 1,
                "equip_douche": "true",
                "equip_sanit": "true",
                "equip_loc_type": null,
                "equip_conf_type": null,
                "equip_acces_handi_mobilite": "Aire de jeu,Sanitaires,Vestiaires",
                "equip_acces_handi_sensoriel": "Sanitaires",
                "equip_pdesi_pdipr": null,
                "equip_bassin_long": null,
                "equip_bassin_larg": null,
                "equip_bassin_surf": null,
                "equip_bassin_min": null,
                "equip_bassin_max": null,
                "equip_piste_long": null,
                "equip_sae_haut": null,
                "equip_sae_surf": null,
                "equip_sae_couloir": null,
                "equip_pasdetir": null,
                "equip_url": null,
                "equip_utilisateur": "[\"Clubs sportifs,comit\u00e9s,ligues,f\u00e9d\u00e9rations,Scolaires,universit\u00e9s\"]",
                "equip_acc_libre": "false",
                "equip_saison": "false",
                "equip_obs": null,
                "equip_type_famille": "Salle de combat",
                "equip_type_code": "1801",
                "equip_rnb": "BGGFTVKPBFXB",
                "inst_acc_handi_bool": "false",
                "inst_trans_bool": "true",
                "inst_part_bool": "false",
                "equip_loc_bool": "false",
                "equip_pmr_vest": "true",
                "equip_pmr_acc": "false",
                "equip_pmr_aire": "true",
                "equip_pmr_chem": "false",
                "equip_pmr_douche": "false",
                "equip_pmr_sanit": "true",
                "equip_pmr_trib": "false",
                "equip_pshs_aire": "false",
                "equip_pshs_chem": "false",
                "equip_pshs_sanit": "true",
                "equip_pshs_sign": "false",
                "equip_pshs_trib": "false",
                "equip_pshs_vest": "false",
                "equip_x": "2.7295",
                "equip_y": "48.4129",
                "inst_part_type": null,
                "aps_name": [
                    "Activit\u00e9s de forme et de sant\u00e9",
                    "Aikido \/ Aikibudo \/ Budo",
                    "Judo \/ Jujitsu \/ Ta\u00efso"
                ],
                "equip_qpv": null,
                "equip_qpv_200m": null,
                "categorie": null,
                "gen_2024fin_labellisation": null
            }
        },
        {
            "type": "Feature",
            "geometry": {
                "type": "Point",
                "coordinates": [
                    2.737957,
                    48.843922
                ]
            },
            "properties": {
                "equip_numero": "E003I770580008",
                "inst_numero": "I770580008",
                "inst_enqu_date": "2025-03-31",
                "inst_nom": "COMPLEXE SPORTIF LAURA FLESSEL",
                "inst_siret": null,
                "inst_adresse": "5 BOULEVARD DES 100 ARPENTS",
                "inst_cp": "77600",
                "new_name": "Bussy-Saint-Georges",
                "new_code": "77058",
                "inst_part_type_filter": [
                    "Complexe sportif"
                ],
                "inst_uai": null,
                "inst_acc_handi_type": null,
                "inst_trans_type": null,
                "inst_obs": "A ACTUALISER - DECLARATION FF BADMINTON",
                "inst_date_etat": "2024-04-25",
                "inst_date_creation": "2017-09-24",
                "inst_hs_bool": null,
                "epci_code": "247700594",
                "dep_code": "77",
                "dep_nom": "Seine-et-Marne",
                "reg_code": "11",
                "reg_nom": "\u00cele-de-France",
                "epci_nom": "CA Marne et Gondoire",
                "code_bdv": "75056",
                "lib_bdv": "Paris",
                "arr_code": "775",
                "arr_name": "Torcy",
                "dens_niveau": 1,
                "dens_lib": "Grands centres urbains",
                "dep_code_filled": "77",
                "aca_nom": "Acad\u00e9mie de Cr\u00e9teil",
                "zrr_simp": "NC - Commune non class\u00e9e",
                "equip_nom": "DOJO",
                "equip_type_name": "Dojo \/ Salle d'arts martiaux",
                "equip_prop_nom": null,
                "equip_prop_type": "Commune",
                "equip_propsec_type": null,
                "equip_gest_type": "Commune",
                "equip_cogest_type": null,
                "equip_dsp": "false",
                "equip_ouv_public_bool": "true",
                "equip_erp_type": null,
                "equip_erp_cat": null,
                "equip_homo_date": null,
                "equip_homo_periode": null,
                "equip_service_date": "2016",
                "equip_service_periode": "A partir de 2005",
                "equip_travaux_date": null,
                "equip_travaux_periode": null,
                "equip_travaux_type": null,
                "equip_energie": null,
                "equip_nature": "Int\u00e9rieur",
                "equip_sol": null,
                "equip_long": null,
                "equip_larg": null,
                "equip_haut": null,
                "equip_surf": null,
                "equip_eclair": null,
                "equip_piste_nb": null,
                "equip_trib_nb": null,
                "equip_vest_sport": null,
                "equip_vest_ens": null,
                "equip_douche": null,
                "equip_sanit": null,
                "equip_loc_type": null,
                "equip_conf_type": null,
                "equip_acces_handi_mobilite": null,
                "equip_acces_handi_sensoriel": null,
                "equip_pdesi_pdipr": null,
                "equip_bassin_long": null,
                "equip_bassin_larg": null,
                "equip_bassin_surf": null,
                "equip_bassin_min": null,
                "equip_bassin_max": null,
                "equip_piste_long": null,
                "equip_sae_haut": null,
                "equip_sae_surf": null,
                "equip_sae_couloir": null,
                "equip_pasdetir": null,
                "equip_url": null,
                "equip_utilisateur": null,
                "equip_acc_libre": null,
                "equip_saison": null,
                "equip_obs": null,
                "equip_type_famille": "Salle de combat",
                "equip_type_code": "1801",
                "equip_rnb": "P6GVK6KDCB91",
                "inst_acc_handi_bool": "false",
                "inst_trans_bool": "false",
                "inst_part_bool": "true",
                "equip_loc_bool": "false",
                "equip_pmr_vest": "false",
                "equip_pmr_acc": "false",
                "equip_pmr_aire": "false",
                "equip_pmr_chem": "false",
                "equip_pmr_douche": "false",
                "equip_pmr_sanit": "false",
                "equip_pmr_trib": "false",
                "equip_pshs_aire": "false",
                "equip_pshs_chem": "false",
                "equip_pshs_sanit": "false",
                "equip_pshs_sign": "false",
                "equip_pshs_trib": "false",
                "equip_pshs_vest": "false",
                "equip_x": "2.737957",
                "equip_y": "48.843922",
                "inst_part_type": "[\"Complexe sportif\"]",
                "aps_name": [
                    "Judo \/ Jujitsu \/ Ta\u00efso"
                ],
                "equip_qpv": null,
                "equip_qpv_200m": null,
                "categorie": null,
                "gen_2024fin_labellisation": null
            }
        },
        {
            "type": "Feature",
            "geometry": {
                "type": "Point",
                "coordinates": [
                    2.68311,
                    49.06464
                ]
            },
            "properties": {
                "equip_numero": "E003I771530005",
                "inst_numero": "I771530005",
                "inst_enqu_date": "2025-03-31",
                "inst_nom": "COMPLEXE SPORTIF JESSE OWENS",
                "inst_siret": null,
                "inst_adresse": "COLLEGE DE L'EUROPE",
                "inst_cp": "77230",
                "new_name": "Dammartin-en-Go\u00eble",
                "new_code": "77153",
                "inst_part_type_filter": null,
                "inst_uai": null,
                "inst_acc_handi_type": "[\"Handicap moteur\"]",
                "inst_trans_type": "[\"Bus\"]",
                "inst_obs": null,
                "inst_date_etat": "2016-01-22",
                "inst_date_creation": "2005-09-22",
                "inst_hs_bool": null,
                "epci_code": "200055655",
                "dep_code": "77",
                "dep_nom": "Seine-et-Marne",
                "reg_code": "11",
                "reg_nom": "\u00cele-de-France",
                "epci_nom": "CA Roissy Pays de France",
                "code_bdv": "77153",
                "lib_bdv": "Dammartin-en-Go\u00eble",
                "arr_code": "771",
                "arr_name": "Meaux",
                "dens_niveau": 2,
                "dens_lib": "Centres urbains interm\u00e9diaires",
                "dep_code_filled": "77",
                "aca_nom": "Acad\u00e9mie de Cr\u00e9teil",
                "zrr_simp": "NC - Commune non class\u00e9e",
                "equip_nom": "DOJO",
                "equip_type_name": "Dojo \/ Salle d'arts martiaux",
                "equip_prop_nom": null,
                "equip_prop_type": "Commune",
                "equip_propsec_type": "EPCI",
                "equip_gest_type": "Commune",
                "equip_cogest_type": "EPCI",
                "equip_dsp": "false",
                "equip_ouv_public_bool": "true",
                "equip_erp_type": "[\"L\", \"X\"]",
                "equip_erp_cat": null,
                "equip_homo_date": null,
                "equip_homo_periode": null,
                "equip_service_date": null,
                "equip_service_periode": "1995-2004",
                "equip_travaux_date": null,
                "equip_travaux_periode": null,
                "equip_travaux_type": null,
                "equip_energie": "[\"Gaz\"]",
                "equip_nature": "Int\u00e9rieur",
                "equip_sol": "Carrelage",
                "equip_long": 20.0,
                "equip_larg": 20.0,
                "equip_haut": 5.0,
                "equip_surf": 400.0,
                "equip_eclair": "true",
                "equip_piste_nb": null,
                "equip_trib_nb": 0,
                "equip_vest_sport": 2,
                "equip_vest_ens": 1,
                "equip_douche": "true",
                "equip_sanit": "true",
                "equip_loc_type": "[\"Infirmerie\"]",
                "equip_conf_type": null,
                "equip_acces_handi_mobilite": "Aire de jeu,Sanitaires",
                "equip_acces_handi_sensoriel": "Sanitaires",
                "equip_pdesi_pdipr": null,
                "equip_bassin_long": null,
                "equip_bassin_larg": null,
                "equip_bassin_surf": null,
                "equip_bassin_min": null,
                "equip_bassin_max": null,
                "equip_piste_long": null,
                "equip_sae_haut": null,
                "equip_sae_surf": null,
                "equip_sae_couloir": null,
                "equip_pasdetir": null,
                "equip_url": "www.mairie-dammartin-en-goele.fr",
                "equip_utilisateur": "[\"Clubs sportifs,comit\u00e9s,ligues,f\u00e9d\u00e9rations,Scolaires,universit\u00e9s\"]",
                "equip_acc_libre": "false",
                "equip_saison": "false",
                "equip_obs": null,
                "equip_type_famille": "Salle de combat",
                "equip_type_code": "1801",
                "equip_rnb": "32GGGDY9N6RN",
                "inst_acc_handi_bool": "true",
                "inst_trans_bool": "true",
                "inst_part_bool": "false",
                "equip_loc_bool": "true",
                "equip_pmr_vest": "false",
                "equip_pmr_acc": "false",
                "equip_pmr_aire": "true",
                "equip_pmr_chem": "false",
                "equip_pmr_douche": "false",
                "equip_pmr_sanit": "true",
                "equip_pmr_trib": "false",
                "equip_pshs_aire": "false",
                "equip_pshs_chem": "false",
                "equip_pshs_sanit": "true",
                "equip_pshs_sign": "false",
                "equip_pshs_trib": "false",
                "equip_pshs_vest": "false",
                "equip_x": "2.68311",
                "equip_y": "49.06464",
                "inst_part_type": null,
                "aps_name": [
                    "Aikido \/ Aikibudo \/ Budo",
                    "Judo \/ Jujitsu \/ Ta\u00efso"
                ],
                "equip_qpv": null,
                "equip_qpv_200m": null,
                "categorie": null,
                "gen_2024fin_labellisation": null
            }
        },
        {
            "type": "Feature",
            "geometry": {
                "type": "Point",
                "coordinates": [
                    2.67558,
                    48.548
                ]
            },
            "properties": {
                "equip_numero": "E003I772880012",
                "inst_numero": "I772880012",
                "inst_enqu_date": "2025-03-31",
                "inst_nom": "GYMNASE PIERRE LESPIAT",
                "inst_siret": null,
                "inst_adresse": "BOULEVARD DE L'ALMONT",
                "inst_cp": "77000",
                "new_name": "Melun",
                "new_code": "77288",
                "inst_part_type_filter": null,
                "inst_uai": null,
                "inst_acc_handi_type": "[\"Handicap moteur\"]",
                "inst_trans_type": "[\"Bus\"]",
                "inst_obs": null,
                "inst_date_etat": "2024-04-24",
                "inst_date_creation": "2005-09-22",
                "inst_hs_bool": null,
                "epci_code": "247700057",
                "dep_code": "77",
                "dep_nom": "Seine-et-Marne",
                "reg_code": "11",
                "reg_nom": "\u00cele-de-France",
                "epci_nom": "CA Melun Val de Seine",
                "code_bdv": "77288",
                "lib_bdv": "Melun",
                "arr_code": "772",
                "arr_name": "Melun",
                "dens_niveau": 1,
                "dens_lib": "Grands centres urbains",
                "dep_code_filled": "77",
                "aca_nom": "Acad\u00e9mie de Cr\u00e9teil",
                "zrr_simp": "NC - Commune non class\u00e9e",
                "equip_nom": "DOJO",
                "equip_type_name": "Dojo \/ Salle d'arts martiaux",
                "equip_prop_nom": null,
                "equip_prop_type": "Commune",
                "equip_propsec_type": null,
                "equip_gest_type": "Commune",
                "equip_cogest_type": null,
                "equip_dsp": "false",
                "equip_ouv_public_bool": "true",
                "equip_erp_type": "[\"X\"]",
                "equip_erp_cat": 3,
                "equip_homo_date": null,
                "equip_homo_periode": null,
                "equip_service_date": "1973",
                "equip_service_periode": "1965-1974",
                "equip_travaux_date": null,
                "equip_travaux_periode": null,
                "equip_travaux_type": null,
                "equip_energie": "[\"Gaz\"]",
                "equip_nature": "Int\u00e9rieur",
                "equip_sol": "Synth\u00e9tique (hors gazon)",
                "equip_long": 20.0,
                "equip_larg": 10.4,
                "equip_haut": 4.0,
                "equip_surf": 207.0,
                "equip_eclair": "true",
                "equip_piste_nb": null,
                "equip_trib_nb": 0,
                "equip_vest_sport": 4,
                "equip_vest_ens": 1,
                "equip_douche": "true",
                "equip_sanit": "true",
                "equip_loc_type": null,
                "equip_conf_type": null,
                "equip_acces_handi_mobilite": "Aire de jeu,Sanitaires,Vestiaires",
                "equip_acces_handi_sensoriel": "Sanitaires",
                "equip_pdesi_pdipr": null,
                "equip_bassin_long": null,
                "equip_bassin_larg": null,
                "equip_bassin_surf": null,
                "equip_bassin_min": null,
                "equip_bassin_max": null,
                "equip_piste_long": null,
                "equip_sae_haut": null,
                "equip_sae_surf": null,
                "equip_sae_couloir": null,
                "equip_pasdetir": null,
                "equip_url": "www.ville-melun.fr",
                "equip_utilisateur": "[\"Clubs sportifs,comit\u00e9s,ligues,f\u00e9d\u00e9rations,Scolaires,universit\u00e9s\"]",
                "equip_acc_libre": "false",
                "equip_saison": "false",
                "equip_obs": null,
                "equip_type_famille": "Salle de combat",
                "equip_type_code": "1801",
                "equip_rnb": "ABHDP5XV5E51",
                "inst_acc_handi_bool": "true",
                "inst_trans_bool": "true",
                "inst_part_bool": "false",
                "equip_loc_bool": "false",
                "equip_pmr_vest": "true",
                "equip_pmr_acc": "false",
                "equip_pmr_aire": "true",
                "equip_pmr_chem": "false",
                "equip_pmr_douche": "false",
                "equip_pmr_sanit": "true",
                "equip_pmr_trib": "false",
                "equip_pshs_aire": "false",
                "equip_pshs_chem": "false",
                "equip_pshs_sanit": "true",
                "equip_pshs_sign": "false",
                "equip_pshs_trib": "false",
                "equip_pshs_vest": "false",
                "equip_x": "2.67558",
                "equip_y": "48.548",
                "inst_part_type": null,
                "aps_name": [
                    "Judo \/ Jujitsu \/ Ta\u00efso"
                ],
                "equip_qpv": null,
                "equip_qpv_200m": "QN07712M",
                "categorie": null,
                "gen_2024fin_labellisation": null
            }
        },
        {
            "type": "Feature",
            "geometry": {
                "type": "Point",
                "coordinates": [
                    2.71453,
                    48.26276
                ]
            },
            "properties": {
                "equip_numero": "E003I773330005",
                "inst_numero": "I773330005",
                "inst_enqu_date": "2025-03-31",
                "inst_nom": "STADE INTERCOMMUNAL DES COLLEGES",
                "inst_siret": "25770361100018",
                "inst_adresse": "4 rue jules verne",
                "inst_cp": "77140",
                "new_name": "Nemours",
                "new_code": "77333",
                "inst_part_type_filter": [
                    "Complexe sportif",
                    "Piscine"
                ],
                "inst_uai": null,
                "inst_acc_handi_type": "[\"Handicap moteur\"]",
                "inst_trans_type": "[\"Bus\"]",
                "inst_obs": null,
                "inst_date_etat": "2024-01-03",
                "inst_date_creation": "2005-09-22",
                "inst_hs_bool": null,
                "epci_code": "200023240",
                "dep_code": "77",
                "dep_nom": "Seine-et-Marne",
                "reg_code": "11",
                "reg_nom": "\u00cele-de-France",
                "epci_nom": "CC Pays de Nemours",
                "code_bdv": "77333",
                "lib_bdv": "Nemours",
                "arr_code": "774",
                "arr_name": "Fontainebleau",
                "dens_niveau": 2,
                "dens_lib": "Centres urbains interm\u00e9diaires",
                "dep_code_filled": "77",
                "aca_nom": "Acad\u00e9mie de Cr\u00e9teil",
                "zrr_simp": "NC - Commune non class\u00e9e",
                "equip_nom": "GYMNASE DES COLLEGES - SALLE DE JUDO",
                "equip_type_name": "Salle multisports (gymnase)",
                "equip_prop_nom": null,
                "equip_prop_type": "EPCI",
                "equip_propsec_type": null,
                "equip_gest_type": "EPCI",
                "equip_cogest_type": null,
                "equip_dsp": "false",
                "equip_ouv_public_bool": "true",
                "equip_erp_type": "[\"X\"]",
                "equip_erp_cat": 3,
                "equip_homo_date": null,
                "equip_homo_periode": null,
                "equip_service_date": "1987",
                "equip_service_periode": "1985-1994",
                "equip_travaux_date": null,
                "equip_travaux_periode": null,
                "equip_travaux_type": null,
                "equip_energie": "[\"Gaz\"]",
                "equip_nature": "Int\u00e9rieur",
                "equip_sol": "Synth\u00e9tique (hors gazon)",
                "equip_long": 12.0,
                "equip_larg": 8.0,
                "equip_haut": 3.0,
                "equip_surf": 96.0,
                "equip_eclair": "true",
                "equip_piste_nb": null,
                "equip_trib_nb": 0,
                "equip_vest_sport": 2,
                "equip_vest_ens": 0,
                "equip_douche": "true",
                "equip_sanit": "true",
                "equip_loc_type": null,
                "equip_conf_type": null,
                "equip_acces_handi_mobilite": "Aire de jeu,Cheminements",
                "equip_acces_handi_sensoriel": null,
                "equip_pdesi_pdipr": null,
                "equip_bassin_long": null,
                "equip_bassin_larg": null,
                "equip_bassin_surf": null,
                "equip_bassin_min": null,
                "equip_bassin_max": null,
                "equip_piste_long": null,
                "equip_sae_haut": null,
                "equip_sae_surf": null,
                "equip_sae_couloir": null,
                "equip_pasdetir": null,
                "equip_url": "http:\/\/www.nemours.fr",
                "equip_utilisateur": "[\"Clubs sportifs,comit\u00e9s,ligues,f\u00e9d\u00e9rations,Scolaires,universit\u00e9s\"]",
                "equip_acc_libre": "false",
                "equip_saison": "false",
                "equip_obs": null,
                "equip_type_famille": "Salle multisports",
                "equip_type_code": "1901",
                "equip_rnb": "XWHC1TW1YT2Q",
                "inst_acc_handi_bool": "true",
                "inst_trans_bool": "true",
                "inst_part_bool": "true",
                "equip_loc_bool": "false",
                "equip_pmr_vest": "false",
                "equip_pmr_acc": "false",
                "equip_pmr_aire": "true",
                "equip_pmr_chem": "true",
                "equip_pmr_douche": "false",
                "equip_pmr_sanit": "false",
                "equip_pmr_trib": "false",
                "equip_pshs_aire": "false",
                "equip_pshs_chem": "false",
                "equip_pshs_sanit": "false",
                "equip_pshs_sign": "false",
                "equip_pshs_trib": "false",
                "equip_pshs_vest": "false",
                "equip_x": "2.71453",
                "equip_y": "48.26276",
                "inst_part_type": "[\"Complexe sportif\", \"Piscine\"]",
                "aps_name": [
                    "Aikido \/ Aikibudo \/ Budo",
                    "Judo \/ Jujitsu \/ Ta\u00efso"
                ],
                "equip_qpv": null,
                "equip_qpv_200m": null,
                "categorie": "structurant",
                "gen_2024fin_labellisation": null
            }
        },
        {
            "type": "Feature",
            "geometry": {
                "type": "Point",
                "coordinates": [
                    2.67535865307,
                    48.7669994861
                ]
            },
            "properties": {
                "equip_numero": "E003I773500023",
                "inst_numero": "I773500023",
                "inst_enqu_date": "2025-03-31",
                "inst_nom": "Dojo intercommunal de la Br\u00e8che aux Loups",
                "inst_siret": null,
                "inst_adresse": "9 all\u00e9e de la br\u00e8che aux loups",
                "inst_cp": "77330",
                "new_name": "Ozoir-la-Ferri\u00e8re",
                "new_code": "77350",
                "inst_part_type_filter": [
                    "Complexe sportif"
                ],
                "inst_uai": null,
                "inst_acc_handi_type": null,
                "inst_trans_type": "[\"Bus\"]",
                "inst_obs": null,
                "inst_date_etat": "2024-02-22",
                "inst_date_creation": "2024-02-08",
                "inst_hs_bool": "true",
                "epci_code": "200023125",
                "dep_code": "77",
                "dep_nom": "Seine-et-Marne",
                "reg_code": "11",
                "reg_nom": "\u00cele-de-France",
                "epci_nom": "CC Les Portes Briardes entre Villes et For\u00eats",
                "code_bdv": "75056",
                "lib_bdv": "Paris",
                "arr_code": "775",
                "arr_name": "Torcy",
                "dens_niveau": 2,
                "dens_lib": "Centres urbains interm\u00e9diaires",
                "dep_code_filled": "77",
                "aca_nom": "Acad\u00e9mie de Cr\u00e9teil",
                "zrr_simp": "NC - Commune non class\u00e9e",
                "equip_nom": "Salle annexe 2",
                "equip_type_name": "Dojo \/ Salle d'arts martiaux",
                "equip_prop_nom": "Communaut\u00e9 de communes Les Portes Briardes",
                "equip_prop_type": "EPCI",
                "equip_propsec_type": null,
                "equip_gest_type": "EPCI",
                "equip_cogest_type": null,
                "equip_dsp": "false",
                "equip_ouv_public_bool": "true",
                "equip_erp_type": "[\"X\"]",
                "equip_erp_cat": 3,
                "equip_homo_date": null,
                "equip_homo_periode": null,
                "equip_service_date": "2020",
                "equip_service_periode": null,
                "equip_travaux_date": null,
                "equip_travaux_periode": null,
                "equip_travaux_type": null,
                "equip_energie": "[\"Electricit\u00e9\"]",
                "equip_nature": "Int\u00e9rieur",
                "equip_sol": "Parquet",
                "equip_long": null,
                "equip_larg": null,
                "equip_haut": null,
                "equip_surf": 105.0,
                "equip_eclair": "true",
                "equip_piste_nb": null,
                "equip_trib_nb": null,
                "equip_vest_sport": 4,
                "equip_vest_ens": 1,
                "equip_douche": "true",
                "equip_sanit": "true",
                "equip_loc_type": null,
                "equip_conf_type": null,
                "equip_acces_handi_mobilite": "Aire de jeu,Douches,Sanitaires,Vestiaires",
                "equip_acces_handi_sensoriel": null,
                "equip_pdesi_pdipr": null,
                "equip_bassin_long": null,
                "equip_bassin_larg": null,
                "equip_bassin_surf": null,
                "equip_bassin_min": null,
                "equip_bassin_max": null,
                "equip_piste_long": null,
                "equip_sae_haut": null,
                "equip_sae_surf": null,
                "equip_sae_couloir": null,
                "equip_pasdetir": null,
                "equip_url": null,
                "equip_utilisateur": "[\"Clubs sportifs,comit\u00e9s,ligues,f\u00e9d\u00e9rations,Scolaires,universit\u00e9s,Autre - association(s) et groupes divers\"]",
                "equip_acc_libre": "false",
                "equip_saison": "false",
                "equip_obs": "Autres activit\u00e9s: krav maga, vovinam, mma, capoera, yoga, taichi. Centre de Pr\u00e9paration aux Jeux (CPJ)",
                "equip_type_famille": "Salle de combat",
                "equip_type_code": "1801",
                "equip_rnb": "JQ76X23KFYHB",
                "inst_acc_handi_bool": "false",
                "inst_trans_bool": "true",
                "inst_part_bool": "true",
                "equip_loc_bool": "false",
                "equip_pmr_vest": "true",
                "equip_pmr_acc": "false",
                "equip_pmr_aire": "true",
                "equip_pmr_chem": "false",
                "equip_pmr_douche": "true",
                "equip_pmr_sanit": "true",
                "equip_pmr_trib": "false",
                "equip_pshs_aire": "false",
                "equip_pshs_chem": "false",
                "equip_pshs_sanit": "false",
                "equip_pshs_sign": "false",
                "equip_pshs_trib": "false",
                "equip_pshs_vest": "false",
                "equip_x": "2.67535865307",
                "equip_y": "48.7669994861",
                "inst_part_type": "[\"Complexe sportif\"]",
                "aps_name": [
                    "Judo \/ Jujitsu \/ Ta\u00efso",
                    "Karat\u00e9\/Karat\u00e9 jutsu\/Goshin jutsu\/Kobudo\/Nihon Tai-jutsu\/Taijitsu\/Nambudo\/Ninjutsu\/Nunchaku\/...",
                    "Taekwondo \/ Hapkido \/ Tang-soo-do \/ Soo bahk do \/ Sin moo hapkido \/ Hapkido jin jung kwan"
                ],
                "equip_qpv": null,
                "equip_qpv_200m": null,
                "categorie": null,
                "gen_2024fin_labellisation": null
            }
        },
        {
            "type": "Feature",
            "geometry": {
                "type": "Point",
                "coordinates": [
                    2.79598,
                    49.07684
                ]
            },
            "properties": {
                "equip_numero": "E003I774300001",
                "inst_numero": "I774300001",
                "inst_enqu_date": "2025-03-31",
                "inst_nom": "COMPLEXE SPORTIF RENE PLUVINAGE",
                "inst_siret": null,
                "inst_adresse": "RUE DES SOURCES LES TILLETS",
                "inst_cp": "77178",
                "new_name": "Saint-Pathus",
                "new_code": "77430",
                "inst_part_type_filter": [
                    "Complexe sportif"
                ],
                "inst_uai": null,
                "inst_acc_handi_type": "[\"Handicap moteur\"]",
                "inst_trans_type": null,
                "inst_obs": null,
                "inst_date_etat": "2016-02-18",
                "inst_date_creation": "2005-09-22",
                "inst_hs_bool": null,
                "epci_code": "200033090",
                "dep_code": "77",
                "dep_nom": "Seine-et-Marne",
                "reg_code": "11",
                "reg_nom": "\u00cele-de-France",
                "epci_nom": "CC Plaines et Monts de France",
                "code_bdv": "60500",
                "lib_bdv": "Le Plessis-Belleville",
                "arr_code": "771",
                "arr_name": "Meaux",
                "dens_niveau": 3,
                "dens_lib": "Petites villes",
                "dep_code_filled": "77",
                "aca_nom": "Acad\u00e9mie de Cr\u00e9teil",
                "zrr_simp": "NC - Commune non class\u00e9e",
                "equip_nom": "SALLE DE JUDO",
                "equip_type_name": "Dojo \/ Salle d'arts martiaux",
                "equip_prop_nom": null,
                "equip_prop_type": "Commune",
                "equip_propsec_type": null,
                "equip_gest_type": "Commune",
                "equip_cogest_type": null,
                "equip_dsp": "false",
                "equip_ouv_public_bool": "true",
                "equip_erp_type": "[\"X\"]",
                "equip_erp_cat": 5,
                "equip_homo_date": null,
                "equip_homo_periode": null,
                "equip_service_date": "1983",
                "equip_service_periode": "1975-1984",
                "equip_travaux_date": null,
                "equip_travaux_periode": null,
                "equip_travaux_type": null,
                "equip_energie": "[\"Gaz\"]",
                "equip_nature": "Int\u00e9rieur",
                "equip_sol": "B\u00e9ton",
                "equip_long": 14.0,
                "equip_larg": 13.0,
                "equip_haut": 6.0,
                "equip_surf": 182.0,
                "equip_eclair": "true",
                "equip_piste_nb": null,
                "equip_trib_nb": 0,
                "equip_vest_sport": 4,
                "equip_vest_ens": 1,
                "equip_douche": "true",
                "equip_sanit": "true",
                "equip_loc_type": "[\"Local de rangement\"]",
                "equip_conf_type": null,
                "equip_acces_handi_mobilite": "Aire de jeu,Sanitaires",
                "equip_acces_handi_sensoriel": "Sanitaires",
                "equip_pdesi_pdipr": null,
                "equip_bassin_long": null,
                "equip_bassin_larg": null,
                "equip_bassin_surf": null,
                "equip_bassin_min": null,
                "equip_bassin_max": null,
                "equip_piste_long": null,
                "equip_sae_haut": null,
                "equip_sae_surf": null,
                "equip_sae_couloir": null,
                "equip_pasdetir": null,
                "equip_url": "http:\/\/www.saint-pathus.fr",
                "equip_utilisateur": "[\"Clubs sportifs,comit\u00e9s,ligues,f\u00e9d\u00e9rations\"]",
                "equip_acc_libre": "false",
                "equip_saison": "false",
                "equip_obs": null,
                "equip_type_famille": "Salle de combat",
                "equip_type_code": "1801",
                "equip_rnb": "C2SCMJ96J5Z7",
                "inst_acc_handi_bool": "true",
                "inst_trans_bool": "false",
                "inst_part_bool": "true",
                "equip_loc_bool": "true",
                "equip_pmr_vest": "false",
                "equip_pmr_acc": "false",
                "equip_pmr_aire": "true",
                "equip_pmr_chem": "false",
                "equip_pmr_douche": "false",
                "equip_pmr_sanit": "true",
                "equip_pmr_trib": "false",
                "equip_pshs_aire": "false",
                "equip_pshs_chem": "false",
                "equip_pshs_sanit": "true",
                "equip_pshs_sign": "false",
                "equip_pshs_trib": "false",
                "equip_pshs_vest": "false",
                "equip_x": "2.79598",
                "equip_y": "49.07684",
                "inst_part_type": "[\"Complexe sportif\"]",
                "aps_name": [
                    "Judo \/ Jujitsu \/ Ta\u00efso"
                ],
                "equip_qpv": null,
                "equip_qpv_200m": null,
                "categorie": null,
                "gen_2024fin_labellisation": null
            }
        },
        {
            "type": "Feature",
            "geometry": {
                "type": "Point",
                "coordinates": [
                    2.67158,
                    48.8574
                ]
            },
            "properties": {
                "equip_numero": "E003I774380005",
                "inst_numero": "I774380005",
                "inst_enqu_date": "2025-03-31",
                "inst_nom": "GYMNASE DES SABLONS",
                "inst_siret": null,
                "inst_adresse": "44 RUE DES SABLONS",
                "inst_cp": "77400",
                "new_name": "Saint-Thibault-des-Vignes",
                "new_code": "77438",
                "inst_part_type_filter": null,
                "inst_uai": null,
                "inst_acc_handi_type": "[\"Handicap moteur\"]",
                "inst_trans_type": null,
                "inst_obs": null,
                "inst_date_etat": "2019-06-19",
                "inst_date_creation": "2005-09-22",
                "inst_hs_bool": null,
                "epci_code": "247700594",
                "dep_code": "77",
                "dep_nom": "Seine-et-Marne",
                "reg_code": "11",
                "reg_nom": "\u00cele-de-France",
                "epci_nom": "CA Marne et Gondoire",
                "code_bdv": "75056",
                "lib_bdv": "Paris",
                "arr_code": "775",
                "arr_name": "Torcy",
                "dens_niveau": 1,
                "dens_lib": "Grands centres urbains",
                "dep_code_filled": "77",
                "aca_nom": "Acad\u00e9mie de Cr\u00e9teil",
                "zrr_simp": "NC - Commune non class\u00e9e",
                "equip_nom": "DOJO",
                "equip_type_name": "Dojo \/ Salle d'arts martiaux",
                "equip_prop_nom": null,
                "equip_prop_type": "Commune",
                "equip_propsec_type": null,
                "equip_gest_type": "Commune",
                "equip_cogest_type": null,
                "equip_dsp": "false",
                "equip_ouv_public_bool": "true",
                "equip_erp_type": "[\"X\"]",
                "equip_erp_cat": 5,
                "equip_homo_date": null,
                "equip_homo_periode": null,
                "equip_service_date": "1999",
                "equip_service_periode": "1995-2004",
                "equip_travaux_date": null,
                "equip_travaux_periode": "1995-2004",
                "equip_travaux_type": "[\"Mise en conformit\u00e9 avec les r\u00e8glements (s\u00e9curit\u00e9\", \"incendie\", \"hygi\u00e8ne ...)\"]",
                "equip_energie": "[\"Gaz\"]",
                "equip_nature": "Int\u00e9rieur",
                "equip_sol": "Synth\u00e9tique (hors gazon)",
                "equip_long": 20.0,
                "equip_larg": 20.0,
                "equip_haut": 5.0,
                "equip_surf": 400.0,
                "equip_eclair": "true",
                "equip_piste_nb": null,
                "equip_trib_nb": 0,
                "equip_vest_sport": 4,
                "equip_vest_ens": 1,
                "equip_douche": "true",
                "equip_sanit": "true",
                "equip_loc_type": null,
                "equip_conf_type": null,
                "equip_acces_handi_mobilite": "Aire de jeu,Sanitaires",
                "equip_acces_handi_sensoriel": "Sanitaires",
                "equip_pdesi_pdipr": null,
                "equip_bassin_long": null,
                "equip_bassin_larg": null,
                "equip_bassin_surf": null,
                "equip_bassin_min": null,
                "equip_bassin_max": null,
                "equip_piste_long": null,
                "equip_sae_haut": null,
                "equip_sae_surf": null,
                "equip_sae_couloir": null,
                "equip_pasdetir": null,
                "equip_url": "www.saintthibaultdesvignes.fr",
                "equip_utilisateur": "[\"Individuel(s),famille(s),Clubs sportifs,comit\u00e9s,ligues,f\u00e9d\u00e9rations,Scolaires,universit\u00e9s\"]",
                "equip_acc_libre": "false",
                "equip_saison": "false",
                "equip_obs": null,
                "equip_type_famille": "Salle de combat",
                "equip_type_code": "1801",
                "equip_rnb": "Q4HT8FVMXRJ9",
                "inst_acc_handi_bool": "true",
                "inst_trans_bool": "false",
                "inst_part_bool": "false",
                "equip_loc_bool": "false",
                "equip_pmr_vest": "false",
                "equip_pmr_acc": "false",
                "equip_pmr_aire": "true",
                "equip_pmr_chem": "false",
                "equip_pmr_douche": "false",
                "equip_pmr_sanit": "true",
                "equip_pmr_trib": "false",
                "equip_pshs_aire": "false",
                "equip_pshs_chem": "false",
                "equip_pshs_sanit": "true",
                "equip_pshs_sign": "false",
                "equip_pshs_trib": "false",
                "equip_pshs_vest": "false",
                "equip_x": "2.67158",
                "equip_y": "48.8574",
                "inst_part_type": null,
                "aps_name": [
                    "Judo \/ Jujitsu \/ Ta\u00efso"
                ],
                "equip_qpv": null,
                "equip_qpv_200m": null,
                "categorie": null,
                "gen_2024fin_labellisation": null
            }
        },
        {
            "type": "Feature",
            "geometry": {
                "type": "Point",
                "coordinates": [
                    2.71006,
                    48.88919
                ]
            },
            "properties": {
                "equip_numero": "E003I774640001",
                "inst_numero": "I774640001",
                "inst_enqu_date": "2025-03-31",
                "inst_nom": "GYMNASE DU MOULIN A VENT",
                "inst_siret": null,
                "inst_adresse": "RUE DU MOULIN A VENT",
                "inst_cp": "77400",
                "new_name": "Thorigny-sur-Marne",
                "new_code": "77464",
                "inst_part_type_filter": null,
                "inst_uai": null,
                "inst_acc_handi_type": "[\"Handicap moteur\"]",
                "inst_trans_type": "[\"Bus\"]",
                "inst_obs": null,
                "inst_date_etat": "2016-02-19",
                "inst_date_creation": "2005-09-22",
                "inst_hs_bool": null,
                "epci_code": "247700594",
                "dep_code": "77",
                "dep_nom": "Seine-et-Marne",
                "reg_code": "11",
                "reg_nom": "\u00cele-de-France",
                "epci_nom": "CA Marne et Gondoire",
                "code_bdv": "75056",
                "lib_bdv": "Paris",
                "arr_code": "775",
                "arr_name": "Torcy",
                "dens_niveau": 1,
                "dens_lib": "Grands centres urbains",
                "dep_code_filled": "77",
                "aca_nom": "Acad\u00e9mie de Cr\u00e9teil",
                "zrr_simp": "NC - Commune non class\u00e9e",
                "equip_nom": "SALLE C",
                "equip_type_name": "Dojo \/ Salle d'arts martiaux",
                "equip_prop_nom": null,
                "equip_prop_type": "Commune",
                "equip_propsec_type": null,
                "equip_gest_type": "Commune",
                "equip_cogest_type": null,
                "equip_dsp": "false",
                "equip_ouv_public_bool": "true",
                "equip_erp_type": "[\"X\"]",
                "equip_erp_cat": 5,
                "equip_homo_date": "1973-01-01",
                "equip_homo_periode": "1965-1974",
                "equip_service_date": "1973",
                "equip_service_periode": "1965-1974",
                "equip_travaux_date": null,
                "equip_travaux_periode": null,
                "equip_travaux_type": null,
                "equip_energie": "[\"Gaz\"]",
                "equip_nature": "Int\u00e9rieur",
                "equip_sol": "B\u00e9ton",
                "equip_long": 15.0,
                "equip_larg": 12.0,
                "equip_haut": 4.0,
                "equip_surf": 180.0,
                "equip_eclair": "true",
                "equip_piste_nb": null,
                "equip_trib_nb": 0,
                "equip_vest_sport": 4,
                "equip_vest_ens": 1,
                "equip_douche": "true",
                "equip_sanit": "true",
                "equip_loc_type": null,
                "equip_conf_type": null,
                "equip_acces_handi_mobilite": "Aire de jeu",
                "equip_acces_handi_sensoriel": null,
                "equip_pdesi_pdipr": null,
                "equip_bassin_long": null,
                "equip_bassin_larg": null,
                "equip_bassin_surf": null,
                "equip_bassin_min": null,
                "equip_bassin_max": null,
                "equip_piste_long": null,
                "equip_sae_haut": null,
                "equip_sae_surf": null,
                "equip_sae_couloir": null,
                "equip_pasdetir": null,
                "equip_url": "www.thorigny.fr",
                "equip_utilisateur": "[\"Clubs sportifs,comit\u00e9s,ligues,f\u00e9d\u00e9rations,Scolaires,universit\u00e9s\"]",
                "equip_acc_libre": "false",
                "equip_saison": "false",
                "equip_obs": null,
                "equip_type_famille": "Salle de combat",
                "equip_type_code": "1801",
                "equip_rnb": "S4EDP66VPKQB",
                "inst_acc_handi_bool": "true",
                "inst_trans_bool": "true",
                "inst_part_bool": "false",
                "equip_loc_bool": "false",
                "equip_pmr_vest": "false",
                "equip_pmr_acc": "false",
                "equip_pmr_aire": "true",
                "equip_pmr_chem": "false",
                "equip_pmr_douche": "false",
                "equip_pmr_sanit": "false",
                "equip_pmr_trib": "false",
                "equip_pshs_aire": "false",
                "equip_pshs_chem": "false",
                "equip_pshs_sanit": "false",
                "equip_pshs_sign": "false",
                "equip_pshs_trib": "false",
                "equip_pshs_vest": "false",
                "equip_x": "2.71006",
                "equip_y": "48.88919",
                "inst_part_type": null,
                "aps_name": [
                    "Judo \/ Jujitsu \/ Ta\u00efso"
                ],
                "equip_qpv": null,
                "equip_qpv_200m": null,
                "categorie": null,
                "gen_2024fin_labellisation": null
            }
        },
        {
            "type": "Feature",
            "geometry": {
                "type": "Point",
                "coordinates": [
                    2.65063,
                    48.85452
                ]
            },
            "properties": {
                "equip_numero": "E003I774680006",
                "inst_numero": "I774680006",
                "inst_enqu_date": "2025-03-31",
                "inst_nom": "COMPLEXE SPORTIF DU FREMOY ET CHAVANNES",
                "inst_siret": null,
                "inst_adresse": "RUE DE LA PAIX",
                "inst_cp": "77200",
                "new_name": "Torcy",
                "new_code": "77468",
                "inst_part_type_filter": [
                    "Complexe sportif"
                ],
                "inst_uai": null,
                "inst_acc_handi_type": "[\"Handicap moteur\"]",
                "inst_trans_type": "[\"Bus\"]",
                "inst_obs": null,
                "inst_date_etat": "2024-04-24",
                "inst_date_creation": "2005-09-22",
                "inst_hs_bool": null,
                "epci_code": "200057958",
                "dep_code": "77",
                "dep_nom": "Seine-et-Marne",
                "reg_code": "11",
                "reg_nom": "\u00cele-de-France",
                "epci_nom": "CA Paris - Vall\u00e9e de la Marne",
                "code_bdv": "75056",
                "lib_bdv": "Paris",
                "arr_code": "775",
                "arr_name": "Torcy",
                "dens_niveau": 1,
                "dens_lib": "Grands centres urbains",
                "dep_code_filled": "77",
                "aca_nom": "Acad\u00e9mie de Cr\u00e9teil",
                "zrr_simp": "NC - Commune non class\u00e9e",
                "equip_nom": "SALLE HAUTE - GYMNASE GUY CHAVANNE",
                "equip_type_name": "Salle multisports (gymnase)",
                "equip_prop_nom": null,
                "equip_prop_type": "Commune",
                "equip_propsec_type": null,
                "equip_gest_type": "Commune",
                "equip_cogest_type": null,
                "equip_dsp": "false",
                "equip_ouv_public_bool": "true",
                "equip_erp_type": "[\"X\"]",
                "equip_erp_cat": 3,
                "equip_homo_date": null,
                "equip_homo_periode": null,
                "equip_service_date": "1967",
                "equip_service_periode": "1965-1974",
                "equip_travaux_date": null,
                "equip_travaux_periode": null,
                "equip_travaux_type": null,
                "equip_energie": "[\"Gaz\"]",
                "equip_nature": "Int\u00e9rieur",
                "equip_sol": "Synth\u00e9tique (hors gazon)",
                "equip_long": 20.0,
                "equip_larg": 12.0,
                "equip_haut": 3.0,
                "equip_surf": 240.0,
                "equip_eclair": "true",
                "equip_piste_nb": null,
                "equip_trib_nb": 0,
                "equip_vest_sport": 6,
                "equip_vest_ens": 2,
                "equip_douche": "true",
                "equip_sanit": "true",
                "equip_loc_type": null,
                "equip_conf_type": null,
                "equip_acces_handi_mobilite": null,
                "equip_acces_handi_sensoriel": null,
                "equip_pdesi_pdipr": null,
                "equip_bassin_long": null,
                "equip_bassin_larg": null,
                "equip_bassin_surf": null,
                "equip_bassin_min": null,
                "equip_bassin_max": null,
                "equip_piste_long": null,
                "equip_sae_haut": null,
                "equip_sae_surf": null,
                "equip_sae_couloir": null,
                "equip_pasdetir": null,
                "equip_url": null,
                "equip_utilisateur": "[\"Clubs sportifs,comit\u00e9s,ligues,f\u00e9d\u00e9rations,Scolaires,universit\u00e9s\"]",
                "equip_acc_libre": "false",
                "equip_saison": "false",
                "equip_obs": null,
                "equip_type_famille": "Salle multisports",
                "equip_type_code": "1901",
                "equip_rnb": "NCKHHA1Y21R1",
                "inst_acc_handi_bool": "true",
                "inst_trans_bool": "true",
                "inst_part_bool": "true",
                "equip_loc_bool": "false",
                "equip_pmr_vest": "false",
                "equip_pmr_acc": "false",
                "equip_pmr_aire": "false",
                "equip_pmr_chem": "false",
                "equip_pmr_douche": "false",
                "equip_pmr_sanit": "false",
                "equip_pmr_trib": "false",
                "equip_pshs_aire": "false",
                "equip_pshs_chem": "false",
                "equip_pshs_sanit": "false",
                "equip_pshs_sign": "false",
                "equip_pshs_trib": "false",
                "equip_pshs_vest": "false",
                "equip_x": "2.65063",
                "equip_y": "48.85452",
                "inst_part_type": "[\"Complexe sportif\"]",
                "aps_name": [
                    "Activit\u00e9s de forme et de sant\u00e9",
                    "Judo \/ Jujitsu \/ Ta\u00efso",
                    "Karat\u00e9\/Karat\u00e9 jutsu\/Goshin jutsu\/Kobudo\/Nihon Tai-jutsu\/Taijitsu\/Nambudo\/Ninjutsu\/Nunchaku\/..."
                ],
                "equip_qpv": null,
                "equip_qpv_200m": null,
                "categorie": "structurant",
                "gen_2024fin_labellisation": null
            }
        },
        {
            "type": "Feature",
            "geometry": {
                "type": "Point",
                "coordinates": [
                    2.79237,
                    48.3805
                ]
            },
            "properties": {
                "equip_numero": "E003I774910001",
                "inst_numero": "I774910001",
                "inst_enqu_date": "2025-03-31",
                "inst_nom": "STADE ALEXANDRE CHEVRIER",
                "inst_siret": null,
                "inst_adresse": "RUE CLAUDE BERNARD",
                "inst_cp": "77250",
                "new_name": "Moret-Loing-et-Orvanne",
                "new_code": "77316",
                "inst_part_type_filter": null,
                "inst_uai": null,
                "inst_acc_handi_type": "[\"Handicap moteur\"]",
                "inst_trans_type": null,
                "inst_obs": null,
                "inst_date_etat": "2016-02-18",
                "inst_date_creation": "2005-09-22",
                "inst_hs_bool": null,
                "epci_code": "247700032",
                "dep_code": "77",
                "dep_nom": "Seine-et-Marne",
                "reg_code": "11",
                "reg_nom": "\u00cele-de-France",
                "epci_nom": "CC Moret Seine et Loing",
                "code_bdv": "77316",
                "lib_bdv": "Moret-Loing-et-Orvanne",
                "arr_code": "774",
                "arr_name": "Fontainebleau",
                "dens_niveau": 2,
                "dens_lib": "Centres urbains interm\u00e9diaires",
                "dep_code_filled": "77",
                "aca_nom": "Acad\u00e9mie de Cr\u00e9teil",
                "zrr_simp": "NC - Commune non class\u00e9e",
                "equip_nom": "DOJO",
                "equip_type_name": "Dojo \/ Salle d'arts martiaux",
                "equip_prop_nom": null,
                "equip_prop_type": "Commune",
                "equip_propsec_type": null,
                "equip_gest_type": "Commune",
                "equip_cogest_type": null,
                "equip_dsp": "false",
                "equip_ouv_public_bool": "true",
                "equip_erp_type": "[\"L\"]",
                "equip_erp_cat": 5,
                "equip_homo_date": null,
                "equip_homo_periode": null,
                "equip_service_date": "1968",
                "equip_service_periode": "1965-1974",
                "equip_travaux_date": null,
                "equip_travaux_periode": null,
                "equip_travaux_type": null,
                "equip_energie": "[\"Gaz\"]",
                "equip_nature": "Int\u00e9rieur",
                "equip_sol": "B\u00e9ton",
                "equip_long": 15.0,
                "equip_larg": 6.0,
                "equip_haut": 3.0,
                "equip_surf": 93.0,
                "equip_eclair": "true",
                "equip_piste_nb": null,
                "equip_trib_nb": 0,
                "equip_vest_sport": 2,
                "equip_vest_ens": 1,
                "equip_douche": "true",
                "equip_sanit": "true",
                "equip_loc_type": null,
                "equip_conf_type": null,
                "equip_acces_handi_mobilite": null,
                "equip_acces_handi_sensoriel": null,
                "equip_pdesi_pdipr": null,
                "equip_bassin_long": null,
                "equip_bassin_larg": null,
                "equip_bassin_surf": null,
                "equip_bassin_min": null,
                "equip_bassin_max": null,
                "equip_piste_long": null,
                "equip_sae_haut": null,
                "equip_sae_surf": null,
                "equip_sae_couloir": null,
                "equip_pasdetir": null,
                "equip_url": "http:\/\/www.veneuxlessablons.fr",
                "equip_utilisateur": "[\"Clubs sportifs,comit\u00e9s,ligues,f\u00e9d\u00e9rations\"]",
                "equip_acc_libre": "false",
                "equip_saison": "false",
                "equip_obs": null,
                "equip_type_famille": "Salle de combat",
                "equip_type_code": "1801",
                "equip_rnb": "PT32484DWG6T",
                "inst_acc_handi_bool": "true",
                "inst_trans_bool": "false",
                "inst_part_bool": "false",
                "equip_loc_bool": "false",
                "equip_pmr_vest": "false",
                "equip_pmr_acc": "false",
                "equip_pmr_aire": "false",
                "equip_pmr_chem": "false",
                "equip_pmr_douche": "false",
                "equip_pmr_sanit": "false",
                "equip_pmr_trib": "false",
                "equip_pshs_aire": "false",
                "equip_pshs_chem": "false",
                "equip_pshs_sanit": "false",
                "equip_pshs_sign": "false",
                "equip_pshs_trib": "false",
                "equip_pshs_vest": "false",
                "equip_x": "2.79237",
                "equip_y": "48.3805",
                "inst_part_type": null,
                "aps_name": [
                    "Judo \/ Jujitsu \/ Ta\u00efso"
                ],
                "equip_qpv": null,
                "equip_qpv_200m": null,
                "categorie": null,
                "gen_2024fin_labellisation": null
            }
        },
        {
            "type": "Feature",
            "geometry": {
                "type": "Point",
                "coordinates": [
                    3.14721,
                    48.98034
                ]
            },
            "properties": {
                "equip_numero": "E003I770780001",
                "inst_numero": "I770780001",
                "inst_enqu_date": "2025-03-31",
                "inst_nom": "EREA L\u00e9opold Bellan",
                "inst_siret": "19770342400014",
                "inst_adresse": "Domaine Ange Gardien, D603",
                "inst_cp": "77260",
                "new_name": "Chamigny",
                "new_code": "77078",
                "inst_part_type_filter": [
                    "Etablissement scolaire"
                ],
                "inst_uai": "0770342D",
                "inst_acc_handi_type": null,
                "inst_trans_type": "[\"Bus\"]",
                "inst_obs": null,
                "inst_date_etat": "2024-04-25",
                "inst_date_creation": "2005-09-22",
                "inst_hs_bool": "false",
                "epci_code": "200090504",
                "dep_code": "77",
                "dep_nom": "Seine-et-Marne",
                "reg_code": "11",
                "reg_nom": "\u00cele-de-France",
                "epci_nom": "CA Coulommiers Pays de Brie",
                "code_bdv": "77183",
                "lib_bdv": "La Fert\u00e9-sous-Jouarre",
                "arr_code": "771",
                "arr_name": "Meaux",
                "dens_niveau": 4,
                "dens_lib": "Ceintures urbaines",
                "dep_code_filled": "77",
                "aca_nom": "Acad\u00e9mie de Cr\u00e9teil",
                "zrr_simp": "NC - Commune non class\u00e9e",
                "equip_nom": "DOJO",
                "equip_type_name": "Dojo \/ Salle d'arts martiaux",
                "equip_prop_nom": "R\u00e9gion \u00cele de France",
                "equip_prop_type": "R\u00e9gion",
                "equip_propsec_type": null,
                "equip_gest_type": "Etablissement Public",
                "equip_cogest_type": null,
                "equip_dsp": "true",
                "equip_ouv_public_bool": "true",
                "equip_erp_type": "[\"R\", \"X\", \"N\"]",
                "equip_erp_cat": 3,
                "equip_homo_date": null,
                "equip_homo_periode": null,
                "equip_service_date": "1928",
                "equip_service_periode": "1965-1974",
                "equip_travaux_date": "2021",
                "equip_travaux_periode": null,
                "equip_travaux_type": "[\"V\u00e9tust\u00e9 normale\", \"remise \u00e0 niveau\"]",
                "equip_energie": "[\"Gaz\"]",
                "equip_nature": "Int\u00e9rieur",
                "equip_sol": "Carrelage",
                "equip_long": 22.0,
                "equip_larg": 12.0,
                "equip_haut": 3.5,
                "equip_surf": 264.0,
                "equip_eclair": "true",
                "equip_piste_nb": null,
                "equip_trib_nb": 0,
                "equip_vest_sport": 0,
                "equip_vest_ens": 0,
                "equip_douche": "false",
                "equip_sanit": "true",
                "equip_loc_type": null,
                "equip_conf_type": null,
                "equip_acces_handi_mobilite": "Aire de jeu",
                "equip_acces_handi_sensoriel": null,
                "equip_pdesi_pdipr": null,
                "equip_bassin_long": null,
                "equip_bassin_larg": null,
                "equip_bassin_surf": null,
                "equip_bassin_min": null,
                "equip_bassin_max": null,
                "equip_piste_long": null,
                "equip_sae_haut": null,
                "equip_sae_surf": null,
                "equip_sae_couloir": null,
                "equip_pasdetir": null,
                "equip_url": null,
                "equip_utilisateur": "[\"Clubs sportifs,comit\u00e9s,ligues,f\u00e9d\u00e9rations,Scolaires,universit\u00e9s\"]",
                "equip_acc_libre": "false",
                "equip_saison": "false",
                "equip_obs": null,
                "equip_type_famille": "Salle de combat",
                "equip_type_code": "1801",
                "equip_rnb": "XB9AEMK4MVRJ",
                "inst_acc_handi_bool": "false",
                "inst_trans_bool": "true",
                "inst_part_bool": "true",
                "equip_loc_bool": "false",
                "equip_pmr_vest": "false",
                "equip_pmr_acc": "false",
                "equip_pmr_aire": "true",
                "equip_pmr_chem": "false",
                "equip_pmr_douche": "false",
                "equip_pmr_sanit": "false",
                "equip_pmr_trib": "false",
                "equip_pshs_aire": "false",
                "equip_pshs_chem": "false",
                "equip_pshs_sanit": "false",
                "equip_pshs_sign": "false",
                "equip_pshs_trib": "false",
                "equip_pshs_vest": "false",
                "equip_x": "3.14721",
                "equip_y": "48.98034",
                "inst_part_type": "[\"Etablissement scolaire\"]",
                "aps_name": [
                    "Judo \/ Jujitsu \/ Ta\u00efso"
                ],
                "equip_qpv": null,
                "equip_qpv_200m": null,
                "categorie": null,
                "gen_2024fin_labellisation": null
            }
        },
        {
            "type": "Feature",
            "geometry": {
                "type": "Point",
                "coordinates": [
                    2.69797,
                    48.4697
                ]
            },
            "properties": {
                "equip_numero": "E002I770370002",
                "inst_numero": "I770370002",
                "inst_enqu_date": "2025-03-31",
                "inst_nom": "STADE DE LANGUENARGEN",
                "inst_siret": null,
                "inst_adresse": "RUE MOREAU DE TOURS",
                "inst_cp": "77590",
                "new_name": "Bois-le-Roi",
                "new_code": "77037",
                "inst_part_type_filter": null,
                "inst_uai": null,
                "inst_acc_handi_type": "[\"Handicap moteur\"]",
                "inst_trans_type": "[\"Bus\"]",
                "inst_obs": null,
                "inst_date_etat": "2024-04-25",
                "inst_date_creation": "2005-09-22",
                "inst_hs_bool": null,
                "epci_code": "200072346",
                "dep_code": "77",
                "dep_nom": "Seine-et-Marne",
                "reg_code": "11",
                "reg_nom": "\u00cele-de-France",
                "epci_nom": "CA du Pays de Fontainebleau",
                "code_bdv": "77186",
                "lib_bdv": "Fontainebleau",
                "arr_code": "774",
                "arr_name": "Fontainebleau",
                "dens_niveau": 4,
                "dens_lib": "Ceintures urbaines",
                "dep_code_filled": "77",
                "aca_nom": "Acad\u00e9mie de Cr\u00e9teil",
                "zrr_simp": "NC - Commune non class\u00e9e",
                "equip_nom": "DOJO",
                "equip_type_name": "Dojo \/ Salle d'arts martiaux",
                "equip_prop_nom": null,
                "equip_prop_type": "Commune",
                "equip_propsec_type": null,
                "equip_gest_type": "Commune",
                "equip_cogest_type": null,
                "equip_dsp": "false",
                "equip_ouv_public_bool": "true",
                "equip_erp_type": "[\"X\"]",
                "equip_erp_cat": 5,
                "equip_homo_date": null,
                "equip_homo_periode": null,
                "equip_service_date": "1991",
                "equip_service_periode": "1985-1994",
                "equip_travaux_date": null,
                "equip_travaux_periode": null,
                "equip_travaux_type": null,
                "equip_energie": "[\"Gaz\"]",
                "equip_nature": "Int\u00e9rieur",
                "equip_sol": "Synth\u00e9tique (hors gazon)",
                "equip_long": 18.0,
                "equip_larg": 10.8,
                "equip_haut": 4.0,
                "equip_surf": 196.0,
                "equip_eclair": "true",
                "equip_piste_nb": null,
                "equip_trib_nb": 0,
                "equip_vest_sport": 1,
                "equip_vest_ens": 0,
                "equip_douche": "true",
                "equip_sanit": "true",
                "equip_loc_type": "[\"Local de rangement\"]",
                "equip_conf_type": null,
                "equip_acces_handi_mobilite": "Aire de jeu",
                "equip_acces_handi_sensoriel": null,
                "equip_pdesi_pdipr": null,
                "equip_bassin_long": null,
                "equip_bassin_larg": null,
                "equip_bassin_surf": null,
                "equip_bassin_min": null,
                "equip_bassin_max": null,
                "equip_piste_long": null,
                "equip_sae_haut": null,
                "equip_sae_surf": null,
                "equip_sae_couloir": null,
                "equip_pasdetir": null,
                "equip_url": "http:\/\/www.ville-boisleroi.fr",
                "equip_utilisateur": "[\"Clubs sportifs,comit\u00e9s,ligues,f\u00e9d\u00e9rations,Scolaires,universit\u00e9s\"]",
                "equip_acc_libre": "false",
                "equip_saison": "false",
                "equip_obs": "SOL : TATAMI",
                "equip_type_famille": "Salle de combat",
                "equip_type_code": "1801",
                "equip_rnb": "HJD82HXJ8T2P",
                "inst_acc_handi_bool": "true",
                "inst_trans_bool": "true",
                "inst_part_bool": "false",
                "equip_loc_bool": "true",
                "equip_pmr_vest": "false",
                "equip_pmr_acc": "false",
                "equip_pmr_aire": "true",
                "equip_pmr_chem": "false",
                "equip_pmr_douche": "false",
                "equip_pmr_sanit": "false",
                "equip_pmr_trib": "false",
                "equip_pshs_aire": "false",
                "equip_pshs_chem": "false",
                "equip_pshs_sanit": "false",
                "equip_pshs_sign": "false",
                "equip_pshs_trib": "false",
                "equip_pshs_vest": "false",
                "equip_x": "2.69797",
                "equip_y": "48.4697",
                "inst_part_type": null,
                "aps_name": [
                    "Judo \/ Jujitsu \/ Ta\u00efso"
                ],
                "equip_qpv": null,
                "equip_qpv_200m": null,
                "categorie": null,
                "gen_2024fin_labellisation": null
            }
        },
        {
            "type": "Feature",
            "geometry": {
                "type": "Point",
                "coordinates": [
                    2.76459,
                    48.87135
                ]
            },
            "properties": {
                "equip_numero": "E002I771110003",
                "inst_numero": "I771110003",
                "inst_enqu_date": "2025-03-31",
                "inst_nom": "GYMNASE DU BICHERET",
                "inst_siret": "21770111900018",
                "inst_adresse": "2 Chemin du Bicheret",
                "inst_cp": "77700",
                "new_name": "Chessy",
                "new_code": "77111",
                "inst_part_type_filter": [
                    "Complexe sportif"
                ],
                "inst_uai": null,
                "inst_acc_handi_type": "[\"Handicap moteur\"]",
                "inst_trans_type": "[\"Bus\"]",
                "inst_obs": null,
                "inst_date_etat": "2024-05-13",
                "inst_date_creation": "2017-09-24",
                "inst_hs_bool": "false",
                "epci_code": "247700339",
                "dep_code": "77",
                "dep_nom": "Seine-et-Marne",
                "reg_code": "11",
                "reg_nom": "\u00cele-de-France",
                "epci_nom": "CA Val d'Europe Agglom\u00e9ration",
                "code_bdv": "75056",
                "lib_bdv": "Paris",
                "arr_code": "775",
                "arr_name": "Torcy",
                "dens_niveau": 1,
                "dens_lib": "Grands centres urbains",
                "dep_code_filled": "77",
                "aca_nom": "Acad\u00e9mie de Cr\u00e9teil",
                "zrr_simp": "NC - Commune non class\u00e9e",
                "equip_nom": "DOJO",
                "equip_type_name": "Dojo \/ Salle d'arts martiaux",
                "equip_prop_nom": "Mairie de Chessy",
                "equip_prop_type": "Commune",
                "equip_propsec_type": null,
                "equip_gest_type": "Commune",
                "equip_cogest_type": null,
                "equip_dsp": "false",
                "equip_ouv_public_bool": "true",
                "equip_erp_type": "[\"X\"]",
                "equip_erp_cat": 3,
                "equip_homo_date": null,
                "equip_homo_periode": null,
                "equip_service_date": "2009",
                "equip_service_periode": null,
                "equip_travaux_date": null,
                "equip_travaux_periode": null,
                "equip_travaux_type": null,
                "equip_energie": "[\"Gaz\"]",
                "equip_nature": "Int\u00e9rieur",
                "equip_sol": "Parquet",
                "equip_long": 30.0,
                "equip_larg": 20.0,
                "equip_haut": null,
                "equip_surf": 600.0,
                "equip_eclair": "true",
                "equip_piste_nb": null,
                "equip_trib_nb": 0,
                "equip_vest_sport": 4,
                "equip_vest_ens": 2,
                "equip_douche": "true",
                "equip_sanit": "true",
                "equip_loc_type": null,
                "equip_conf_type": null,
                "equip_acces_handi_mobilite": "Accueil,Aire de jeu,Cheminements,Douches,Sanitaires,Vestiaires",
                "equip_acces_handi_sensoriel": null,
                "equip_pdesi_pdipr": null,
                "equip_bassin_long": null,
                "equip_bassin_larg": null,
                "equip_bassin_surf": null,
                "equip_bassin_min": null,
                "equip_bassin_max": null,
                "equip_piste_long": null,
                "equip_sae_haut": null,
                "equip_sae_surf": null,
                "equip_sae_couloir": null,
                "equip_pasdetir": null,
                "equip_url": "https:\/\/www.chessy77.fr\/se-detendre\/sport\/equipements-sportifs\/",
                "equip_utilisateur": "[\"Scolaires,universit\u00e9s\"]",
                "equip_acc_libre": "false",
                "equip_saison": "false",
                "equip_obs": null,
                "equip_type_famille": "Salle de combat",
                "equip_type_code": "1801",
                "equip_rnb": "ATNEZ3HRM7K7",
                "inst_acc_handi_bool": "true",
                "inst_trans_bool": "true",
                "inst_part_bool": "true",
                "equip_loc_bool": "false",
                "equip_pmr_vest": "true",
                "equip_pmr_acc": "true",
                "equip_pmr_aire": "true",
                "equip_pmr_chem": "true",
                "equip_pmr_douche": "true",
                "equip_pmr_sanit": "true",
                "equip_pmr_trib": "false",
                "equip_pshs_aire": "false",
                "equip_pshs_chem": "false",
                "equip_pshs_sanit": "false",
                "equip_pshs_sign": "false",
                "equip_pshs_trib": "false",
                "equip_pshs_vest": "false",
                "equip_x": "2.76459",
                "equip_y": "48.87135",
                "inst_part_type": "[\"Complexe sportif\"]",
                "aps_name": [
                    "Judo \/ Jujitsu \/ Ta\u00efso"
                ],
                "equip_qpv": null,
                "equip_qpv_200m": null,
                "categorie": null,
                "gen_2024fin_labellisation": null
            }
        },
        {
            "type": "Feature",
            "geometry": {
                "type": "Point",
                "coordinates": [
                    2.87416,
                    48.17315
                ]
            },
            "properties": {
                "equip_numero": "E002I771680002",
                "inst_numero": "I771680002",
                "inst_enqu_date": "2025-03-31",
                "inst_nom": "ENSEMBLE SPORTIF DU CHAMP DE FOIRE",
                "inst_siret": null,
                "inst_adresse": "ROUTE DU BIGNON",
                "inst_cp": "77620",
                "new_name": "\u00c9greville",
                "new_code": "77168",
                "inst_part_type_filter": null,
                "inst_uai": null,
                "inst_acc_handi_type": "[\"Handicap moteur\"]",
                "inst_trans_type": "[\"Bus\"]",
                "inst_obs": null,
                "inst_date_etat": "2014-09-11",
                "inst_date_creation": "2005-09-22",
                "inst_hs_bool": null,
                "epci_code": "200023919",
                "dep_code": "77",
                "dep_nom": "Seine-et-Marne",
                "reg_code": "11",
                "reg_nom": "\u00cele-de-France",
                "epci_nom": "CC G\u00e2tinais Val de Loing",
                "code_bdv": "77333",
                "lib_bdv": "Nemours",
                "arr_code": "774",
                "arr_name": "Fontainebleau",
                "dens_niveau": 5,
                "dens_lib": "Bourgs ruraux",
                "dep_code_filled": "77",
                "aca_nom": "Acad\u00e9mie de Cr\u00e9teil",
                "zrr_simp": "NC - Commune non class\u00e9e",
                "equip_nom": "SALLE DES FETES",
                "equip_type_name": "Salles polyvalentes \/ des f\u00eates \/ non sp\u00e9cialis\u00e9es",
                "equip_prop_nom": "MAIRIE EGREVILLE",
                "equip_prop_type": "Commune",
                "equip_propsec_type": null,
                "equip_gest_type": "Commune",
                "equip_cogest_type": null,
                "equip_dsp": "false",
                "equip_ouv_public_bool": "true",
                "equip_erp_type": "[\"L\"]",
                "equip_erp_cat": null,
                "equip_homo_date": null,
                "equip_homo_periode": null,
                "equip_service_date": "1986",
                "equip_service_periode": "1985-1994",
                "equip_travaux_date": "2011",
                "equip_travaux_periode": "A partir de 2005",
                "equip_travaux_type": "[\"Mise en conformit\u00e9 avec les r\u00e8glements (s\u00e9curit\u00e9\", \"incendie\", \"hygi\u00e8ne ...)\", \"V\u00e9tust\u00e9 normale\", \"remise \u00e0 niveau\"]",
                "equip_energie": "[\"Fuel\"]",
                "equip_nature": "Int\u00e9rieur",
                "equip_sol": "Carrelage",
                "equip_long": 20.0,
                "equip_larg": 15.0,
                "equip_haut": 4.0,
                "equip_surf": 300.0,
                "equip_eclair": "true",
                "equip_piste_nb": null,
                "equip_trib_nb": 0,
                "equip_vest_sport": 1,
                "equip_vest_ens": 0,
                "equip_douche": "true",
                "equip_sanit": "true",
                "equip_loc_type": "[\"Club(s) house\", \"Local de rangement\"]",
                "equip_conf_type": null,
                "equip_acces_handi_mobilite": "Aire de jeu,Cheminements,Sanitaires",
                "equip_acces_handi_sensoriel": "Sanitaires",
                "equip_pdesi_pdipr": null,
                "equip_bassin_long": null,
                "equip_bassin_larg": null,
                "equip_bassin_surf": null,
                "equip_bassin_min": null,
                "equip_bassin_max": null,
                "equip_piste_long": null,
                "equip_sae_haut": null,
                "equip_sae_surf": null,
                "equip_sae_couloir": null,
                "equip_pasdetir": null,
                "equip_url": null,
                "equip_utilisateur": "[\"Clubs sportifs,comit\u00e9s,ligues,f\u00e9d\u00e9rations,Scolaires,universit\u00e9s,Autre - association(s) et groupes divers\"]",
                "equip_acc_libre": "false",
                "equip_saison": "false",
                "equip_obs": null,
                "equip_type_famille": "Salle non sp\u00e9cialis\u00e9e",
                "equip_type_code": "2201",
                "equip_rnb": "NE3GR7VJZZH2",
                "inst_acc_handi_bool": "true",
                "inst_trans_bool": "true",
                "inst_part_bool": "false",
                "equip_loc_bool": "true",
                "equip_pmr_vest": "false",
                "equip_pmr_acc": "false",
                "equip_pmr_aire": "true",
                "equip_pmr_chem": "true",
                "equip_pmr_douche": "false",
                "equip_pmr_sanit": "true",
                "equip_pmr_trib": "false",
                "equip_pshs_aire": "false",
                "equip_pshs_chem": "false",
                "equip_pshs_sanit": "true",
                "equip_pshs_sign": "false",
                "equip_pshs_trib": "false",
                "equip_pshs_vest": "false",
                "equip_x": "2.87416",
                "equip_y": "48.17315",
                "inst_part_type": null,
                "aps_name": [
                    "Activit\u00e9s de forme et de sant\u00e9",
                    "Judo \/ Jujitsu \/ Ta\u00efso"
                ],
                "equip_qpv": null,
                "equip_qpv_200m": null,
                "categorie": null,
                "gen_2024fin_labellisation": null
            }
        },
        {
            "type": "Feature",
            "geometry": {
                "type": "Point",
                "coordinates": [
                    2.59802,
                    48.83094
                ]
            },
            "properties": {
                "equip_numero": "E002I771690010",
                "inst_numero": "I771690010",
                "inst_enqu_date": "2025-03-31",
                "inst_nom": "ESPACE GUY DRUT",
                "inst_siret": null,
                "inst_adresse": "13 RUE BORIS PASTERNAK",
                "inst_cp": "77184",
                "new_name": "\u00c9merainville",
                "new_code": "77169",
                "inst_part_type_filter": null,
                "inst_uai": null,
                "inst_acc_handi_type": "[\"Handicap moteur\"]",
                "inst_trans_type": "[\"Bus\"]",
                "inst_obs": null,
                "inst_date_etat": "2016-01-26",
                "inst_date_creation": "2005-09-22",
                "inst_hs_bool": null,
                "epci_code": "200057958",
                "dep_code": "77",
                "dep_nom": "Seine-et-Marne",
                "reg_code": "11",
                "reg_nom": "\u00cele-de-France",
                "epci_nom": "CA Paris - Vall\u00e9e de la Marne",
                "code_bdv": "75056",
                "lib_bdv": "Paris",
                "arr_code": "775",
                "arr_name": "Torcy",
                "dens_niveau": 1,
                "dens_lib": "Grands centres urbains",
                "dep_code_filled": "77",
                "aca_nom": "Acad\u00e9mie de Cr\u00e9teil",
                "zrr_simp": "NC - Commune non class\u00e9e",
                "equip_nom": "DOJO BERTRAND DAMAIZIN",
                "equip_type_name": "Dojo \/ Salle d'arts martiaux",
                "equip_prop_nom": null,
                "equip_prop_type": "Commune",
                "equip_propsec_type": null,
                "equip_gest_type": "Commune",
                "equip_cogest_type": null,
                "equip_dsp": "false",
                "equip_ouv_public_bool": "true",
                "equip_erp_type": "[\"X\"]",
                "equip_erp_cat": 5,
                "equip_homo_date": null,
                "equip_homo_periode": null,
                "equip_service_date": "2005",
                "equip_service_periode": "A partir de 2005",
                "equip_travaux_date": "2013",
                "equip_travaux_periode": "A partir de 2005",
                "equip_travaux_type": "[\"V\u00e9tust\u00e9 normale\", \"remise \u00e0 niveau\"]",
                "equip_energie": "[\"Gaz\"]",
                "equip_nature": "Int\u00e9rieur",
                "equip_sol": "Synth\u00e9tique (hors gazon)",
                "equip_long": 15.0,
                "equip_larg": 13.0,
                "equip_haut": 3.0,
                "equip_surf": 195.0,
                "equip_eclair": "true",
                "equip_piste_nb": null,
                "equip_trib_nb": 0,
                "equip_vest_sport": 2,
                "equip_vest_ens": 0,
                "equip_douche": "true",
                "equip_sanit": "true",
                "equip_loc_type": null,
                "equip_conf_type": null,
                "equip_acces_handi_mobilite": "Aire de jeu,Vestiaires",
                "equip_acces_handi_sensoriel": null,
                "equip_pdesi_pdipr": null,
                "equip_bassin_long": null,
                "equip_bassin_larg": null,
                "equip_bassin_surf": null,
                "equip_bassin_min": null,
                "equip_bassin_max": null,
                "equip_piste_long": null,
                "equip_sae_haut": null,
                "equip_sae_surf": null,
                "equip_sae_couloir": null,
                "equip_pasdetir": null,
                "equip_url": "www.mairie-emerainville.fr",
                "equip_utilisateur": "[\"Clubs sportifs,comit\u00e9s,ligues,f\u00e9d\u00e9rations,Scolaires,universit\u00e9s\"]",
                "equip_acc_libre": "false",
                "equip_saison": "false",
                "equip_obs": null,
                "equip_type_famille": "Salle de combat",
                "equip_type_code": "1801",
                "equip_rnb": "V5VCHGQNYT3P",
                "inst_acc_handi_bool": "true",
                "inst_trans_bool": "true",
                "inst_part_bool": "false",
                "equip_loc_bool": "false",
                "equip_pmr_vest": "true",
                "equip_pmr_acc": "false",
                "equip_pmr_aire": "true",
                "equip_pmr_chem": "false",
                "equip_pmr_douche": "false",
                "equip_pmr_sanit": "false",
                "equip_pmr_trib": "false",
                "equip_pshs_aire": "false",
                "equip_pshs_chem": "false",
                "equip_pshs_sanit": "false",
                "equip_pshs_sign": "false",
                "equip_pshs_trib": "false",
                "equip_pshs_vest": "false",
                "equip_x": "2.59802",
                "equip_y": "48.83094",
                "inst_part_type": null,
                "aps_name": [
                    "Judo \/ Jujitsu \/ Ta\u00efso"
                ],
                "equip_qpv": null,
                "equip_qpv_200m": null,
                "categorie": null,
                "gen_2024fin_labellisation": null
            }
        },
        {
            "type": "Feature",
            "geometry": {
                "type": "Point",
                "coordinates": [
                    2.90894,
                    48.947
                ]
            },
            "properties": {
                "equip_numero": "E002I772840004",
                "inst_numero": "I772840004",
                "inst_enqu_date": "2025-03-31",
                "inst_nom": "GYMNASE ALBERT CAMUS",
                "inst_siret": null,
                "inst_adresse": "BOULEVARD CHARCOT - BEAUVAL",
                "inst_cp": "77100",
                "new_name": "Meaux",
                "new_code": "77284",
                "inst_part_type_filter": null,
                "inst_uai": null,
                "inst_acc_handi_type": "[\"Handicap moteur\"]",
                "inst_trans_type": null,
                "inst_obs": null,
                "inst_date_etat": "2013-11-25",
                "inst_date_creation": "2005-09-22",
                "inst_hs_bool": null,
                "epci_code": "200072130",
                "dep_code": "77",
                "dep_nom": "Seine-et-Marne",
                "reg_code": "11",
                "reg_nom": "\u00cele-de-France",
                "epci_nom": "CA du Pays de Meaux",
                "code_bdv": "77284",
                "lib_bdv": "Meaux",
                "arr_code": "771",
                "arr_name": "Meaux",
                "dens_niveau": 1,
                "dens_lib": "Grands centres urbains",
                "dep_code_filled": "77",
                "aca_nom": "Acad\u00e9mie de Cr\u00e9teil",
                "zrr_simp": "NC - Commune non class\u00e9e",
                "equip_nom": "SALLE DE KARATE",
                "equip_type_name": "Dojo \/ Salle d'arts martiaux",
                "equip_prop_nom": null,
                "equip_prop_type": "Commune",
                "equip_propsec_type": null,
                "equip_gest_type": "Commune",
                "equip_cogest_type": null,
                "equip_dsp": "false",
                "equip_ouv_public_bool": "true",
                "equip_erp_type": "[\"X\"]",
                "equip_erp_cat": 5,
                "equip_homo_date": null,
                "equip_homo_periode": null,
                "equip_service_date": "1980",
                "equip_service_periode": "1975-1984",
                "equip_travaux_date": null,
                "equip_travaux_periode": null,
                "equip_travaux_type": null,
                "equip_energie": "[\"Autre\"]",
                "equip_nature": "Int\u00e9rieur",
                "equip_sol": "Synth\u00e9tique (hors gazon)",
                "equip_long": 20.0,
                "equip_larg": 15.0,
                "equip_haut": 4.0,
                "equip_surf": 300.0,
                "equip_eclair": "true",
                "equip_piste_nb": null,
                "equip_trib_nb": 0,
                "equip_vest_sport": 2,
                "equip_vest_ens": 1,
                "equip_douche": "false",
                "equip_sanit": "true",
                "equip_loc_type": null,
                "equip_conf_type": null,
                "equip_acces_handi_mobilite": "Aire de jeu,Vestiaires",
                "equip_acces_handi_sensoriel": null,
                "equip_pdesi_pdipr": null,
                "equip_bassin_long": null,
                "equip_bassin_larg": null,
                "equip_bassin_surf": null,
                "equip_bassin_min": null,
                "equip_bassin_max": null,
                "equip_piste_long": null,
                "equip_sae_haut": null,
                "equip_sae_surf": null,
                "equip_sae_couloir": null,
                "equip_pasdetir": null,
                "equip_url": null,
                "equip_utilisateur": "[\"Clubs sportifs,comit\u00e9s,ligues,f\u00e9d\u00e9rations,Scolaires,universit\u00e9s\"]",
                "equip_acc_libre": "false",
                "equip_saison": "false",
                "equip_obs": "CHAUFFAGE AIR PULSE",
                "equip_type_famille": "Salle de combat",
                "equip_type_code": "1801",
                "equip_rnb": null,
                "inst_acc_handi_bool": "true",
                "inst_trans_bool": "false",
                "inst_part_bool": "false",
                "equip_loc_bool": "false",
                "equip_pmr_vest": "true",
                "equip_pmr_acc": "false",
                "equip_pmr_aire": "true",
                "equip_pmr_chem": "false",
                "equip_pmr_douche": "false",
                "equip_pmr_sanit": "false",
                "equip_pmr_trib": "false",
                "equip_pshs_aire": "false",
                "equip_pshs_chem": "false",
                "equip_pshs_sanit": "false",
                "equip_pshs_sign": "false",
                "equip_pshs_trib": "false",
                "equip_pshs_vest": "false",
                "equip_x": "2.90894",
                "equip_y": "48.947",
                "inst_part_type": null,
                "aps_name": [
                    "Judo \/ Jujitsu \/ Ta\u00efso",
                    "Karat\u00e9\/Karat\u00e9 jutsu\/Goshin jutsu\/Kobudo\/Nihon Tai-jutsu\/Taijitsu\/Nambudo\/Ninjutsu\/Nunchaku\/..."
                ],
                "equip_qpv": null,
                "equip_qpv_200m": null,
                "categorie": null,
                "gen_2024fin_labellisation": null
            }
        },
        {
            "type": "Feature",
            "geometry": {
                "type": "Point",
                "coordinates": [
                    2.66084,
                    48.5333
                ]
            },
            "properties": {
                "equip_numero": "E002I772880005",
                "inst_numero": "I772880005",
                "inst_enqu_date": "2025-03-31",
                "inst_nom": "GYMNASE RENE DUVAUCHELLE",
                "inst_siret": null,
                "inst_adresse": "2 RUE DAJOT",
                "inst_cp": "77000",
                "new_name": "Melun",
                "new_code": "77288",
                "inst_part_type_filter": null,
                "inst_uai": null,
                "inst_acc_handi_type": "[\"Handicap moteur\"]",
                "inst_trans_type": "[\"Bus\"]",
                "inst_obs": null,
                "inst_date_etat": "2024-04-24",
                "inst_date_creation": "2005-09-22",
                "inst_hs_bool": null,
                "epci_code": "247700057",
                "dep_code": "77",
                "dep_nom": "Seine-et-Marne",
                "reg_code": "11",
                "reg_nom": "\u00cele-de-France",
                "epci_nom": "CA Melun Val de Seine",
                "code_bdv": "77288",
                "lib_bdv": "Melun",
                "arr_code": "772",
                "arr_name": "Melun",
                "dens_niveau": 1,
                "dens_lib": "Grands centres urbains",
                "dep_code_filled": "77",
                "aca_nom": "Acad\u00e9mie de Cr\u00e9teil",
                "zrr_simp": "NC - Commune non class\u00e9e",
                "equip_nom": "DOJO",
                "equip_type_name": "Dojo \/ Salle d'arts martiaux",
                "equip_prop_nom": null,
                "equip_prop_type": "Commune",
                "equip_propsec_type": null,
                "equip_gest_type": "Commune",
                "equip_cogest_type": null,
                "equip_dsp": "false",
                "equip_ouv_public_bool": "true",
                "equip_erp_type": "[\"X\"]",
                "equip_erp_cat": 3,
                "equip_homo_date": null,
                "equip_homo_periode": null,
                "equip_service_date": "1976",
                "equip_service_periode": "1975-1984",
                "equip_travaux_date": null,
                "equip_travaux_periode": null,
                "equip_travaux_type": null,
                "equip_energie": "[\"Gaz\"]",
                "equip_nature": "Int\u00e9rieur",
                "equip_sol": "Synth\u00e9tique (hors gazon)",
                "equip_long": 30.0,
                "equip_larg": 16.0,
                "equip_haut": 4.0,
                "equip_surf": 480.0,
                "equip_eclair": "true",
                "equip_piste_nb": null,
                "equip_trib_nb": 24,
                "equip_vest_sport": 2,
                "equip_vest_ens": 1,
                "equip_douche": "true",
                "equip_sanit": "true",
                "equip_loc_type": null,
                "equip_conf_type": null,
                "equip_acces_handi_mobilite": "Aire de jeu",
                "equip_acces_handi_sensoriel": null,
                "equip_pdesi_pdipr": null,
                "equip_bassin_long": null,
                "equip_bassin_larg": null,
                "equip_bassin_surf": null,
                "equip_bassin_min": null,
                "equip_bassin_max": null,
                "equip_piste_long": null,
                "equip_sae_haut": null,
                "equip_sae_surf": null,
                "equip_sae_couloir": null,
                "equip_pasdetir": null,
                "equip_url": "www.ville-melun.fr",
                "equip_utilisateur": "[\"Clubs sportifs,comit\u00e9s,ligues,f\u00e9d\u00e9rations,Autre - association(s) et groupes divers\"]",
                "equip_acc_libre": "false",
                "equip_saison": "false",
                "equip_obs": null,
                "equip_type_famille": "Salle de combat",
                "equip_type_code": "1801",
                "equip_rnb": "EQAMTQA7K9VJ",
                "inst_acc_handi_bool": "true",
                "inst_trans_bool": "true",
                "inst_part_bool": "false",
                "equip_loc_bool": "false",
                "equip_pmr_vest": "false",
                "equip_pmr_acc": "false",
                "equip_pmr_aire": "true",
                "equip_pmr_chem": "false",
                "equip_pmr_douche": "false",
                "equip_pmr_sanit": "false",
                "equip_pmr_trib": "false",
                "equip_pshs_aire": "false",
                "equip_pshs_chem": "false",
                "equip_pshs_sanit": "false",
                "equip_pshs_sign": "false",
                "equip_pshs_trib": "false",
                "equip_pshs_vest": "false",
                "equip_x": "2.66084",
                "equip_y": "48.5333",
                "inst_part_type": null,
                "aps_name": [
                    "Activit\u00e9s de forme et de sant\u00e9",
                    "Judo \/ Jujitsu \/ Ta\u00efso",
                    "Karat\u00e9\/Karat\u00e9 jutsu\/Goshin jutsu\/Kobudo\/Nihon Tai-jutsu\/Taijitsu\/Nambudo\/Ninjutsu\/Nunchaku\/..."
                ],
                "equip_qpv": null,
                "equip_qpv_200m": null,
                "categorie": null,
                "gen_2024fin_labellisation": null
            }
        },
        {
            "type": "Feature",
            "geometry": {
                "type": "Point",
                "coordinates": [
                    2.88484,
                    48.92746
                ]
            },
            "properties": {
                "equip_numero": "E002I773300004",
                "inst_numero": "I773300004",
                "inst_enqu_date": "2025-03-31",
                "inst_nom": "GYMNASE DES CLOSEAUX",
                "inst_siret": null,
                "inst_adresse": "45 CHEMIN DE CRECY",
                "inst_cp": "77100",
                "new_name": "Nanteuil-l\u00e8s-Meaux",
                "new_code": "77330",
                "inst_part_type_filter": null,
                "inst_uai": null,
                "inst_acc_handi_type": "[\"Handicap moteur\"]",
                "inst_trans_type": null,
                "inst_obs": null,
                "inst_date_etat": "2016-01-26",
                "inst_date_creation": "2011-04-27",
                "inst_hs_bool": null,
                "epci_code": "200072130",
                "dep_code": "77",
                "dep_nom": "Seine-et-Marne",
                "reg_code": "11",
                "reg_nom": "\u00cele-de-France",
                "epci_nom": "CA du Pays de Meaux",
                "code_bdv": "77284",
                "lib_bdv": "Meaux",
                "arr_code": "771",
                "arr_name": "Meaux",
                "dens_niveau": 4,
                "dens_lib": "Ceintures urbaines",
                "dep_code_filled": "77",
                "aca_nom": "Acad\u00e9mie de Cr\u00e9teil",
                "zrr_simp": "NC - Commune non class\u00e9e",
                "equip_nom": "DOJO",
                "equip_type_name": "Dojo \/ Salle d'arts martiaux",
                "equip_prop_nom": null,
                "equip_prop_type": "Commune",
                "equip_propsec_type": null,
                "equip_gest_type": "Commune",
                "equip_cogest_type": null,
                "equip_dsp": "false",
                "equip_ouv_public_bool": "true",
                "equip_erp_type": "[\"X\"]",
                "equip_erp_cat": 5,
                "equip_homo_date": null,
                "equip_homo_periode": null,
                "equip_service_date": "2005",
                "equip_service_periode": "A partir de 2005",
                "equip_travaux_date": null,
                "equip_travaux_periode": null,
                "equip_travaux_type": null,
                "equip_energie": "[\"Gaz\"]",
                "equip_nature": "Int\u00e9rieur",
                "equip_sol": "Parquet",
                "equip_long": 22.0,
                "equip_larg": 12.0,
                "equip_haut": null,
                "equip_surf": 264.0,
                "equip_eclair": "true",
                "equip_piste_nb": null,
                "equip_trib_nb": 0,
                "equip_vest_sport": 2,
                "equip_vest_ens": 0,
                "equip_douche": "true",
                "equip_sanit": "true",
                "equip_loc_type": null,
                "equip_conf_type": null,
                "equip_acces_handi_mobilite": "Aire de jeu,Cheminements",
                "equip_acces_handi_sensoriel": null,
                "equip_pdesi_pdipr": null,
                "equip_bassin_long": null,
                "equip_bassin_larg": null,
                "equip_bassin_surf": null,
                "equip_bassin_min": null,
                "equip_bassin_max": null,
                "equip_piste_long": null,
                "equip_sae_haut": null,
                "equip_sae_surf": null,
                "equip_sae_couloir": null,
                "equip_pasdetir": null,
                "equip_url": "http:\/\/www.nanteuil-les-meaux.fr",
                "equip_utilisateur": "[\"Individuel(s),famille(s),Clubs sportifs,comit\u00e9s,ligues,f\u00e9d\u00e9rations\"]",
                "equip_acc_libre": "false",
                "equip_saison": "false",
                "equip_obs": null,
                "equip_type_famille": "Salle de combat",
                "equip_type_code": "1801",
                "equip_rnb": "63AB847SYHWC",
                "inst_acc_handi_bool": "true",
                "inst_trans_bool": "false",
                "inst_part_bool": "false",
                "equip_loc_bool": "false",
                "equip_pmr_vest": "false",
                "equip_pmr_acc": "false",
                "equip_pmr_aire": "true",
                "equip_pmr_chem": "true",
                "equip_pmr_douche": "false",
                "equip_pmr_sanit": "false",
                "equip_pmr_trib": "false",
                "equip_pshs_aire": "false",
                "equip_pshs_chem": "false",
                "equip_pshs_sanit": "false",
                "equip_pshs_sign": "false",
                "equip_pshs_trib": "false",
                "equip_pshs_vest": "false",
                "equip_x": "2.88484",
                "equip_y": "48.92746",
                "inst_part_type": null,
                "aps_name": [
                    "Judo \/ Jujitsu \/ Ta\u00efso"
                ],
                "equip_qpv": null,
                "equip_qpv_200m": null,
                "categorie": null,
                "gen_2024fin_labellisation": null
            }
        },
        {
            "type": "Feature",
            "geometry": {
                "type": "Point",
                "coordinates": [
                    3.29937,
                    48.5647
                ]
            },
            "properties": {
                "equip_numero": "E002I773790001",
                "inst_numero": "I773790001",
                "inst_enqu_date": "2025-03-31",
                "inst_nom": "GYMNASE RAYMOND VITTE",
                "inst_siret": null,
                "inst_adresse": "PLACE DU 29EME DRAGON",
                "inst_cp": "77160",
                "new_name": "Provins",
                "new_code": "77379",
                "inst_part_type_filter": null,
                "inst_uai": null,
                "inst_acc_handi_type": null,
                "inst_trans_type": null,
                "inst_obs": null,
                "inst_date_etat": "2019-06-19",
                "inst_date_creation": "2005-09-22",
                "inst_hs_bool": null,
                "epci_code": "200037133",
                "dep_code": "77",
                "dep_nom": "Seine-et-Marne",
                "reg_code": "11",
                "reg_nom": "\u00cele-de-France",
                "epci_nom": "CC du Provinois",
                "code_bdv": "77379",
                "lib_bdv": "Provins",
                "arr_code": "773",
                "arr_name": "Provins",
                "dens_niveau": 2,
                "dens_lib": "Centres urbains interm\u00e9diaires",
                "dep_code_filled": "77",
                "aca_nom": "Acad\u00e9mie de Cr\u00e9teil",
                "zrr_simp": "NC - Commune non class\u00e9e",
                "equip_nom": "DOJO",
                "equip_type_name": "Dojo \/ Salle d'arts martiaux",
                "equip_prop_nom": null,
                "equip_prop_type": "Commune",
                "equip_propsec_type": null,
                "equip_gest_type": "Commune",
                "equip_cogest_type": null,
                "equip_dsp": "false",
                "equip_ouv_public_bool": "true",
                "equip_erp_type": "[\"X\"]",
                "equip_erp_cat": 2,
                "equip_homo_date": null,
                "equip_homo_periode": null,
                "equip_service_date": "1971",
                "equip_service_periode": "1965-1974",
                "equip_travaux_date": null,
                "equip_travaux_periode": null,
                "equip_travaux_type": null,
                "equip_energie": "[\"Gaz\"]",
                "equip_nature": "Int\u00e9rieur",
                "equip_sol": "Parquet",
                "equip_long": 10.9,
                "equip_larg": 9.0,
                "equip_haut": 4.0,
                "equip_surf": 98.0,
                "equip_eclair": "true",
                "equip_piste_nb": null,
                "equip_trib_nb": 0,
                "equip_vest_sport": 5,
                "equip_vest_ens": 1,
                "equip_douche": "true",
                "equip_sanit": "true",
                "equip_loc_type": null,
                "equip_conf_type": null,
                "equip_acces_handi_mobilite": "Aire de jeu,Sanitaires,Vestiaires",
                "equip_acces_handi_sensoriel": "Sanitaires",
                "equip_pdesi_pdipr": null,
                "equip_bassin_long": null,
                "equip_bassin_larg": null,
                "equip_bassin_surf": null,
                "equip_bassin_min": null,
                "equip_bassin_max": null,
                "equip_piste_long": null,
                "equip_sae_haut": null,
                "equip_sae_surf": null,
                "equip_sae_couloir": null,
                "equip_pasdetir": null,
                "equip_url": null,
                "equip_utilisateur": "[\"Clubs sportifs,comit\u00e9s,ligues,f\u00e9d\u00e9rations,Scolaires,universit\u00e9s\"]",
                "equip_acc_libre": "false",
                "equip_saison": "false",
                "equip_obs": null,
                "equip_type_famille": "Salle de combat",
                "equip_type_code": "1801",
                "equip_rnb": "BMTGJYEKWABV",
                "inst_acc_handi_bool": "false",
                "inst_trans_bool": "false",
                "inst_part_bool": "false",
                "equip_loc_bool": "false",
                "equip_pmr_vest": "true",
                "equip_pmr_acc": "false",
                "equip_pmr_aire": "true",
                "equip_pmr_chem": "false",
                "equip_pmr_douche": "false",
                "equip_pmr_sanit": "true",
                "equip_pmr_trib": "false",
                "equip_pshs_aire": "false",
                "equip_pshs_chem": "false",
                "equip_pshs_sanit": "true",
                "equip_pshs_sign": "false",
                "equip_pshs_trib": "false",
                "equip_pshs_vest": "false",
                "equip_x": "3.29937",
                "equip_y": "48.5647",
                "inst_part_type": null,
                "aps_name": [
                    "Judo \/ Jujitsu \/ Ta\u00efso"
                ],
                "equip_qpv": null,
                "equip_qpv_200m": null,
                "categorie": null,
                "gen_2024fin_labellisation": null
            }
        },
        {
            "type": "Feature",
            "geometry": {
                "type": "Point",
                "coordinates": [
                    2.70586,
                    49.0417
                ]
            },
            "properties": {
                "equip_numero": "E002I774200002",
                "inst_numero": "I774200002",
                "inst_enqu_date": "2025-03-31",
                "inst_nom": "COMPLEXE SPORTIF DES PAILLEUX",
                "inst_siret": null,
                "inst_adresse": "ROUTE DES ROUVRES",
                "inst_cp": "77230",
                "new_name": "Saint-Mard",
                "new_code": "77420",
                "inst_part_type_filter": null,
                "inst_uai": null,
                "inst_acc_handi_type": "[\"Handicap moteur\"]",
                "inst_trans_type": "[\"Bus\"]",
                "inst_obs": null,
                "inst_date_etat": "2016-02-18",
                "inst_date_creation": "2005-09-22",
                "inst_hs_bool": null,
                "epci_code": "200055655",
                "dep_code": "77",
                "dep_nom": "Seine-et-Marne",
                "reg_code": "11",
                "reg_nom": "\u00cele-de-France",
                "epci_nom": "CA Roissy Pays de France",
                "code_bdv": "77153",
                "lib_bdv": "Dammartin-en-Go\u00eble",
                "arr_code": "771",
                "arr_name": "Meaux",
                "dens_niveau": 4,
                "dens_lib": "Ceintures urbaines",
                "dep_code_filled": "77",
                "aca_nom": "Acad\u00e9mie de Cr\u00e9teil",
                "zrr_simp": "NC - Commune non class\u00e9e",
                "equip_nom": "SALLE D'ARTS MARTIAUX",
                "equip_type_name": "Dojo \/ Salle d'arts martiaux",
                "equip_prop_nom": null,
                "equip_prop_type": "Commune",
                "equip_propsec_type": null,
                "equip_gest_type": "Commune",
                "equip_cogest_type": null,
                "equip_dsp": "false",
                "equip_ouv_public_bool": "true",
                "equip_erp_type": "[\"X\"]",
                "equip_erp_cat": 5,
                "equip_homo_date": "1997-02-06",
                "equip_homo_periode": "1995-2004",
                "equip_service_date": "1997",
                "equip_service_periode": "1995-2004",
                "equip_travaux_date": null,
                "equip_travaux_periode": null,
                "equip_travaux_type": null,
                "equip_energie": "[\"Gaz\"]",
                "equip_nature": "Int\u00e9rieur",
                "equip_sol": "Synth\u00e9tique (hors gazon)",
                "equip_long": 14.0,
                "equip_larg": 14.0,
                "equip_haut": 3.0,
                "equip_surf": 196.0,
                "equip_eclair": "true",
                "equip_piste_nb": null,
                "equip_trib_nb": 0,
                "equip_vest_sport": 3,
                "equip_vest_ens": 1,
                "equip_douche": "true",
                "equip_sanit": "true",
                "equip_loc_type": "[\"R\u00e9ception \/ Accueil\", \"Bureau(x) Club(s)\", \"Club(s) house\", \"Infirmerie\", \"Local de rangement\", \"Salle(s) de r\u00e9union\/cours\"]",
                "equip_conf_type": null,
                "equip_acces_handi_mobilite": "Accueil,Aire de jeu,Cheminements,Sanitaires",
                "equip_acces_handi_sensoriel": "Sanitaires",
                "equip_pdesi_pdipr": null,
                "equip_bassin_long": null,
                "equip_bassin_larg": null,
                "equip_bassin_surf": null,
                "equip_bassin_min": null,
                "equip_bassin_max": null,
                "equip_piste_long": null,
                "equip_sae_haut": null,
                "equip_sae_surf": null,
                "equip_sae_couloir": null,
                "equip_pasdetir": null,
                "equip_url": "http:\/\/www.saintmard.com",
                "equip_utilisateur": "[\"Individuel(s),famille(s),Clubs sportifs,comit\u00e9s,ligues,f\u00e9d\u00e9rations,Scolaires,universit\u00e9s\"]",
                "equip_acc_libre": "false",
                "equip_saison": "false",
                "equip_obs": null,
                "equip_type_famille": "Salle de combat",
                "equip_type_code": "1801",
                "equip_rnb": "EG5WMZJKQNGN",
                "inst_acc_handi_bool": "true",
                "inst_trans_bool": "true",
                "inst_part_bool": "false",
                "equip_loc_bool": "true",
                "equip_pmr_vest": "false",
                "equip_pmr_acc": "true",
                "equip_pmr_aire": "true",
                "equip_pmr_chem": "true",
                "equip_pmr_douche": "false",
                "equip_pmr_sanit": "true",
                "equip_pmr_trib": "false",
                "equip_pshs_aire": "false",
                "equip_pshs_chem": "false",
                "equip_pshs_sanit": "true",
                "equip_pshs_sign": "false",
                "equip_pshs_trib": "false",
                "equip_pshs_vest": "false",
                "equip_x": "2.70586",
                "equip_y": "49.0417",
                "inst_part_type": null,
                "aps_name": [
                    "Full contact (boxe am\u00e9ricaine)\/Light contact\/First full\/Full d\u00e9fense\/Super fight\/Semi-contact",
                    "Gymnastique volontaire",
                    "Judo \/ Jujitsu \/ Ta\u00efso",
                    "Karat\u00e9\/Karat\u00e9 jutsu\/Goshin jutsu\/Kobudo\/Nihon Tai-jutsu\/Taijitsu\/Nambudo\/Ninjutsu\/Nunchaku\/..."
                ],
                "equip_qpv": null,
                "equip_qpv_200m": null,
                "categorie": null,
                "gen_2024fin_labellisation": null
            }
        },
        {
            "type": "Feature",
            "geometry": {
                "type": "Point",
                "coordinates": [
                    2.85023,
                    48.3871
                ]
            },
            "properties": {
                "equip_numero": "E002I774940002",
                "inst_numero": "I774940002",
                "inst_enqu_date": "2025-03-31",
                "inst_nom": "COMPLEXE SPORTIF",
                "inst_siret": null,
                "inst_adresse": "RUE DE LA FONTAINE MARTIN",
                "inst_cp": "77670",
                "new_name": "Vernou-la-Celle-sur-Seine",
                "new_code": "77494",
                "inst_part_type_filter": null,
                "inst_uai": null,
                "inst_acc_handi_type": "[\"Handicap moteur\"]",
                "inst_trans_type": null,
                "inst_obs": null,
                "inst_date_etat": "2014-12-07",
                "inst_date_creation": "2005-09-22",
                "inst_hs_bool": null,
                "epci_code": "247700032",
                "dep_code": "77",
                "dep_nom": "Seine-et-Marne",
                "reg_code": "11",
                "reg_nom": "\u00cele-de-France",
                "epci_nom": "CC Moret Seine et Loing",
                "code_bdv": "77316",
                "lib_bdv": "Moret-Loing-et-Orvanne",
                "arr_code": "774",
                "arr_name": "Fontainebleau",
                "dens_niveau": 6,
                "dens_lib": "Rural \u00e0 habitat dispers\u00e9",
                "dep_code_filled": "77",
                "aca_nom": "Acad\u00e9mie de Cr\u00e9teil",
                "zrr_simp": "NC - Commune non class\u00e9e",
                "equip_nom": "DOJO",
                "equip_type_name": "Dojo \/ Salle d'arts martiaux",
                "equip_prop_nom": null,
                "equip_prop_type": "Commune",
                "equip_propsec_type": null,
                "equip_gest_type": "Commune",
                "equip_cogest_type": null,
                "equip_dsp": "false",
                "equip_ouv_public_bool": "true",
                "equip_erp_type": "[\"L\"]",
                "equip_erp_cat": 5,
                "equip_homo_date": null,
                "equip_homo_periode": null,
                "equip_service_date": "1994",
                "equip_service_periode": "1985-1994",
                "equip_travaux_date": null,
                "equip_travaux_periode": null,
                "equip_travaux_type": null,
                "equip_energie": "[\"Gaz\"]",
                "equip_nature": "Int\u00e9rieur",
                "equip_sol": "Parquet",
                "equip_long": 20.0,
                "equip_larg": 18.0,
                "equip_haut": 3.0,
                "equip_surf": 360.0,
                "equip_eclair": "true",
                "equip_piste_nb": null,
                "equip_trib_nb": 0,
                "equip_vest_sport": 4,
                "equip_vest_ens": 1,
                "equip_douche": "true",
                "equip_sanit": "true",
                "equip_loc_type": null,
                "equip_conf_type": null,
                "equip_acces_handi_mobilite": null,
                "equip_acces_handi_sensoriel": null,
                "equip_pdesi_pdipr": null,
                "equip_bassin_long": null,
                "equip_bassin_larg": null,
                "equip_bassin_surf": null,
                "equip_bassin_min": null,
                "equip_bassin_max": null,
                "equip_piste_long": null,
                "equip_sae_haut": null,
                "equip_sae_surf": null,
                "equip_sae_couloir": null,
                "equip_pasdetir": null,
                "equip_url": "http:\/\/www.mairie-vernou-celle77.fr\/index.php",
                "equip_utilisateur": "[\"Clubs sportifs,comit\u00e9s,ligues,f\u00e9d\u00e9rations,Scolaires,universit\u00e9s\"]",
                "equip_acc_libre": "false",
                "equip_saison": "false",
                "equip_obs": null,
                "equip_type_famille": "Salle de combat",
                "equip_type_code": "1801",
                "equip_rnb": null,
                "inst_acc_handi_bool": "true",
                "inst_trans_bool": "false",
                "inst_part_bool": "false",
                "equip_loc_bool": "false",
                "equip_pmr_vest": "false",
                "equip_pmr_acc": "false",
                "equip_pmr_aire": "false",
                "equip_pmr_chem": "false",
                "equip_pmr_douche": "false",
                "equip_pmr_sanit": "false",
                "equip_pmr_trib": "false",
                "equip_pshs_aire": "false",
                "equip_pshs_chem": "false",
                "equip_pshs_sanit": "false",
                "equip_pshs_sign": "false",
                "equip_pshs_trib": "false",
                "equip_pshs_vest": "false",
                "equip_x": "2.85023",
                "equip_y": "48.3871",
                "inst_part_type": null,
                "aps_name": [
                    "Judo \/ Jujitsu \/ Ta\u00efso",
                    "Musculation"
                ],
                "equip_qpv": null,
                "equip_qpv_200m": null,
                "categorie": null,
                "gen_2024fin_labellisation": null
            }
        },
        {
            "type": "Feature",
            "geometry": {
                "type": "Point",
                "coordinates": [
                    2.6043,
                    48.9355
                ]
            },
            "properties": {
                "equip_numero": "E002I775140005",
                "inst_numero": "I775140005",
                "inst_enqu_date": "2025-03-31",
                "inst_nom": "COMPLEXE SPORTIF GEO ANDRE",
                "inst_siret": null,
                "inst_adresse": "RUE DE LA DIVISION LECLERC",
                "inst_cp": "77270",
                "new_name": "Villeparisis",
                "new_code": "77514",
                "inst_part_type_filter": [
                    "Complexe sportif"
                ],
                "inst_uai": null,
                "inst_acc_handi_type": "[\"Handicap moteur\"]",
                "inst_trans_type": "[\"Bus\"]",
                "inst_obs": null,
                "inst_date_etat": "2013-11-26",
                "inst_date_creation": "2005-09-22",
                "inst_hs_bool": null,
                "epci_code": "200055655",
                "dep_code": "77",
                "dep_nom": "Seine-et-Marne",
                "reg_code": "11",
                "reg_nom": "\u00cele-de-France",
                "epci_nom": "CA Roissy Pays de France",
                "code_bdv": "75056",
                "lib_bdv": "Paris",
                "arr_code": "771",
                "arr_name": "Meaux",
                "dens_niveau": 1,
                "dens_lib": "Grands centres urbains",
                "dep_code_filled": "77",
                "aca_nom": "Acad\u00e9mie de Cr\u00e9teil",
                "zrr_simp": "NC - Commune non class\u00e9e",
                "equip_nom": "SALLE DE JUDO GYMNASE",
                "equip_type_name": "Dojo \/ Salle d'arts martiaux",
                "equip_prop_nom": null,
                "equip_prop_type": "Commune",
                "equip_propsec_type": null,
                "equip_gest_type": "Commune",
                "equip_cogest_type": null,
                "equip_dsp": "false",
                "equip_ouv_public_bool": "true",
                "equip_erp_type": "[\"X\"]",
                "equip_erp_cat": 3,
                "equip_homo_date": null,
                "equip_homo_periode": null,
                "equip_service_date": "1982",
                "equip_service_periode": "1975-1984",
                "equip_travaux_date": null,
                "equip_travaux_periode": null,
                "equip_travaux_type": null,
                "equip_energie": "[\"Gaz\"]",
                "equip_nature": "Int\u00e9rieur",
                "equip_sol": "Synth\u00e9tique (hors gazon)",
                "equip_long": 15.0,
                "equip_larg": 12.0,
                "equip_haut": 5.0,
                "equip_surf": 180.0,
                "equip_eclair": "true",
                "equip_piste_nb": null,
                "equip_trib_nb": 0,
                "equip_vest_sport": 4,
                "equip_vest_ens": 1,
                "equip_douche": "true",
                "equip_sanit": "true",
                "equip_loc_type": "[\"R\u00e9ception \/ Accueil\"]",
                "equip_conf_type": null,
                "equip_acces_handi_mobilite": "Aire de jeu",
                "equip_acces_handi_sensoriel": null,
                "equip_pdesi_pdipr": null,
                "equip_bassin_long": null,
                "equip_bassin_larg": null,
                "equip_bassin_surf": null,
                "equip_bassin_min": null,
                "equip_bassin_max": null,
                "equip_piste_long": null,
                "equip_sae_haut": null,
                "equip_sae_surf": null,
                "equip_sae_couloir": null,
                "equip_pasdetir": null,
                "equip_url": null,
                "equip_utilisateur": "[\"Clubs sportifs,comit\u00e9s,ligues,f\u00e9d\u00e9rations,Scolaires,universit\u00e9s\"]",
                "equip_acc_libre": "false",
                "equip_saison": "false",
                "equip_obs": null,
                "equip_type_famille": "Salle de combat",
                "equip_type_code": "1801",
                "equip_rnb": "EE189DWRTPQW",
                "inst_acc_handi_bool": "true",
                "inst_trans_bool": "true",
                "inst_part_bool": "true",
                "equip_loc_bool": "true",
                "equip_pmr_vest": "false",
                "equip_pmr_acc": "false",
                "equip_pmr_aire": "true",
                "equip_pmr_chem": "false",
                "equip_pmr_douche": "false",
                "equip_pmr_sanit": "false",
                "equip_pmr_trib": "false",
                "equip_pshs_aire": "false",
                "equip_pshs_chem": "false",
                "equip_pshs_sanit": "false",
                "equip_pshs_sign": "false",
                "equip_pshs_trib": "false",
                "equip_pshs_vest": "false",
                "equip_x": "2.6043",
                "equip_y": "48.9355",
                "inst_part_type": "[\"Complexe sportif\"]",
                "aps_name": [
                    "Judo \/ Jujitsu \/ Ta\u00efso"
                ],
                "equip_qpv": null,
                "equip_qpv_200m": null,
                "categorie": null,
                "gen_2024fin_labellisation": null
            }
        },
        {
            "type": "Feature",
            "geometry": {
                "type": "Point",
                "coordinates": [
                    2.78709,
                    48.8982
                ]
            },
            "properties": {
                "equip_numero": "E001I771320003",
                "inst_numero": "I771320003",
                "inst_enqu_date": "2025-03-31",
                "inst_nom": "PARC DES SPORTS (GYMNASE DAVID DOUILLET)",
                "inst_siret": null,
                "inst_adresse": "73 RUE DE LESCHES",
                "inst_cp": "77700",
                "new_name": "Coupvray",
                "new_code": "77132",
                "inst_part_type_filter": null,
                "inst_uai": null,
                "inst_acc_handi_type": "[\"Handicap moteur\"]",
                "inst_trans_type": null,
                "inst_obs": null,
                "inst_date_etat": "2024-04-25",
                "inst_date_creation": "2005-09-22",
                "inst_hs_bool": null,
                "epci_code": "247700339",
                "dep_code": "77",
                "dep_nom": "Seine-et-Marne",
                "reg_code": "11",
                "reg_nom": "\u00cele-de-France",
                "epci_nom": "CA Val d'Europe Agglom\u00e9ration",
                "code_bdv": "77171",
                "lib_bdv": "Esbly",
                "arr_code": "775",
                "arr_name": "Torcy",
                "dens_niveau": 2,
                "dens_lib": "Centres urbains interm\u00e9diaires",
                "dep_code_filled": "77",
                "aca_nom": "Acad\u00e9mie de Cr\u00e9teil",
                "zrr_simp": "NC - Commune non class\u00e9e",
                "equip_nom": "DOJO",
                "equip_type_name": "Dojo \/ Salle d'arts martiaux",
                "equip_prop_nom": null,
                "equip_prop_type": "Commune",
                "equip_propsec_type": null,
                "equip_gest_type": "Commune",
                "equip_cogest_type": null,
                "equip_dsp": "false",
                "equip_ouv_public_bool": "true",
                "equip_erp_type": "[\"X\"]",
                "equip_erp_cat": 5,
                "equip_homo_date": null,
                "equip_homo_periode": null,
                "equip_service_date": "1995",
                "equip_service_periode": "1995-2004",
                "equip_travaux_date": null,
                "equip_travaux_periode": null,
                "equip_travaux_type": null,
                "equip_energie": "[\"Gaz\"]",
                "equip_nature": "Int\u00e9rieur",
                "equip_sol": "Synth\u00e9tique (hors gazon)",
                "equip_long": 17.0,
                "equip_larg": 16.0,
                "equip_haut": 2.0,
                "equip_surf": 272.0,
                "equip_eclair": "true",
                "equip_piste_nb": null,
                "equip_trib_nb": 0,
                "equip_vest_sport": 2,
                "equip_vest_ens": 0,
                "equip_douche": "true",
                "equip_sanit": "true",
                "equip_loc_type": null,
                "equip_conf_type": null,
                "equip_acces_handi_mobilite": null,
                "equip_acces_handi_sensoriel": null,
                "equip_pdesi_pdipr": null,
                "equip_bassin_long": null,
                "equip_bassin_larg": null,
                "equip_bassin_surf": null,
                "equip_bassin_min": null,
                "equip_bassin_max": null,
                "equip_piste_long": null,
                "equip_sae_haut": null,
                "equip_sae_surf": null,
                "equip_sae_couloir": null,
                "equip_pasdetir": null,
                "equip_url": "www.coupvray.fr",
                "equip_utilisateur": "[\"Clubs sportifs,comit\u00e9s,ligues,f\u00e9d\u00e9rations,Scolaires,universit\u00e9s\"]",
                "equip_acc_libre": "false",
                "equip_saison": "false",
                "equip_obs": null,
                "equip_type_famille": "Salle de combat",
                "equip_type_code": "1801",
                "equip_rnb": "ZEYBWMCEJSRF",
                "inst_acc_handi_bool": "true",
                "inst_trans_bool": "false",
                "inst_part_bool": "false",
                "equip_loc_bool": "false",
                "equip_pmr_vest": "false",
                "equip_pmr_acc": "false",
                "equip_pmr_aire": "false",
                "equip_pmr_chem": "false",
                "equip_pmr_douche": "false",
                "equip_pmr_sanit": "false",
                "equip_pmr_trib": "false",
                "equip_pshs_aire": "false",
                "equip_pshs_chem": "false",
                "equip_pshs_sanit": "false",
                "equip_pshs_sign": "false",
                "equip_pshs_trib": "false",
                "equip_pshs_vest": "false",
                "equip_x": "2.78709",
                "equip_y": "48.8982",
                "inst_part_type": null,
                "aps_name": [
                    "Activit\u00e9s de forme et de sant\u00e9",
                    "Judo \/ Jujitsu \/ Ta\u00efso",
                    "Karat\u00e9\/Karat\u00e9 jutsu\/Goshin jutsu\/Kobudo\/Nihon Tai-jutsu\/Taijitsu\/Nambudo\/Ninjutsu\/Nunchaku\/..."
                ],
                "equip_qpv": null,
                "equip_qpv_200m": null,
                "categorie": null,
                "gen_2024fin_labellisation": null
            }
        },
        {
            "type": "Feature",
            "geometry": {
                "type": "Point",
                "coordinates": [
                    2.961142,
                    48.648027
                ]
            },
            "properties": {
                "equip_numero": "E001I771350003",
                "inst_numero": "I771350003",
                "inst_enqu_date": "2025-03-31",
                "inst_nom": "DOJO",
                "inst_siret": null,
                "inst_adresse": "RUE DE CHANGEARD",
                "inst_cp": "77540",
                "new_name": "Courpalay",
                "new_code": "77135",
                "inst_part_type_filter": null,
                "inst_uai": null,
                "inst_acc_handi_type": "[\"Handicap moteur\"]",
                "inst_trans_type": null,
                "inst_obs": null,
                "inst_date_etat": "2024-04-25",
                "inst_date_creation": "2014-09-16",
                "inst_hs_bool": null,
                "epci_code": "200072874",
                "dep_code": "77",
                "dep_nom": "Seine-et-Marne",
                "reg_code": "11",
                "reg_nom": "\u00cele-de-France",
                "epci_nom": "CC Val Briard",
                "code_bdv": "77393",
                "lib_bdv": "Rozay-en-Brie",
                "arr_code": "773",
                "arr_name": "Provins",
                "dens_niveau": 5,
                "dens_lib": "Bourgs ruraux",
                "dep_code_filled": "77",
                "aca_nom": "Acad\u00e9mie de Cr\u00e9teil",
                "zrr_simp": "NC - Commune non class\u00e9e",
                "equip_nom": "DOJO",
                "equip_type_name": "Dojo \/ Salle d'arts martiaux",
                "equip_prop_nom": "MAIRIE COURPALAY",
                "equip_prop_type": "Commune",
                "equip_propsec_type": null,
                "equip_gest_type": "Commune",
                "equip_cogest_type": null,
                "equip_dsp": "false",
                "equip_ouv_public_bool": "true",
                "equip_erp_type": "[\"X\"]",
                "equip_erp_cat": 5,
                "equip_homo_date": null,
                "equip_homo_periode": null,
                "equip_service_date": "1995",
                "equip_service_periode": "1995-2004",
                "equip_travaux_date": "2013",
                "equip_travaux_periode": "A partir de 2005",
                "equip_travaux_type": "[\"Inadaptation aux attentes des usagers\", \"V\u00e9tust\u00e9 normale\", \"remise \u00e0 niveau\"]",
                "equip_energie": "[\"Gaz\"]",
                "equip_nature": "Int\u00e9rieur",
                "equip_sol": "Synth\u00e9tique (hors gazon)",
                "equip_long": 14.0,
                "equip_larg": 9.0,
                "equip_haut": 3.0,
                "equip_surf": 126.0,
                "equip_eclair": "true",
                "equip_piste_nb": null,
                "equip_trib_nb": 0,
                "equip_vest_sport": 2,
                "equip_vest_ens": 0,
                "equip_douche": "true",
                "equip_sanit": "true",
                "equip_loc_type": "[\"Local de rangement\"]",
                "equip_conf_type": null,
                "equip_acces_handi_mobilite": "Aire de jeu,Cheminements",
                "equip_acces_handi_sensoriel": null,
                "equip_pdesi_pdipr": null,
                "equip_bassin_long": null,
                "equip_bassin_larg": null,
                "equip_bassin_surf": null,
                "equip_bassin_min": null,
                "equip_bassin_max": null,
                "equip_piste_long": null,
                "equip_sae_haut": null,
                "equip_sae_surf": null,
                "equip_sae_couloir": null,
                "equip_pasdetir": null,
                "equip_url": null,
                "equip_utilisateur": "[\"Clubs sportifs,comit\u00e9s,ligues,f\u00e9d\u00e9rations,Scolaires,universit\u00e9s\"]",
                "equip_acc_libre": "false",
                "equip_saison": "false",
                "equip_obs": null,
                "equip_type_famille": "Salle de combat",
                "equip_type_code": "1801",
                "equip_rnb": "8KRDMQBZ8SSD",
                "inst_acc_handi_bool": "true",
                "inst_trans_bool": "false",
                "inst_part_bool": "false",
                "equip_loc_bool": "true",
                "equip_pmr_vest": "false",
                "equip_pmr_acc": "false",
                "equip_pmr_aire": "true",
                "equip_pmr_chem": "true",
                "equip_pmr_douche": "false",
                "equip_pmr_sanit": "false",
                "equip_pmr_trib": "false",
                "equip_pshs_aire": "false",
                "equip_pshs_chem": "false",
                "equip_pshs_sanit": "false",
                "equip_pshs_sign": "false",
                "equip_pshs_trib": "false",
                "equip_pshs_vest": "false",
                "equip_x": "2.961142",
                "equip_y": "48.648027",
                "inst_part_type": null,
                "aps_name": [
                    "Judo \/ Jujitsu \/ Ta\u00efso"
                ],
                "equip_qpv": null,
                "equip_qpv_200m": null,
                "categorie": null,
                "gen_2024fin_labellisation": null
            }
        },
        {
            "type": "Feature",
            "geometry": {
                "type": "Point",
                "coordinates": [
                    2.63321,
                    48.51473
                ]
            },
            "properties": {
                "equip_numero": "E001I771520002",
                "inst_numero": "I771520002",
                "inst_enqu_date": "2025-03-31",
                "inst_nom": "DOJO EMILE COUZINIE",
                "inst_siret": null,
                "inst_adresse": "137 RUE CHARLES DE GAULLE",
                "inst_cp": "77190",
                "new_name": "Dammarie-les-Lys",
                "new_code": "77152",
                "inst_part_type_filter": null,
                "inst_uai": null,
                "inst_acc_handi_type": null,
                "inst_trans_type": "[\"Bus\"]",
                "inst_obs": null,
                "inst_date_etat": "2024-04-25",
                "inst_date_creation": "2005-09-22",
                "inst_hs_bool": null,
                "epci_code": "247700057",
                "dep_code": "77",
                "dep_nom": "Seine-et-Marne",
                "reg_code": "11",
                "reg_nom": "\u00cele-de-France",
                "epci_nom": "CA Melun Val de Seine",
                "code_bdv": "77288",
                "lib_bdv": "Melun",
                "arr_code": "772",
                "arr_name": "Melun",
                "dens_niveau": 1,
                "dens_lib": "Grands centres urbains",
                "dep_code_filled": "77",
                "aca_nom": "Acad\u00e9mie de Cr\u00e9teil",
                "zrr_simp": "NC - Commune non class\u00e9e",
                "equip_nom": "DOJO SALLE EMILE COUZINIE",
                "equip_type_name": "Dojo \/ Salle d'arts martiaux",
                "equip_prop_nom": null,
                "equip_prop_type": "Commune",
                "equip_propsec_type": null,
                "equip_gest_type": "Commune",
                "equip_cogest_type": null,
                "equip_dsp": "false",
                "equip_ouv_public_bool": "true",
                "equip_erp_type": "[\"X\"]",
                "equip_erp_cat": 5,
                "equip_homo_date": null,
                "equip_homo_periode": null,
                "equip_service_date": "1959",
                "equip_service_periode": "1945-1964",
                "equip_travaux_date": null,
                "equip_travaux_periode": null,
                "equip_travaux_type": null,
                "equip_energie": null,
                "equip_nature": "Int\u00e9rieur",
                "equip_sol": "B\u00e9ton",
                "equip_long": 14.0,
                "equip_larg": 13.0,
                "equip_haut": 4.0,
                "equip_surf": 188.0,
                "equip_eclair": "true",
                "equip_piste_nb": null,
                "equip_trib_nb": 0,
                "equip_vest_sport": 0,
                "equip_vest_ens": 0,
                "equip_douche": "true",
                "equip_sanit": "false",
                "equip_loc_type": null,
                "equip_conf_type": null,
                "equip_acces_handi_mobilite": null,
                "equip_acces_handi_sensoriel": null,
                "equip_pdesi_pdipr": null,
                "equip_bassin_long": null,
                "equip_bassin_larg": null,
                "equip_bassin_surf": null,
                "equip_bassin_min": null,
                "equip_bassin_max": null,
                "equip_piste_long": null,
                "equip_sae_haut": null,
                "equip_sae_surf": null,
                "equip_sae_couloir": null,
                "equip_pasdetir": null,
                "equip_url": "www.mairie-dammarie-les-lys.fr",
                "equip_utilisateur": "[\"Clubs sportifs,comit\u00e9s,ligues,f\u00e9d\u00e9rations,Scolaires,universit\u00e9s\"]",
                "equip_acc_libre": "true",
                "equip_saison": "false",
                "equip_obs": null,
                "equip_type_famille": "Salle de combat",
                "equip_type_code": "1801",
                "equip_rnb": "3WCPQX4CTJMT",
                "inst_acc_handi_bool": "false",
                "inst_trans_bool": "true",
                "inst_part_bool": "false",
                "equip_loc_bool": "false",
                "equip_pmr_vest": "false",
                "equip_pmr_acc": "false",
                "equip_pmr_aire": "false",
                "equip_pmr_chem": "false",
                "equip_pmr_douche": "false",
                "equip_pmr_sanit": "false",
                "equip_pmr_trib": "false",
                "equip_pshs_aire": "false",
                "equip_pshs_chem": "false",
                "equip_pshs_sanit": "false",
                "equip_pshs_sign": "false",
                "equip_pshs_trib": "false",
                "equip_pshs_vest": "false",
                "equip_x": "2.63321",
                "equip_y": "48.51473",
                "inst_part_type": null,
                "aps_name": [
                    "Aikido \/ Aikibudo \/ Budo",
                    "Judo \/ Jujitsu \/ Ta\u00efso"
                ],
                "equip_qpv": null,
                "equip_qpv_200m": "QN07708M",
                "categorie": null,
                "gen_2024fin_labellisation": null
            }
        },
        {
            "type": "Feature",
            "geometry": {
                "type": "Point",
                "coordinates": [
                    2.88722,
                    48.95888
                ]
            },
            "properties": {
                "equip_numero": "E001I772840013",
                "inst_numero": "I772840013",
                "inst_enqu_date": "2025-03-31",
                "inst_nom": "GYMNASE GEORGES TALLIS",
                "inst_siret": null,
                "inst_adresse": "11 RUE JEAN JAURES",
                "inst_cp": "77100",
                "new_name": "Meaux",
                "new_code": "77284",
                "inst_part_type_filter": null,
                "inst_uai": null,
                "inst_acc_handi_type": "[\"Handicap moteur\"]",
                "inst_trans_type": "[\"Bus\"]",
                "inst_obs": null,
                "inst_date_etat": "2013-12-16",
                "inst_date_creation": "2005-09-22",
                "inst_hs_bool": null,
                "epci_code": "200072130",
                "dep_code": "77",
                "dep_nom": "Seine-et-Marne",
                "reg_code": "11",
                "reg_nom": "\u00cele-de-France",
                "epci_nom": "CA du Pays de Meaux",
                "code_bdv": "77284",
                "lib_bdv": "Meaux",
                "arr_code": "771",
                "arr_name": "Meaux",
                "dens_niveau": 1,
                "dens_lib": "Grands centres urbains",
                "dep_code_filled": "77",
                "aca_nom": "Acad\u00e9mie de Cr\u00e9teil",
                "zrr_simp": "NC - Commune non class\u00e9e",
                "equip_nom": "GYMNASE",
                "equip_type_name": "Salle multisports (gymnase)",
                "equip_prop_nom": null,
                "equip_prop_type": "Commune",
                "equip_propsec_type": null,
                "equip_gest_type": "Commune",
                "equip_cogest_type": null,
                "equip_dsp": "false",
                "equip_ouv_public_bool": "true",
                "equip_erp_type": "[\"L\", \"X\"]",
                "equip_erp_cat": 5,
                "equip_homo_date": null,
                "equip_homo_periode": null,
                "equip_service_date": "1993",
                "equip_service_periode": "1985-1994",
                "equip_travaux_date": null,
                "equip_travaux_periode": null,
                "equip_travaux_type": null,
                "equip_energie": "[\"Gaz\"]",
                "equip_nature": "Int\u00e9rieur",
                "equip_sol": "Synth\u00e9tique (hors gazon)",
                "equip_long": 40.0,
                "equip_larg": 20.0,
                "equip_haut": 8.0,
                "equip_surf": 800.0,
                "equip_eclair": "true",
                "equip_piste_nb": null,
                "equip_trib_nb": 0,
                "equip_vest_sport": 4,
                "equip_vest_ens": 1,
                "equip_douche": "true",
                "equip_sanit": "true",
                "equip_loc_type": null,
                "equip_conf_type": null,
                "equip_acces_handi_mobilite": "Aire de jeu,Vestiaires",
                "equip_acces_handi_sensoriel": null,
                "equip_pdesi_pdipr": null,
                "equip_bassin_long": null,
                "equip_bassin_larg": null,
                "equip_bassin_surf": null,
                "equip_bassin_min": null,
                "equip_bassin_max": null,
                "equip_piste_long": null,
                "equip_sae_haut": null,
                "equip_sae_surf": null,
                "equip_sae_couloir": null,
                "equip_pasdetir": null,
                "equip_url": null,
                "equip_utilisateur": "[\"Clubs sportifs,comit\u00e9s,ligues,f\u00e9d\u00e9rations,Scolaires,universit\u00e9s\"]",
                "equip_acc_libre": "false",
                "equip_saison": "false",
                "equip_obs": "CHAUFFAGE AIR PULSE",
                "equip_type_famille": "Salle multisports",
                "equip_type_code": "1901",
                "equip_rnb": null,
                "inst_acc_handi_bool": "true",
                "inst_trans_bool": "true",
                "inst_part_bool": "false",
                "equip_loc_bool": "false",
                "equip_pmr_vest": "true",
                "equip_pmr_acc": "false",
                "equip_pmr_aire": "true",
                "equip_pmr_chem": "false",
                "equip_pmr_douche": "false",
                "equip_pmr_sanit": "false",
                "equip_pmr_trib": "false",
                "equip_pshs_aire": "false",
                "equip_pshs_chem": "false",
                "equip_pshs_sanit": "false",
                "equip_pshs_sign": "false",
                "equip_pshs_trib": "false",
                "equip_pshs_vest": "false",
                "equip_x": "2.88722",
                "equip_y": "48.95888",
                "inst_part_type": null,
                "aps_name": [
                    "Basket-Ball",
                    "Handball \/ Mini hand \/ Handball de plage",
                    "Judo \/ Jujitsu \/ Ta\u00efso",
                    "Tennis de table"
                ],
                "equip_qpv": null,
                "equip_qpv_200m": null,
                "categorie": "structurant",
                "gen_2024fin_labellisation": null
            }
        },
        {
            "type": "Feature",
            "geometry": {
                "type": "Point",
                "coordinates": [
                    2.62661,
                    48.54635
                ]
            },
            "properties": {
                "equip_numero": "E001I772850003",
                "inst_numero": "I772850003",
                "inst_enqu_date": "2025-03-31",
                "inst_nom": "DOJO FEDERAL",
                "inst_siret": null,
                "inst_adresse": "450 AVENUE DES REGALS",
                "inst_cp": "77350",
                "new_name": "Le M\u00e9e-sur-Seine",
                "new_code": "77285",
                "inst_part_type_filter": null,
                "inst_uai": null,
                "inst_acc_handi_type": "[\"Handicap moteur\"]",
                "inst_trans_type": "[\"Bus\"]",
                "inst_obs": null,
                "inst_date_etat": "2024-04-25",
                "inst_date_creation": "2005-09-22",
                "inst_hs_bool": null,
                "epci_code": "247700057",
                "dep_code": "77",
                "dep_nom": "Seine-et-Marne",
                "reg_code": "11",
                "reg_nom": "\u00cele-de-France",
                "epci_nom": "CA Melun Val de Seine",
                "code_bdv": "77288",
                "lib_bdv": "Melun",
                "arr_code": "772",
                "arr_name": "Melun",
                "dens_niveau": 1,
                "dens_lib": "Grands centres urbains",
                "dep_code_filled": "77",
                "aca_nom": "Acad\u00e9mie de Cr\u00e9teil",
                "zrr_simp": "NC - Commune non class\u00e9e",
                "equip_nom": "SALLE DE JUDO",
                "equip_type_name": "Dojo \/ Salle d'arts martiaux",
                "equip_prop_nom": null,
                "equip_prop_type": "Commune",
                "equip_propsec_type": null,
                "equip_gest_type": "Commune",
                "equip_cogest_type": null,
                "equip_dsp": "false",
                "equip_ouv_public_bool": "true",
                "equip_erp_type": "[\"X\"]",
                "equip_erp_cat": 3,
                "equip_homo_date": null,
                "equip_homo_periode": null,
                "equip_service_date": "1986",
                "equip_service_periode": "1985-1994",
                "equip_travaux_date": null,
                "equip_travaux_periode": null,
                "equip_travaux_type": null,
                "equip_energie": "[\"Autre\"]",
                "equip_nature": "Int\u00e9rieur",
                "equip_sol": "Parquet",
                "equip_long": 42.0,
                "equip_larg": 19.0,
                "equip_haut": 4.0,
                "equip_surf": 798.0,
                "equip_eclair": "true",
                "equip_piste_nb": null,
                "equip_trib_nb": 337,
                "equip_vest_sport": 2,
                "equip_vest_ens": 1,
                "equip_douche": "true",
                "equip_sanit": "true",
                "equip_loc_type": "[\"Bureau(x) Club(s)\"]",
                "equip_conf_type": null,
                "equip_acces_handi_mobilite": "Aire de jeu,Cheminements,Douches,Sanitaires,Vestiaires",
                "equip_acces_handi_sensoriel": "Sanitaires",
                "equip_pdesi_pdipr": null,
                "equip_bassin_long": null,
                "equip_bassin_larg": null,
                "equip_bassin_surf": null,
                "equip_bassin_min": null,
                "equip_bassin_max": null,
                "equip_piste_long": null,
                "equip_sae_haut": null,
                "equip_sae_surf": null,
                "equip_sae_couloir": null,
                "equip_pasdetir": null,
                "equip_url": "http:\/\/www.le-mee-sur-seine.fr",
                "equip_utilisateur": "[\"Clubs sportifs,comit\u00e9s,ligues,f\u00e9d\u00e9rations,Scolaires,universit\u00e9s\"]",
                "equip_acc_libre": "false",
                "equip_saison": "false",
                "equip_obs": null,
                "equip_type_famille": "Salle de combat",
                "equip_type_code": "1801",
                "equip_rnb": "FY4BG2GHBBRY",
                "inst_acc_handi_bool": "true",
                "inst_trans_bool": "true",
                "inst_part_bool": "false",
                "equip_loc_bool": "true",
                "equip_pmr_vest": "true",
                "equip_pmr_acc": "false",
                "equip_pmr_aire": "true",
                "equip_pmr_chem": "true",
                "equip_pmr_douche": "true",
                "equip_pmr_sanit": "true",
                "equip_pmr_trib": "false",
                "equip_pshs_aire": "false",
                "equip_pshs_chem": "false",
                "equip_pshs_sanit": "true",
                "equip_pshs_sign": "false",
                "equip_pshs_trib": "false",
                "equip_pshs_vest": "false",
                "equip_x": "2.62661",
                "equip_y": "48.54635",
                "inst_part_type": null,
                "aps_name": [
                    "Gymnastique Artistique",
                    "Judo \/ Jujitsu \/ Ta\u00efso",
                    "Karat\u00e9\/Karat\u00e9 jutsu\/Goshin jutsu\/Kobudo\/Nihon Tai-jutsu\/Taijitsu\/Nambudo\/Ninjutsu\/Nunchaku\/...",
                    "Musculation"
                ],
                "equip_qpv": null,
                "equip_qpv_200m": "QN07709M",
                "categorie": null,
                "gen_2024fin_labellisation": null
            }
        },
        {
            "type": "Feature",
            "geometry": {
                "type": "Point",
                "coordinates": [
                    2.95284,
                    48.3876
                ]
            },
            "properties": {
                "equip_numero": "E001I773050004",
                "inst_numero": "I773050004",
                "inst_enqu_date": "2025-03-31",
                "inst_nom": "COMPLEXE SPORTIF JAKY BOICHE",
                "inst_siret": null,
                "inst_adresse": "RUE PIERRE",
                "inst_cp": "77130",
                "new_name": "Montereau-Fault-Yonne",
                "new_code": "77305",
                "inst_part_type_filter": null,
                "inst_uai": null,
                "inst_acc_handi_type": "[\"Handicap moteur\"]",
                "inst_trans_type": "[\"Bus\"]",
                "inst_obs": null,
                "inst_date_etat": "2024-04-24",
                "inst_date_creation": "2005-09-22",
                "inst_hs_bool": null,
                "epci_code": "247700107",
                "dep_code": "77",
                "dep_nom": "Seine-et-Marne",
                "reg_code": "11",
                "reg_nom": "\u00cele-de-France",
                "epci_nom": "CC Pays de Montereau",
                "code_bdv": "77305",
                "lib_bdv": "Montereau-Fault-Yonne",
                "arr_code": "773",
                "arr_name": "Provins",
                "dens_niveau": 2,
                "dens_lib": "Centres urbains interm\u00e9diaires",
                "dep_code_filled": "77",
                "aca_nom": "Acad\u00e9mie de Cr\u00e9teil",
                "zrr_simp": "NC - Commune non class\u00e9e",
                "equip_nom": "DOJO",
                "equip_type_name": "Dojo \/ Salle d'arts martiaux",
                "equip_prop_nom": null,
                "equip_prop_type": "Commune",
                "equip_propsec_type": null,
                "equip_gest_type": "Commune",
                "equip_cogest_type": null,
                "equip_dsp": "false",
                "equip_ouv_public_bool": "true",
                "equip_erp_type": "[\"X\"]",
                "equip_erp_cat": 5,
                "equip_homo_date": null,
                "equip_homo_periode": null,
                "equip_service_date": "2004",
                "equip_service_periode": "1995-2004",
                "equip_travaux_date": null,
                "equip_travaux_periode": null,
                "equip_travaux_type": null,
                "equip_energie": "[\"Gaz\"]",
                "equip_nature": "Int\u00e9rieur",
                "equip_sol": "Synth\u00e9tique (hors gazon)",
                "equip_long": 14.0,
                "equip_larg": 10.0,
                "equip_haut": 7.0,
                "equip_surf": 140.0,
                "equip_eclair": "true",
                "equip_piste_nb": null,
                "equip_trib_nb": 0,
                "equip_vest_sport": 2,
                "equip_vest_ens": 0,
                "equip_douche": "true",
                "equip_sanit": "true",
                "equip_loc_type": "[\"R\u00e9ception \/ Accueil\"]",
                "equip_conf_type": null,
                "equip_acces_handi_mobilite": "Accueil,Aire de jeu,Cheminements",
                "equip_acces_handi_sensoriel": null,
                "equip_pdesi_pdipr": null,
                "equip_bassin_long": null,
                "equip_bassin_larg": null,
                "equip_bassin_surf": null,
                "equip_bassin_min": null,
                "equip_bassin_max": null,
                "equip_piste_long": null,
                "equip_sae_haut": null,
                "equip_sae_surf": null,
                "equip_sae_couloir": null,
                "equip_pasdetir": null,
                "equip_url": "http:\/\/www.ville-montereau77.fr",
                "equip_utilisateur": "[\"Clubs sportifs,comit\u00e9s,ligues,f\u00e9d\u00e9rations,Scolaires,universit\u00e9s\"]",
                "equip_acc_libre": "false",
                "equip_saison": "false",
                "equip_obs": null,
                "equip_type_famille": "Salle de combat",
                "equip_type_code": "1801",
                "equip_rnb": "Q46ZSSSYFFSJ",
                "inst_acc_handi_bool": "true",
                "inst_trans_bool": "true",
                "inst_part_bool": "false",
                "equip_loc_bool": "true",
                "equip_pmr_vest": "false",
                "equip_pmr_acc": "true",
                "equip_pmr_aire": "true",
                "equip_pmr_chem": "true",
                "equip_pmr_douche": "false",
                "equip_pmr_sanit": "false",
                "equip_pmr_trib": "false",
                "equip_pshs_aire": "false",
                "equip_pshs_chem": "false",
                "equip_pshs_sanit": "false",
                "equip_pshs_sign": "false",
                "equip_pshs_trib": "false",
                "equip_pshs_vest": "false",
                "equip_x": "2.95284",
                "equip_y": "48.3876",
                "inst_part_type": null,
                "aps_name": [
                    "Judo \/ Jujitsu \/ Ta\u00efso"
                ],
                "equip_qpv": null,
                "equip_qpv_200m": null,
                "categorie": null,
                "gen_2024fin_labellisation": null
            }
        },
        {
            "type": "Feature",
            "geometry": {
                "type": "Point",
                "coordinates": [
                    2.8154,
                    48.3677
                ]
            },
            "properties": {
                "equip_numero": "E001I773160003",
                "inst_numero": "I773160003",
                "inst_enqu_date": "2025-03-31",
                "inst_nom": "DOJO",
                "inst_siret": null,
                "inst_adresse": "RUE DES GROS",
                "inst_cp": "77250",
                "new_name": "Moret-Loing-et-Orvanne",
                "new_code": "77316",
                "inst_part_type_filter": null,
                "inst_uai": null,
                "inst_acc_handi_type": "[\"Handicap moteur\"]",
                "inst_trans_type": null,
                "inst_obs": null,
                "inst_date_etat": "2011-04-26",
                "inst_date_creation": "2005-09-22",
                "inst_hs_bool": null,
                "epci_code": "247700032",
                "dep_code": "77",
                "dep_nom": "Seine-et-Marne",
                "reg_code": "11",
                "reg_nom": "\u00cele-de-France",
                "epci_nom": "CC Moret Seine et Loing",
                "code_bdv": "77316",
                "lib_bdv": "Moret-Loing-et-Orvanne",
                "arr_code": "774",
                "arr_name": "Fontainebleau",
                "dens_niveau": 2,
                "dens_lib": "Centres urbains interm\u00e9diaires",
                "dep_code_filled": "77",
                "aca_nom": "Acad\u00e9mie de Cr\u00e9teil",
                "zrr_simp": "NC - Commune non class\u00e9e",
                "equip_nom": "SALLE DE JUDO",
                "equip_type_name": "Dojo \/ Salle d'arts martiaux",
                "equip_prop_nom": null,
                "equip_prop_type": "Commune",
                "equip_propsec_type": null,
                "equip_gest_type": "Commune",
                "equip_cogest_type": null,
                "equip_dsp": "false",
                "equip_ouv_public_bool": "true",
                "equip_erp_type": "[\"X\"]",
                "equip_erp_cat": 5,
                "equip_homo_date": null,
                "equip_homo_periode": null,
                "equip_service_date": "1978",
                "equip_service_periode": "1975-1984",
                "equip_travaux_date": null,
                "equip_travaux_periode": null,
                "equip_travaux_type": null,
                "equip_energie": "[\"Gaz\"]",
                "equip_nature": "Int\u00e9rieur",
                "equip_sol": "Parquet",
                "equip_long": 15.0,
                "equip_larg": 9.0,
                "equip_haut": 3.0,
                "equip_surf": 135.0,
                "equip_eclair": "true",
                "equip_piste_nb": null,
                "equip_trib_nb": 0,
                "equip_vest_sport": 2,
                "equip_vest_ens": 0,
                "equip_douche": "true",
                "equip_sanit": "true",
                "equip_loc_type": null,
                "equip_conf_type": null,
                "equip_acces_handi_mobilite": null,
                "equip_acces_handi_sensoriel": null,
                "equip_pdesi_pdipr": null,
                "equip_bassin_long": null,
                "equip_bassin_larg": null,
                "equip_bassin_surf": null,
                "equip_bassin_min": null,
                "equip_bassin_max": null,
                "equip_piste_long": null,
                "equip_sae_haut": null,
                "equip_sae_surf": null,
                "equip_sae_couloir": null,
                "equip_pasdetir": null,
                "equip_url": "http:\/\/www.ville-moret-sur-loing.fr\/rubrique.php?id=145",
                "equip_utilisateur": "[\"Clubs sportifs,comit\u00e9s,ligues,f\u00e9d\u00e9rations\"]",
                "equip_acc_libre": "false",
                "equip_saison": "false",
                "equip_obs": null,
                "equip_type_famille": "Salle de combat",
                "equip_type_code": "1801",
                "equip_rnb": "2XSCVZYXETR7",
                "inst_acc_handi_bool": "true",
                "inst_trans_bool": "false",
                "inst_part_bool": "false",
                "equip_loc_bool": "false",
                "equip_pmr_vest": "false",
                "equip_pmr_acc": "false",
                "equip_pmr_aire": "false",
                "equip_pmr_chem": "false",
                "equip_pmr_douche": "false",
                "equip_pmr_sanit": "false",
                "equip_pmr_trib": "false",
                "equip_pshs_aire": "false",
                "equip_pshs_chem": "false",
                "equip_pshs_sanit": "false",
                "equip_pshs_sign": "false",
                "equip_pshs_trib": "false",
                "equip_pshs_vest": "false",
                "equip_x": "2.8154",
                "equip_y": "48.3677",
                "inst_part_type": null,
                "aps_name": [
                    "Judo \/ Jujitsu \/ Ta\u00efso"
                ],
                "equip_qpv": null,
                "equip_qpv_200m": null,
                "categorie": null,
                "gen_2024fin_labellisation": null
            }
        },
        {
            "type": "Feature",
            "geometry": {
                "type": "Point",
                "coordinates": [
                    2.919,
                    48.85857
                ]
            },
            "properties": {
                "equip_numero": "E003I771420003",
                "inst_numero": "I771420003",
                "inst_enqu_date": "2025-03-31",
                "inst_nom": "PISCINE INTERCOMMUNALE DU PAYS CRECOIS",
                "inst_siret": null,
                "inst_adresse": "ROUTE NATIONALE 34",
                "inst_cp": "77580",
                "new_name": "Cr\u00e9cy-la-Chapelle",
                "new_code": "77142",
                "inst_part_type_filter": [
                    "Piscine"
                ],
                "inst_uai": null,
                "inst_acc_handi_type": "[\"Handicap moteur\"]",
                "inst_trans_type": null,
                "inst_obs": null,
                "inst_date_etat": "2024-04-25",
                "inst_date_creation": "2005-09-22",
                "inst_hs_bool": null,
                "epci_code": "200090504",
                "dep_code": "77",
                "dep_nom": "Seine-et-Marne",
                "reg_code": "11",
                "reg_nom": "\u00cele-de-France",
                "epci_nom": "CA Coulommiers Pays de Brie",
                "code_bdv": "77142",
                "lib_bdv": "Cr\u00e9cy-la-Chapelle",
                "arr_code": "771",
                "arr_name": "Meaux",
                "dens_niveau": 4,
                "dens_lib": "Ceintures urbaines",
                "dep_code_filled": "77",
                "aca_nom": "Acad\u00e9mie de Cr\u00e9teil",
                "zrr_simp": "NC - Commune non class\u00e9e",
                "equip_nom": "SALLE DE JUDO",
                "equip_type_name": "Dojo \/ Salle d'arts martiaux",
                "equip_prop_nom": null,
                "equip_prop_type": "EPCI",
                "equip_propsec_type": null,
                "equip_gest_type": "EPCI",
                "equip_cogest_type": null,
                "equip_dsp": "false",
                "equip_ouv_public_bool": "true",
                "equip_erp_type": "[\"L\"]",
                "equip_erp_cat": 5,
                "equip_homo_date": null,
                "equip_homo_periode": null,
                "equip_service_date": "1988",
                "equip_service_periode": "1985-1994",
                "equip_travaux_date": "2013",
                "equip_travaux_periode": "A partir de 2005",
                "equip_travaux_type": "[\"Mise en conformit\u00e9 avec les r\u00e8glements (s\u00e9curit\u00e9\", \"incendie\", \"hygi\u00e8ne ...)\", \"Mise en conformit\u00e9 avec les normes AFNOR ou r\u00e8gles f\u00e9d\u00e9rales\", \"Inadaptation aux attentes des usagers\", \"V\u00e9tust\u00e9 normale\", \"remise \u00e0 niveau\"]",
                "equip_energie": "[\"Gaz\"]",
                "equip_nature": "Int\u00e9rieur",
                "equip_sol": "Parquet",
                "equip_long": 12.0,
                "equip_larg": 10.0,
                "equip_haut": 3.0,
                "equip_surf": 120.0,
                "equip_eclair": "true",
                "equip_piste_nb": null,
                "equip_trib_nb": 0,
                "equip_vest_sport": 2,
                "equip_vest_ens": 0,
                "equip_douche": "true",
                "equip_sanit": "true",
                "equip_loc_type": "[\"Local de rangement\"]",
                "equip_conf_type": null,
                "equip_acces_handi_mobilite": null,
                "equip_acces_handi_sensoriel": null,
                "equip_pdesi_pdipr": null,
                "equip_bassin_long": null,
                "equip_bassin_larg": null,
                "equip_bassin_surf": null,
                "equip_bassin_min": null,
                "equip_bassin_max": null,
                "equip_piste_long": null,
                "equip_sae_haut": null,
                "equip_sae_surf": null,
                "equip_sae_couloir": null,
                "equip_pasdetir": null,
                "equip_url": "www.crecylachapelle.eu",
                "equip_utilisateur": "[\"Clubs sportifs,comit\u00e9s,ligues,f\u00e9d\u00e9rations\"]",
                "equip_acc_libre": "false",
                "equip_saison": "false",
                "equip_obs": null,
                "equip_type_famille": "Salle de combat",
                "equip_type_code": "1801",
                "equip_rnb": "X3G5WDY9FSE5",
                "inst_acc_handi_bool": "true",
                "inst_trans_bool": "false",
                "inst_part_bool": "true",
                "equip_loc_bool": "true",
                "equip_pmr_vest": "false",
                "equip_pmr_acc": "false",
                "equip_pmr_aire": "false",
                "equip_pmr_chem": "false",
                "equip_pmr_douche": "false",
                "equip_pmr_sanit": "false",
                "equip_pmr_trib": "false",
                "equip_pshs_aire": "false",
                "equip_pshs_chem": "false",
                "equip_pshs_sanit": "false",
                "equip_pshs_sign": "false",
                "equip_pshs_trib": "false",
                "equip_pshs_vest": "false",
                "equip_x": "2.919",
                "equip_y": "48.85857",
                "inst_part_type": "[\"Piscine\"]",
                "aps_name": [
                    "Judo \/ Jujitsu \/ Ta\u00efso"
                ],
                "equip_qpv": null,
                "equip_qpv_200m": null,
                "categorie": null,
                "gen_2024fin_labellisation": null
            }
        },
        {
            "type": "Feature",
            "geometry": {
                "type": "Point",
                "coordinates": [
                    2.62273,
                    48.8079
                ]
            },
            "properties": {
                "equip_numero": "E003I771690001",
                "inst_numero": "I771690001",
                "inst_enqu_date": "2025-03-31",
                "inst_nom": "GYMNASE JACQUES ANQUETIL",
                "inst_siret": null,
                "inst_adresse": "34 ALLEE DES MILLE ET UNE NUITS",
                "inst_cp": "77184",
                "new_name": "\u00c9merainville",
                "new_code": "77169",
                "inst_part_type_filter": null,
                "inst_uai": null,
                "inst_acc_handi_type": "[\"Handicap moteur\"]",
                "inst_trans_type": "[\"Bus\", \"Train\"]",
                "inst_obs": null,
                "inst_date_etat": "2016-01-25",
                "inst_date_creation": "2005-09-22",
                "inst_hs_bool": null,
                "epci_code": "200057958",
                "dep_code": "77",
                "dep_nom": "Seine-et-Marne",
                "reg_code": "11",
                "reg_nom": "\u00cele-de-France",
                "epci_nom": "CA Paris - Vall\u00e9e de la Marne",
                "code_bdv": "75056",
                "lib_bdv": "Paris",
                "arr_code": "775",
                "arr_name": "Torcy",
                "dens_niveau": 1,
                "dens_lib": "Grands centres urbains",
                "dep_code_filled": "77",
                "aca_nom": "Acad\u00e9mie de Cr\u00e9teil",
                "zrr_simp": "NC - Commune non class\u00e9e",
                "equip_nom": "SALLE D'ARTS MARTIAUX",
                "equip_type_name": "Dojo \/ Salle d'arts martiaux",
                "equip_prop_nom": null,
                "equip_prop_type": "Commune",
                "equip_propsec_type": null,
                "equip_gest_type": "Commune",
                "equip_cogest_type": null,
                "equip_dsp": "false",
                "equip_ouv_public_bool": "true",
                "equip_erp_type": "[\"X\"]",
                "equip_erp_cat": 5,
                "equip_homo_date": "1983-01-01",
                "equip_homo_periode": "1975-1984",
                "equip_service_date": "1983",
                "equip_service_periode": "1975-1984",
                "equip_travaux_date": "2011",
                "equip_travaux_periode": "A partir de 2005",
                "equip_travaux_type": "[\"Mise en conformit\u00e9 avec les normes AFNOR ou r\u00e8gles f\u00e9d\u00e9rales\", \"V\u00e9tust\u00e9 normale\", \"remise \u00e0 niveau\"]",
                "equip_energie": "[\"Gaz\"]",
                "equip_nature": "Int\u00e9rieur",
                "equip_sol": "Synth\u00e9tique (hors gazon)",
                "equip_long": 15.0,
                "equip_larg": 13.0,
                "equip_haut": 6.0,
                "equip_surf": 195.0,
                "equip_eclair": "true",
                "equip_piste_nb": null,
                "equip_trib_nb": 0,
                "equip_vest_sport": 2,
                "equip_vest_ens": 2,
                "equip_douche": "true",
                "equip_sanit": "true",
                "equip_loc_type": "[\"Infirmerie\", \"Local de rangement\"]",
                "equip_conf_type": null,
                "equip_acces_handi_mobilite": "Aire de jeu",
                "equip_acces_handi_sensoriel": null,
                "equip_pdesi_pdipr": null,
                "equip_bassin_long": null,
                "equip_bassin_larg": null,
                "equip_bassin_surf": null,
                "equip_bassin_min": null,
                "equip_bassin_max": null,
                "equip_piste_long": null,
                "equip_sae_haut": null,
                "equip_sae_surf": null,
                "equip_sae_couloir": null,
                "equip_pasdetir": null,
                "equip_url": "www.mairie-emerainville.fr",
                "equip_utilisateur": "[\"Clubs sportifs,comit\u00e9s,ligues,f\u00e9d\u00e9rations,Scolaires,universit\u00e9s\"]",
                "equip_acc_libre": "false",
                "equip_saison": "false",
                "equip_obs": "Cette salle ne sert plus \u00e0 la pratique du judo. Elle sert aux scolaires et pour les diff\u00e9rents \u00e9chauffements.\r\nSol : tatami",
                "equip_type_famille": "Salle de combat",
                "equip_type_code": "1801",
                "equip_rnb": "1PKS5XG58SQ6",
                "inst_acc_handi_bool": "true",
                "inst_trans_bool": "true",
                "inst_part_bool": "false",
                "equip_loc_bool": "true",
                "equip_pmr_vest": "false",
                "equip_pmr_acc": "false",
                "equip_pmr_aire": "true",
                "equip_pmr_chem": "false",
                "equip_pmr_douche": "false",
                "equip_pmr_sanit": "false",
                "equip_pmr_trib": "false",
                "equip_pshs_aire": "false",
                "equip_pshs_chem": "false",
                "equip_pshs_sanit": "false",
                "equip_pshs_sign": "false",
                "equip_pshs_trib": "false",
                "equip_pshs_vest": "false",
                "equip_x": "2.62273",
                "equip_y": "48.8079",
                "inst_part_type": null,
                "aps_name": [
                    "Judo \/ Jujitsu \/ Ta\u00efso",
                    "Karat\u00e9\/Karat\u00e9 jutsu\/Goshin jutsu\/Kobudo\/Nihon Tai-jutsu\/Taijitsu\/Nambudo\/Ninjutsu\/Nunchaku\/..."
                ],
                "equip_qpv": null,
                "equip_qpv_200m": null,
                "categorie": null,
                "gen_2024fin_labellisation": null
            }
        },
        {
            "type": "Feature",
            "geometry": {
                "type": "Point",
                "coordinates": [
                    2.758768,
                    48.859685
                ]
            },
            "properties": {
                "equip_numero": "E003I773070003",
                "inst_numero": "I773070003",
                "inst_enqu_date": "2025-03-31",
                "inst_nom": "COMPLEXE MONTEVRAIN SPORTS ACADEMIE",
                "inst_siret": null,
                "inst_adresse": "RUE DE ROME",
                "inst_cp": "77144",
                "new_name": "Mont\u00e9vrain",
                "new_code": "77307",
                "inst_part_type_filter": [
                    "Complexe sportif"
                ],
                "inst_uai": null,
                "inst_acc_handi_type": "[\"Handicap moteur\"]",
                "inst_trans_type": null,
                "inst_obs": "A ACTUALISER - DECLARATION FF BADMINTON - MUR MAJ",
                "inst_date_etat": "2019-06-26",
                "inst_date_creation": "2017-09-24",
                "inst_hs_bool": null,
                "epci_code": "247700594",
                "dep_code": "77",
                "dep_nom": "Seine-et-Marne",
                "reg_code": "11",
                "reg_nom": "\u00cele-de-France",
                "epci_nom": "CA Marne et Gondoire",
                "code_bdv": "75056",
                "lib_bdv": "Paris",
                "arr_code": "775",
                "arr_name": "Torcy",
                "dens_niveau": 1,
                "dens_lib": "Grands centres urbains",
                "dep_code_filled": "77",
                "aca_nom": "Acad\u00e9mie de Cr\u00e9teil",
                "zrr_simp": "NC - Commune non class\u00e9e",
                "equip_nom": "DOJO",
                "equip_type_name": "Dojo \/ Salle d'arts martiaux",
                "equip_prop_nom": null,
                "equip_prop_type": "Commune",
                "equip_propsec_type": null,
                "equip_gest_type": "Commune",
                "equip_cogest_type": null,
                "equip_dsp": "false",
                "equip_ouv_public_bool": "true",
                "equip_erp_type": null,
                "equip_erp_cat": null,
                "equip_homo_date": null,
                "equip_homo_periode": null,
                "equip_service_date": "2016",
                "equip_service_periode": "A partir de 2005",
                "equip_travaux_date": null,
                "equip_travaux_periode": null,
                "equip_travaux_type": null,
                "equip_energie": null,
                "equip_nature": "Int\u00e9rieur",
                "equip_sol": null,
                "equip_long": null,
                "equip_larg": null,
                "equip_haut": null,
                "equip_surf": null,
                "equip_eclair": null,
                "equip_piste_nb": null,
                "equip_trib_nb": null,
                "equip_vest_sport": null,
                "equip_vest_ens": null,
                "equip_douche": null,
                "equip_sanit": null,
                "equip_loc_type": null,
                "equip_conf_type": null,
                "equip_acces_handi_mobilite": null,
                "equip_acces_handi_sensoriel": null,
                "equip_pdesi_pdipr": null,
                "equip_bassin_long": null,
                "equip_bassin_larg": null,
                "equip_bassin_surf": null,
                "equip_bassin_min": null,
                "equip_bassin_max": null,
                "equip_piste_long": null,
                "equip_sae_haut": null,
                "equip_sae_surf": null,
                "equip_sae_couloir": null,
                "equip_pasdetir": null,
                "equip_url": null,
                "equip_utilisateur": null,
                "equip_acc_libre": null,
                "equip_saison": null,
                "equip_obs": null,
                "equip_type_famille": "Salle de combat",
                "equip_type_code": "1801",
                "equip_rnb": null,
                "inst_acc_handi_bool": "true",
                "inst_trans_bool": "false",
                "inst_part_bool": "true",
                "equip_loc_bool": "false",
                "equip_pmr_vest": "false",
                "equip_pmr_acc": "false",
                "equip_pmr_aire": "false",
                "equip_pmr_chem": "false",
                "equip_pmr_douche": "false",
                "equip_pmr_sanit": "false",
                "equip_pmr_trib": "false",
                "equip_pshs_aire": "false",
                "equip_pshs_chem": "false",
                "equip_pshs_sanit": "false",
                "equip_pshs_sign": "false",
                "equip_pshs_trib": "false",
                "equip_pshs_vest": "false",
                "equip_x": "2.758768",
                "equip_y": "48.859685",
                "inst_part_type": "[\"Complexe sportif\"]",
                "aps_name": [
                    "Judo \/ Jujitsu \/ Ta\u00efso"
                ],
                "equip_qpv": null,
                "equip_qpv_200m": null,
                "categorie": null,
                "gen_2024fin_labellisation": null
            }
        },
        {
            "type": "Feature",
            "geometry": {
                "type": "Point",
                "coordinates": [
                    2.70785,
                    48.2706
                ]
            },
            "properties": {
                "equip_numero": "E003I773330003",
                "inst_numero": "I773330003",
                "inst_enqu_date": "2025-03-31",
                "inst_nom": "GYMNASE DES CHERELLES",
                "inst_siret": null,
                "inst_adresse": "29 AVENUE JEAN MOULIN",
                "inst_cp": "77140",
                "new_name": "Nemours",
                "new_code": "77333",
                "inst_part_type_filter": null,
                "inst_uai": null,
                "inst_acc_handi_type": "[\"Handicap moteur\"]",
                "inst_trans_type": "[\"Bus\"]",
                "inst_obs": null,
                "inst_date_etat": "2024-04-24",
                "inst_date_creation": "2005-09-22",
                "inst_hs_bool": null,
                "epci_code": "200023240",
                "dep_code": "77",
                "dep_nom": "Seine-et-Marne",
                "reg_code": "11",
                "reg_nom": "\u00cele-de-France",
                "epci_nom": "CC Pays de Nemours",
                "code_bdv": "77333",
                "lib_bdv": "Nemours",
                "arr_code": "774",
                "arr_name": "Fontainebleau",
                "dens_niveau": 2,
                "dens_lib": "Centres urbains interm\u00e9diaires",
                "dep_code_filled": "77",
                "aca_nom": "Acad\u00e9mie de Cr\u00e9teil",
                "zrr_simp": "NC - Commune non class\u00e9e",
                "equip_nom": "DOJO",
                "equip_type_name": "Dojo \/ Salle d'arts martiaux",
                "equip_prop_nom": null,
                "equip_prop_type": "Commune",
                "equip_propsec_type": null,
                "equip_gest_type": "Commune",
                "equip_cogest_type": null,
                "equip_dsp": "false",
                "equip_ouv_public_bool": "true",
                "equip_erp_type": "[\"X\"]",
                "equip_erp_cat": 5,
                "equip_homo_date": null,
                "equip_homo_periode": null,
                "equip_service_date": null,
                "equip_service_periode": "1995-2004",
                "equip_travaux_date": null,
                "equip_travaux_periode": null,
                "equip_travaux_type": null,
                "equip_energie": "[\"Gaz\"]",
                "equip_nature": "Int\u00e9rieur",
                "equip_sol": "Synth\u00e9tique (hors gazon)",
                "equip_long": 40.0,
                "equip_larg": 5.0,
                "equip_haut": 5.0,
                "equip_surf": 200.0,
                "equip_eclair": "true",
                "equip_piste_nb": null,
                "equip_trib_nb": 0,
                "equip_vest_sport": 2,
                "equip_vest_ens": 0,
                "equip_douche": "true",
                "equip_sanit": "true",
                "equip_loc_type": null,
                "equip_conf_type": null,
                "equip_acces_handi_mobilite": "Aire de jeu,Cheminements",
                "equip_acces_handi_sensoriel": null,
                "equip_pdesi_pdipr": null,
                "equip_bassin_long": null,
                "equip_bassin_larg": null,
                "equip_bassin_surf": null,
                "equip_bassin_min": null,
                "equip_bassin_max": null,
                "equip_piste_long": null,
                "equip_sae_haut": null,
                "equip_sae_surf": null,
                "equip_sae_couloir": null,
                "equip_pasdetir": null,
                "equip_url": "http:\/\/www.nemours.fr",
                "equip_utilisateur": "[\"Clubs sportifs,comit\u00e9s,ligues,f\u00e9d\u00e9rations,Scolaires,universit\u00e9s,Autre - association(s) et groupes divers\"]",
                "equip_acc_libre": "false",
                "equip_saison": "false",
                "equip_obs": null,
                "equip_type_famille": "Salle de combat",
                "equip_type_code": "1801",
                "equip_rnb": "4HTGA36N4S5Y",
                "inst_acc_handi_bool": "true",
                "inst_trans_bool": "true",
                "inst_part_bool": "false",
                "equip_loc_bool": "false",
                "equip_pmr_vest": "false",
                "equip_pmr_acc": "false",
                "equip_pmr_aire": "true",
                "equip_pmr_chem": "true",
                "equip_pmr_douche": "false",
                "equip_pmr_sanit": "false",
                "equip_pmr_trib": "false",
                "equip_pshs_aire": "false",
                "equip_pshs_chem": "false",
                "equip_pshs_sanit": "false",
                "equip_pshs_sign": "false",
                "equip_pshs_trib": "false",
                "equip_pshs_vest": "false",
                "equip_x": "2.70785",
                "equip_y": "48.2706",
                "inst_part_type": null,
                "aps_name": [
                    "Judo \/ Jujitsu \/ Ta\u00efso"
                ],
                "equip_qpv": "QN07720M",
                "equip_qpv_200m": "QN07720M",
                "categorie": null,
                "gen_2024fin_labellisation": null
            }
        },
        {
            "type": "Feature",
            "geometry": {
                "type": "Point",
                "coordinates": [
                    2.61838,
                    48.8409
                ]
            },
            "properties": {
                "equip_numero": "E003I773370010",
                "inst_numero": "I773370010",
                "inst_enqu_date": "2025-03-31",
                "inst_nom": "GYMNASE DU CENTRE ADMINISTRATIF DE LA BANQUE DE FRANCE",
                "inst_siret": null,
                "inst_adresse": "2 AVENUE PIERRE MENDES FRANCE",
                "inst_cp": "77186",
                "new_name": "Noisiel",
                "new_code": "77337",
                "inst_part_type_filter": null,
                "inst_uai": null,
                "inst_acc_handi_type": "[\"Handicap moteur\"]",
                "inst_trans_type": null,
                "inst_obs": null,
                "inst_date_etat": "2019-06-19",
                "inst_date_creation": "2005-09-22",
                "inst_hs_bool": null,
                "epci_code": "200057958",
                "dep_code": "77",
                "dep_nom": "Seine-et-Marne",
                "reg_code": "11",
                "reg_nom": "\u00cele-de-France",
                "epci_nom": "CA Paris - Vall\u00e9e de la Marne",
                "code_bdv": "75056",
                "lib_bdv": "Paris",
                "arr_code": "775",
                "arr_name": "Torcy",
                "dens_niveau": 1,
                "dens_lib": "Grands centres urbains",
                "dep_code_filled": "77",
                "aca_nom": "Acad\u00e9mie de Cr\u00e9teil",
                "zrr_simp": "NC - Commune non class\u00e9e",
                "equip_nom": "DOJO",
                "equip_type_name": "Dojo \/ Salle d'arts martiaux",
                "equip_prop_nom": null,
                "equip_prop_type": "Etat",
                "equip_propsec_type": null,
                "equip_gest_type": "Etat",
                "equip_cogest_type": null,
                "equip_dsp": "false",
                "equip_ouv_public_bool": "true",
                "equip_erp_type": "[\"L\", \"R\", \"X\"]",
                "equip_erp_cat": 5,
                "equip_homo_date": null,
                "equip_homo_periode": null,
                "equip_service_date": "1985",
                "equip_service_periode": "1985-1994",
                "equip_travaux_date": null,
                "equip_travaux_periode": null,
                "equip_travaux_type": null,
                "equip_energie": "[\"Electricit\u00e9\"]",
                "equip_nature": "Int\u00e9rieur",
                "equip_sol": "Synth\u00e9tique (hors gazon)",
                "equip_long": 10.0,
                "equip_larg": 10.0,
                "equip_haut": 5.0,
                "equip_surf": 100.0,
                "equip_eclair": "true",
                "equip_piste_nb": null,
                "equip_trib_nb": 0,
                "equip_vest_sport": 2,
                "equip_vest_ens": 1,
                "equip_douche": "true",
                "equip_sanit": "true",
                "equip_loc_type": null,
                "equip_conf_type": null,
                "equip_acces_handi_mobilite": "Aire de jeu,Sanitaires,Tribunes,Vestiaires",
                "equip_acces_handi_sensoriel": "Sanitaires",
                "equip_pdesi_pdipr": null,
                "equip_bassin_long": null,
                "equip_bassin_larg": null,
                "equip_bassin_surf": null,
                "equip_bassin_min": null,
                "equip_bassin_max": null,
                "equip_piste_long": null,
                "equip_sae_haut": null,
                "equip_sae_surf": null,
                "equip_sae_couloir": null,
                "equip_pasdetir": null,
                "equip_url": null,
                "equip_utilisateur": "[\"Clubs sportifs,comit\u00e9s,ligues,f\u00e9d\u00e9rations,Autre - association(s) et groupes divers\"]",
                "equip_acc_libre": "false",
                "equip_saison": "false",
                "equip_obs": "TATAMI",
                "equip_type_famille": "Salle de combat",
                "equip_type_code": "1801",
                "equip_rnb": null,
                "inst_acc_handi_bool": "true",
                "inst_trans_bool": "false",
                "inst_part_bool": "false",
                "equip_loc_bool": "false",
                "equip_pmr_vest": "true",
                "equip_pmr_acc": "false",
                "equip_pmr_aire": "true",
                "equip_pmr_chem": "false",
                "equip_pmr_douche": "false",
                "equip_pmr_sanit": "true",
                "equip_pmr_trib": "true",
                "equip_pshs_aire": "false",
                "equip_pshs_chem": "false",
                "equip_pshs_sanit": "true",
                "equip_pshs_sign": "false",
                "equip_pshs_trib": "false",
                "equip_pshs_vest": "false",
                "equip_x": "2.61838",
                "equip_y": "48.8409",
                "inst_part_type": null,
                "aps_name": [
                    "Judo \/ Jujitsu \/ Ta\u00efso"
                ],
                "equip_qpv": null,
                "equip_qpv_200m": null,
                "categorie": null,
                "gen_2024fin_labellisation": null
            }
        },
        {
            "type": "Feature",
            "geometry": {
                "type": "Point",
                "coordinates": [
                    2.56072,
                    48.4733
                ]
            },
            "properties": {
                "equip_numero": "E003I773590001",
                "inst_numero": "I773590001",
                "inst_enqu_date": "2025-03-31",
                "inst_nom": "GYMNASE",
                "inst_siret": null,
                "inst_adresse": "ROUTE DE CHAILLY",
                "inst_cp": "77930",
                "new_name": "Perthes",
                "new_code": "77359",
                "inst_part_type_filter": null,
                "inst_uai": null,
                "inst_acc_handi_type": "[\"Handicap moteur\"]",
                "inst_trans_type": null,
                "inst_obs": null,
                "inst_date_etat": "2015-03-10",
                "inst_date_creation": "2005-09-22",
                "inst_hs_bool": null,
                "epci_code": "200072346",
                "dep_code": "77",
                "dep_nom": "Seine-et-Marne",
                "reg_code": "11",
                "reg_nom": "\u00cele-de-France",
                "epci_nom": "CA du Pays de Fontainebleau",
                "code_bdv": "77407",
                "lib_bdv": "Saint-Fargeau-Ponthierry",
                "arr_code": "774",
                "arr_name": "Fontainebleau",
                "dens_niveau": 5,
                "dens_lib": "Bourgs ruraux",
                "dep_code_filled": "77",
                "aca_nom": "Acad\u00e9mie de Cr\u00e9teil",
                "zrr_simp": "NC - Commune non class\u00e9e",
                "equip_nom": "PETITE SALLE",
                "equip_type_name": "Dojo \/ Salle d'arts martiaux",
                "equip_prop_nom": null,
                "equip_prop_type": "EPCI",
                "equip_propsec_type": null,
                "equip_gest_type": "EPCI",
                "equip_cogest_type": null,
                "equip_dsp": "false",
                "equip_ouv_public_bool": "true",
                "equip_erp_type": "[\"L\"]",
                "equip_erp_cat": null,
                "equip_homo_date": null,
                "equip_homo_periode": null,
                "equip_service_date": "1999",
                "equip_service_periode": "1995-2004",
                "equip_travaux_date": null,
                "equip_travaux_periode": "1995-2004",
                "equip_travaux_type": null,
                "equip_energie": "[\"Electricit\u00e9\"]",
                "equip_nature": "Int\u00e9rieur",
                "equip_sol": "Synth\u00e9tique (hors gazon)",
                "equip_long": 14.0,
                "equip_larg": 14.0,
                "equip_haut": 3.0,
                "equip_surf": 196.0,
                "equip_eclair": "true",
                "equip_piste_nb": null,
                "equip_trib_nb": 0,
                "equip_vest_sport": 2,
                "equip_vest_ens": 1,
                "equip_douche": "true",
                "equip_sanit": "true",
                "equip_loc_type": "[\"Local de rangement\"]",
                "equip_conf_type": null,
                "equip_acces_handi_mobilite": "Aire de jeu,Cheminements,Sanitaires",
                "equip_acces_handi_sensoriel": "Sanitaires",
                "equip_pdesi_pdipr": null,
                "equip_bassin_long": null,
                "equip_bassin_larg": null,
                "equip_bassin_surf": null,
                "equip_bassin_min": null,
                "equip_bassin_max": null,
                "equip_piste_long": null,
                "equip_sae_haut": null,
                "equip_sae_surf": null,
                "equip_sae_couloir": null,
                "equip_pasdetir": null,
                "equip_url": "http:\/\/www.perthes-en-gatinais.fr",
                "equip_utilisateur": "[\"Individuel(s),famille(s),Clubs sportifs,comit\u00e9s,ligues,f\u00e9d\u00e9rations\"]",
                "equip_acc_libre": "false",
                "equip_saison": "false",
                "equip_obs": null,
                "equip_type_famille": "Salle de combat",
                "equip_type_code": "1801",
                "equip_rnb": "3PCZZCJZKNJ9",
                "inst_acc_handi_bool": "true",
                "inst_trans_bool": "false",
                "inst_part_bool": "false",
                "equip_loc_bool": "true",
                "equip_pmr_vest": "false",
                "equip_pmr_acc": "false",
                "equip_pmr_aire": "true",
                "equip_pmr_chem": "true",
                "equip_pmr_douche": "false",
                "equip_pmr_sanit": "true",
                "equip_pmr_trib": "false",
                "equip_pshs_aire": "false",
                "equip_pshs_chem": "false",
                "equip_pshs_sanit": "true",
                "equip_pshs_sign": "false",
                "equip_pshs_trib": "false",
                "equip_pshs_vest": "false",
                "equip_x": "2.56072",
                "equip_y": "48.4733",
                "inst_part_type": null,
                "aps_name": [
                    "Activit\u00e9s de forme et de sant\u00e9",
                    "Autres Danses",
                    "Judo \/ Jujitsu \/ Ta\u00efso"
                ],
                "equip_qpv": null,
                "equip_qpv_200m": null,
                "categorie": null,
                "gen_2024fin_labellisation": null
            }
        },
        {
            "type": "Feature",
            "geometry": {
                "type": "Point",
                "coordinates": [
                    2.81243,
                    49.03881
                ]
            },
            "properties": {
                "equip_numero": "E010I774370001",
                "inst_numero": "I774370001",
                "inst_enqu_date": "2025-03-31",
                "inst_nom": "STADE MUNICIPAL",
                "inst_siret": null,
                "inst_adresse": "45-47 RUE DE LA CHEVEE",
                "inst_cp": "77165",
                "new_name": "Saint-Soupplets",
                "new_code": "77437",
                "inst_part_type_filter": [
                    "Complexe sportif"
                ],
                "inst_uai": null,
                "inst_acc_handi_type": "[\"Handicap moteur\"]",
                "inst_trans_type": null,
                "inst_obs": null,
                "inst_date_etat": "2016-02-18",
                "inst_date_creation": "2005-09-22",
                "inst_hs_bool": null,
                "epci_code": "200072130",
                "dep_code": "77",
                "dep_nom": "Seine-et-Marne",
                "reg_code": "11",
                "reg_nom": "\u00cele-de-France",
                "epci_nom": "CA du Pays de Meaux",
                "code_bdv": "77437",
                "lib_bdv": "Saint-Soupplets",
                "arr_code": "771",
                "arr_name": "Meaux",
                "dens_niveau": 5,
                "dens_lib": "Bourgs ruraux",
                "dep_code_filled": "77",
                "aca_nom": "Acad\u00e9mie de Cr\u00e9teil",
                "zrr_simp": "NC - Commune non class\u00e9e",
                "equip_nom": "DOJO",
                "equip_type_name": "Dojo \/ Salle d'arts martiaux",
                "equip_prop_nom": null,
                "equip_prop_type": "Commune",
                "equip_propsec_type": null,
                "equip_gest_type": "Commune",
                "equip_cogest_type": null,
                "equip_dsp": "false",
                "equip_ouv_public_bool": "true",
                "equip_erp_type": "[\"X\"]",
                "equip_erp_cat": 5,
                "equip_homo_date": null,
                "equip_homo_periode": null,
                "equip_service_date": "2005",
                "equip_service_periode": "A partir de 2005",
                "equip_travaux_date": null,
                "equip_travaux_periode": null,
                "equip_travaux_type": null,
                "equip_energie": "[\"Autre\"]",
                "equip_nature": "Int\u00e9rieur",
                "equip_sol": "B\u00e9ton",
                "equip_long": null,
                "equip_larg": null,
                "equip_haut": 2.4,
                "equip_surf": 400.0,
                "equip_eclair": "true",
                "equip_piste_nb": null,
                "equip_trib_nb": 0,
                "equip_vest_sport": 2,
                "equip_vest_ens": 0,
                "equip_douche": "true",
                "equip_sanit": "true",
                "equip_loc_type": null,
                "equip_conf_type": null,
                "equip_acces_handi_mobilite": null,
                "equip_acces_handi_sensoriel": null,
                "equip_pdesi_pdipr": null,
                "equip_bassin_long": null,
                "equip_bassin_larg": null,
                "equip_bassin_surf": null,
                "equip_bassin_min": null,
                "equip_bassin_max": null,
                "equip_piste_long": null,
                "equip_sae_haut": null,
                "equip_sae_surf": null,
                "equip_sae_couloir": null,
                "equip_pasdetir": null,
                "equip_url": null,
                "equip_utilisateur": "[\"Scolaires,universit\u00e9s\"]",
                "equip_acc_libre": "false",
                "equip_saison": "false",
                "equip_obs": null,
                "equip_type_famille": "Salle de combat",
                "equip_type_code": "1801",
                "equip_rnb": "2XGJ6N4DGN7M",
                "inst_acc_handi_bool": "true",
                "inst_trans_bool": "false",
                "inst_part_bool": "true",
                "equip_loc_bool": "false",
                "equip_pmr_vest": "false",
                "equip_pmr_acc": "false",
                "equip_pmr_aire": "false",
                "equip_pmr_chem": "false",
                "equip_pmr_douche": "false",
                "equip_pmr_sanit": "false",
                "equip_pmr_trib": "false",
                "equip_pshs_aire": "false",
                "equip_pshs_chem": "false",
                "equip_pshs_sanit": "false",
                "equip_pshs_sign": "false",
                "equip_pshs_trib": "false",
                "equip_pshs_vest": "false",
                "equip_x": "2.81243",
                "equip_y": "49.03881",
                "inst_part_type": "[\"Complexe sportif\"]",
                "aps_name": [
                    "Judo \/ Jujitsu \/ Ta\u00efso"
                ],
                "equip_qpv": null,
                "equip_qpv_200m": null,
                "categorie": null,
                "gen_2024fin_labellisation": null
            }
        },
        {
            "type": "Feature",
            "geometry": {
                "type": "Point",
                "coordinates": [
                    3.014849,
                    48.551745
                ]
            },
            "properties": {
                "equip_numero": "E010I773270001",
                "inst_numero": "I773270001",
                "inst_enqu_date": "2025-03-31",
                "inst_nom": "COMPLEXE SPORTIF EMILE CHESNOT",
                "inst_siret": null,
                "inst_adresse": "RUE DES ECOLES",
                "inst_cp": "77370",
                "new_name": "Nangis",
                "new_code": "77327",
                "inst_part_type_filter": [
                    "Complexe sportif"
                ],
                "inst_uai": null,
                "inst_acc_handi_type": "[\"Handicap moteur\"]",
                "inst_trans_type": "[\"Bus\", \"Train\"]",
                "inst_obs": null,
                "inst_date_etat": "2015-05-18",
                "inst_date_creation": "2005-09-22",
                "inst_hs_bool": null,
                "epci_code": "247700701",
                "dep_code": "77",
                "dep_nom": "Seine-et-Marne",
                "reg_code": "11",
                "reg_nom": "\u00cele-de-France",
                "epci_nom": "CC Brie Nangissienne",
                "code_bdv": "77327",
                "lib_bdv": "Nangis",
                "arr_code": "773",
                "arr_name": "Provins",
                "dens_niveau": 2,
                "dens_lib": "Centres urbains interm\u00e9diaires",
                "dep_code_filled": "77",
                "aca_nom": "Acad\u00e9mie de Cr\u00e9teil",
                "zrr_simp": "NC - Commune non class\u00e9e",
                "equip_nom": "DOJO",
                "equip_type_name": "Dojo \/ Salle d'arts martiaux",
                "equip_prop_nom": null,
                "equip_prop_type": "Commune",
                "equip_propsec_type": null,
                "equip_gest_type": "Commune",
                "equip_cogest_type": null,
                "equip_dsp": "false",
                "equip_ouv_public_bool": "true",
                "equip_erp_type": null,
                "equip_erp_cat": null,
                "equip_homo_date": null,
                "equip_homo_periode": null,
                "equip_service_date": "1999",
                "equip_service_periode": "1995-2004",
                "equip_travaux_date": null,
                "equip_travaux_periode": null,
                "equip_travaux_type": null,
                "equip_energie": "[\"Gaz\"]",
                "equip_nature": "Int\u00e9rieur",
                "equip_sol": "Synth\u00e9tique (hors gazon)",
                "equip_long": null,
                "equip_larg": null,
                "equip_haut": null,
                "equip_surf": null,
                "equip_eclair": "true",
                "equip_piste_nb": null,
                "equip_trib_nb": 0,
                "equip_vest_sport": 3,
                "equip_vest_ens": 0,
                "equip_douche": "true",
                "equip_sanit": "true",
                "equip_loc_type": "[\"Bureau(x) Club(s)\", \"Local de rangement\"]",
                "equip_conf_type": null,
                "equip_acces_handi_mobilite": "Aire de jeu,Cheminements,Sanitaires,Vestiaires",
                "equip_acces_handi_sensoriel": "Sanitaires",
                "equip_pdesi_pdipr": null,
                "equip_bassin_long": null,
                "equip_bassin_larg": null,
                "equip_bassin_surf": null,
                "equip_bassin_min": null,
                "equip_bassin_max": null,
                "equip_piste_long": null,
                "equip_sae_haut": null,
                "equip_sae_surf": null,
                "equip_sae_couloir": null,
                "equip_pasdetir": null,
                "equip_url": null,
                "equip_utilisateur": "[\"Clubs sportifs,comit\u00e9s,ligues,f\u00e9d\u00e9rations,Scolaires,universit\u00e9s\"]",
                "equip_acc_libre": "false",
                "equip_saison": "false",
                "equip_obs": null,
                "equip_type_famille": "Salle de combat",
                "equip_type_code": "1801",
                "equip_rnb": null,
                "inst_acc_handi_bool": "true",
                "inst_trans_bool": "true",
                "inst_part_bool": "true",
                "equip_loc_bool": "true",
                "equip_pmr_vest": "true",
                "equip_pmr_acc": "false",
                "equip_pmr_aire": "true",
                "equip_pmr_chem": "true",
                "equip_pmr_douche": "false",
                "equip_pmr_sanit": "true",
                "equip_pmr_trib": "false",
                "equip_pshs_aire": "false",
                "equip_pshs_chem": "false",
                "equip_pshs_sanit": "true",
                "equip_pshs_sign": "false",
                "equip_pshs_trib": "false",
                "equip_pshs_vest": "false",
                "equip_x": "3.014849",
                "equip_y": "48.551745",
                "inst_part_type": "[\"Complexe sportif\"]",
                "aps_name": [
                    "Activit\u00e9s de forme et de sant\u00e9",
                    "Judo \/ Jujitsu \/ Ta\u00efso",
                    "Karat\u00e9\/Karat\u00e9 jutsu\/Goshin jutsu\/Kobudo\/Nihon Tai-jutsu\/Taijitsu\/Nambudo\/Ninjutsu\/Nunchaku\/..."
                ],
                "equip_qpv": null,
                "equip_qpv_200m": null,
                "categorie": null,
                "gen_2024fin_labellisation": null
            }
        },
        {
            "type": "Feature",
            "geometry": {
                "type": "Point",
                "coordinates": [
                    2.63405,
                    48.54085
                ]
            },
            "properties": {
                "equip_numero": "E002I772850002",
                "inst_numero": "I772850002",
                "inst_enqu_date": "2025-03-31",
                "inst_nom": "GYMNASE HENRY DE CAULAINCOURT",
                "inst_siret": null,
                "inst_adresse": "221 AVENUE DU VERCORS",
                "inst_cp": "77350",
                "new_name": "Le M\u00e9e-sur-Seine",
                "new_code": "77285",
                "inst_part_type_filter": null,
                "inst_uai": null,
                "inst_acc_handi_type": "[\"Handicap moteur\"]",
                "inst_trans_type": "[\"Bus\"]",
                "inst_obs": null,
                "inst_date_etat": "2016-03-23",
                "inst_date_creation": "2005-09-22",
                "inst_hs_bool": null,
                "epci_code": "247700057",
                "dep_code": "77",
                "dep_nom": "Seine-et-Marne",
                "reg_code": "11",
                "reg_nom": "\u00cele-de-France",
                "epci_nom": "CA Melun Val de Seine",
                "code_bdv": "77288",
                "lib_bdv": "Melun",
                "arr_code": "772",
                "arr_name": "Melun",
                "dens_niveau": 1,
                "dens_lib": "Grands centres urbains",
                "dep_code_filled": "77",
                "aca_nom": "Acad\u00e9mie de Cr\u00e9teil",
                "zrr_simp": "NC - Commune non class\u00e9e",
                "equip_nom": "SALLE DE JUDO",
                "equip_type_name": "Dojo \/ Salle d'arts martiaux",
                "equip_prop_nom": null,
                "equip_prop_type": "Commune",
                "equip_propsec_type": null,
                "equip_gest_type": "Commune",
                "equip_cogest_type": null,
                "equip_dsp": "false",
                "equip_ouv_public_bool": "true",
                "equip_erp_type": "[\"X\"]",
                "equip_erp_cat": 3,
                "equip_homo_date": null,
                "equip_homo_periode": null,
                "equip_service_date": "1973",
                "equip_service_periode": "1965-1974",
                "equip_travaux_date": null,
                "equip_travaux_periode": null,
                "equip_travaux_type": null,
                "equip_energie": "[\"Autre\"]",
                "equip_nature": "Int\u00e9rieur",
                "equip_sol": "Synth\u00e9tique (hors gazon)",
                "equip_long": 15.0,
                "equip_larg": 12.0,
                "equip_haut": 3.0,
                "equip_surf": 183.0,
                "equip_eclair": "true",
                "equip_piste_nb": null,
                "equip_trib_nb": 0,
                "equip_vest_sport": 3,
                "equip_vest_ens": 1,
                "equip_douche": "true",
                "equip_sanit": "true",
                "equip_loc_type": null,
                "equip_conf_type": null,
                "equip_acces_handi_mobilite": "Aire de jeu,Cheminements",
                "equip_acces_handi_sensoriel": null,
                "equip_pdesi_pdipr": null,
                "equip_bassin_long": null,
                "equip_bassin_larg": null,
                "equip_bassin_surf": null,
                "equip_bassin_min": null,
                "equip_bassin_max": null,
                "equip_piste_long": null,
                "equip_sae_haut": null,
                "equip_sae_surf": null,
                "equip_sae_couloir": null,
                "equip_pasdetir": null,
                "equip_url": "http:\/\/www.le-mee-sur-seine.fr",
                "equip_utilisateur": "[\"Clubs sportifs,comit\u00e9s,ligues,f\u00e9d\u00e9rations,Scolaires,universit\u00e9s\"]",
                "equip_acc_libre": "false",
                "equip_saison": "false",
                "equip_obs": null,
                "equip_type_famille": "Salle de combat",
                "equip_type_code": "1801",
                "equip_rnb": "B8K8DCXHKS9N",
                "inst_acc_handi_bool": "true",
                "inst_trans_bool": "true",
                "inst_part_bool": "false",
                "equip_loc_bool": "false",
                "equip_pmr_vest": "false",
                "equip_pmr_acc": "false",
                "equip_pmr_aire": "true",
                "equip_pmr_chem": "true",
                "equip_pmr_douche": "false",
                "equip_pmr_sanit": "false",
                "equip_pmr_trib": "false",
                "equip_pshs_aire": "false",
                "equip_pshs_chem": "false",
                "equip_pshs_sanit": "false",
                "equip_pshs_sign": "false",
                "equip_pshs_trib": "false",
                "equip_pshs_vest": "false",
                "equip_x": "2.63405",
                "equip_y": "48.54085",
                "inst_part_type": null,
                "aps_name": [
                    "Autres Danses",
                    "Gymnastique Artistique",
                    "Judo \/ Jujitsu \/ Ta\u00efso",
                    "Karat\u00e9\/Karat\u00e9 jutsu\/Goshin jutsu\/Kobudo\/Nihon Tai-jutsu\/Taijitsu\/Nambudo\/Ninjutsu\/Nunchaku\/..."
                ],
                "equip_qpv": "QN07709M",
                "equip_qpv_200m": "QN07709M",
                "categorie": null,
                "gen_2024fin_labellisation": null
            }
        },
        {
            "type": "Feature",
            "geometry": {
                "type": "Point",
                "coordinates": [
                    2.575296,
                    48.58945
                ]
            },
            "properties": {
                "equip_numero": "E002I773260005",
                "inst_numero": "I773260005",
                "inst_enqu_date": "2025-03-31",
                "inst_nom": "MAISON DES ARTS ET DE LA DANSE",
                "inst_siret": null,
                "inst_adresse": "ALLEE DES SORBIERS",
                "inst_cp": "77176",
                "new_name": "Nandy",
                "new_code": "77326",
                "inst_part_type_filter": null,
                "inst_uai": null,
                "inst_acc_handi_type": "[\"Handicap moteur\"]",
                "inst_trans_type": null,
                "inst_obs": null,
                "inst_date_etat": "2016-02-19",
                "inst_date_creation": "2005-09-22",
                "inst_hs_bool": null,
                "epci_code": "200059228",
                "dep_code": "77",
                "dep_nom": "Seine-et-Marne",
                "reg_code": "11",
                "reg_nom": "\u00cele-de-France",
                "epci_nom": "CA Grand Paris Sud Seine Essonne S\u00e9nart",
                "code_bdv": "75056",
                "lib_bdv": "Paris",
                "arr_code": "772",
                "arr_name": "Melun",
                "dens_niveau": 2,
                "dens_lib": "Centres urbains interm\u00e9diaires",
                "dep_code_filled": "77",
                "aca_nom": "Acad\u00e9mie de Cr\u00e9teil",
                "zrr_simp": "NC - Commune non class\u00e9e",
                "equip_nom": "DOJO",
                "equip_type_name": "Dojo \/ Salle d'arts martiaux",
                "equip_prop_nom": null,
                "equip_prop_type": "Commune",
                "equip_propsec_type": null,
                "equip_gest_type": "Commune",
                "equip_cogest_type": null,
                "equip_dsp": "false",
                "equip_ouv_public_bool": "true",
                "equip_erp_type": "[\"L\"]",
                "equip_erp_cat": 5,
                "equip_homo_date": null,
                "equip_homo_periode": null,
                "equip_service_date": "2001",
                "equip_service_periode": "1995-2004",
                "equip_travaux_date": null,
                "equip_travaux_periode": null,
                "equip_travaux_type": null,
                "equip_energie": "[\"Gaz\"]",
                "equip_nature": "Int\u00e9rieur",
                "equip_sol": "Synth\u00e9tique (hors gazon)",
                "equip_long": 14.0,
                "equip_larg": 14.0,
                "equip_haut": 3.0,
                "equip_surf": 196.0,
                "equip_eclair": "true",
                "equip_piste_nb": null,
                "equip_trib_nb": 0,
                "equip_vest_sport": 2,
                "equip_vest_ens": 0,
                "equip_douche": "true",
                "equip_sanit": "true",
                "equip_loc_type": null,
                "equip_conf_type": null,
                "equip_acces_handi_mobilite": "Aire de jeu,Sanitaires,Vestiaires",
                "equip_acces_handi_sensoriel": "Sanitaires",
                "equip_pdesi_pdipr": null,
                "equip_bassin_long": null,
                "equip_bassin_larg": null,
                "equip_bassin_surf": null,
                "equip_bassin_min": null,
                "equip_bassin_max": null,
                "equip_piste_long": null,
                "equip_sae_haut": null,
                "equip_sae_surf": null,
                "equip_sae_couloir": null,
                "equip_pasdetir": null,
                "equip_url": "www.nandy.fr",
                "equip_utilisateur": "[\"Clubs sportifs,comit\u00e9s,ligues,f\u00e9d\u00e9rations,Scolaires,universit\u00e9s\"]",
                "equip_acc_libre": "false",
                "equip_saison": "false",
                "equip_obs": null,
                "equip_type_famille": "Salle de combat",
                "equip_type_code": "1801",
                "equip_rnb": null,
                "inst_acc_handi_bool": "true",
                "inst_trans_bool": "false",
                "inst_part_bool": "false",
                "equip_loc_bool": "false",
                "equip_pmr_vest": "true",
                "equip_pmr_acc": "false",
                "equip_pmr_aire": "true",
                "equip_pmr_chem": "false",
                "equip_pmr_douche": "false",
                "equip_pmr_sanit": "true",
                "equip_pmr_trib": "false",
                "equip_pshs_aire": "false",
                "equip_pshs_chem": "false",
                "equip_pshs_sanit": "true",
                "equip_pshs_sign": "false",
                "equip_pshs_trib": "false",
                "equip_pshs_vest": "false",
                "equip_x": "2.575296",
                "equip_y": "48.58945",
                "inst_part_type": null,
                "aps_name": [
                    "Judo \/ Jujitsu \/ Ta\u00efso",
                    "Karat\u00e9\/Karat\u00e9 jutsu\/Goshin jutsu\/Kobudo\/Nihon Tai-jutsu\/Taijitsu\/Nambudo\/Ninjutsu\/Nunchaku\/..."
                ],
                "equip_qpv": null,
                "equip_qpv_200m": null,
                "categorie": null,
                "gen_2024fin_labellisation": null
            }
        },
        {
            "type": "Feature",
            "geometry": {
                "type": "Point",
                "coordinates": [
                    2.6044,
                    48.79151
                ]
            },
            "properties": {
                "equip_numero": "E002I773730009",
                "inst_numero": "I773730009",
                "inst_enqu_date": "2025-03-31",
                "inst_nom": "ESPACE ROGER-BOISRAME",
                "inst_siret": null,
                "inst_adresse": "AVENUE CHARLES ROUXEL",
                "inst_cp": "77340",
                "new_name": "Pontault-Combault",
                "new_code": "77373",
                "inst_part_type_filter": [
                    "Complexe sportif"
                ],
                "inst_uai": null,
                "inst_acc_handi_type": "[\"Handicap moteur\"]",
                "inst_trans_type": "[\"Bus\"]",
                "inst_obs": null,
                "inst_date_etat": "2024-04-25",
                "inst_date_creation": "2005-09-22",
                "inst_hs_bool": null,
                "epci_code": "200057958",
                "dep_code": "77",
                "dep_nom": "Seine-et-Marne",
                "reg_code": "11",
                "reg_nom": "\u00cele-de-France",
                "epci_nom": "CA Paris - Vall\u00e9e de la Marne",
                "code_bdv": "75056",
                "lib_bdv": "Paris",
                "arr_code": "775",
                "arr_name": "Torcy",
                "dens_niveau": 1,
                "dens_lib": "Grands centres urbains",
                "dep_code_filled": "77",
                "aca_nom": "Acad\u00e9mie de Cr\u00e9teil",
                "zrr_simp": "NC - Commune non class\u00e9e",
                "equip_nom": "SALLE ANNEXE",
                "equip_type_name": "Salles polyvalentes \/ des f\u00eates \/ non sp\u00e9cialis\u00e9es",
                "equip_prop_nom": null,
                "equip_prop_type": "Commune",
                "equip_propsec_type": null,
                "equip_gest_type": "Commune",
                "equip_cogest_type": null,
                "equip_dsp": "false",
                "equip_ouv_public_bool": "true",
                "equip_erp_type": "[\"X\"]",
                "equip_erp_cat": 2,
                "equip_homo_date": null,
                "equip_homo_periode": null,
                "equip_service_date": "1988",
                "equip_service_periode": "1985-1994",
                "equip_travaux_date": null,
                "equip_travaux_periode": null,
                "equip_travaux_type": null,
                "equip_energie": "[\"Gaz\"]",
                "equip_nature": "Int\u00e9rieur",
                "equip_sol": "Synth\u00e9tique (hors gazon)",
                "equip_long": 8.0,
                "equip_larg": 5.0,
                "equip_haut": 3.0,
                "equip_surf": 35.0,
                "equip_eclair": "true",
                "equip_piste_nb": null,
                "equip_trib_nb": 0,
                "equip_vest_sport": 4,
                "equip_vest_ens": 2,
                "equip_douche": "true",
                "equip_sanit": "true",
                "equip_loc_type": "[\"R\u00e9ception \/ Accueil\", \"Bureau(x) Club(s)\", \"Buvette\", \"Club(s) house\", \"Infirmerie\", \"Local de rangement\", \"Salle(s) de r\u00e9union\/cours\"]",
                "equip_conf_type": null,
                "equip_acces_handi_mobilite": "Accueil,Aire de jeu,Cheminements,Douches,Sanitaires,Vestiaires",
                "equip_acces_handi_sensoriel": "Sanitaires",
                "equip_pdesi_pdipr": null,
                "equip_bassin_long": null,
                "equip_bassin_larg": null,
                "equip_bassin_surf": null,
                "equip_bassin_min": null,
                "equip_bassin_max": null,
                "equip_piste_long": null,
                "equip_sae_haut": null,
                "equip_sae_surf": null,
                "equip_sae_couloir": null,
                "equip_pasdetir": null,
                "equip_url": "http:\/\/www.pontault-combault.fr",
                "equip_utilisateur": "[\"Individuel(s),famille(s),Clubs sportifs,comit\u00e9s,ligues,f\u00e9d\u00e9rations\"]",
                "equip_acc_libre": "false",
                "equip_saison": "false",
                "equip_obs": null,
                "equip_type_famille": "Salle non sp\u00e9cialis\u00e9e",
                "equip_type_code": "2201",
                "equip_rnb": "JSTQGVQH2MFA",
                "inst_acc_handi_bool": "true",
                "inst_trans_bool": "true",
                "inst_part_bool": "true",
                "equip_loc_bool": "true",
                "equip_pmr_vest": "true",
                "equip_pmr_acc": "true",
                "equip_pmr_aire": "true",
                "equip_pmr_chem": "true",
                "equip_pmr_douche": "true",
                "equip_pmr_sanit": "true",
                "equip_pmr_trib": "false",
                "equip_pshs_aire": "false",
                "equip_pshs_chem": "false",
                "equip_pshs_sanit": "true",
                "equip_pshs_sign": "false",
                "equip_pshs_trib": "false",
                "equip_pshs_vest": "false",
                "equip_x": "2.6044",
                "equip_y": "48.79151",
                "inst_part_type": "[\"Complexe sportif\"]",
                "aps_name": [
                    "Judo \/ Jujitsu \/ Ta\u00efso"
                ],
                "equip_qpv": null,
                "equip_qpv_200m": null,
                "categorie": null,
                "gen_2024fin_labellisation": null
            }
        },
        {
            "type": "Feature",
            "geometry": {
                "type": "Point",
                "coordinates": [
                    2.58215,
                    48.5847
                ]
            },
            "properties": {
                "equip_numero": "E002I774450005",
                "inst_numero": "I774450005",
                "inst_enqu_date": "2025-03-31",
                "inst_nom": "HALLE DES SPORTS JEAN ZAY",
                "inst_siret": null,
                "inst_adresse": "RUE NELSON MANDELA",
                "inst_cp": "77176",
                "new_name": "Savigny-le-Temple",
                "new_code": "77445",
                "inst_part_type_filter": null,
                "inst_uai": null,
                "inst_acc_handi_type": "[\"Handicap moteur\"]",
                "inst_trans_type": "[\"Bus\"]",
                "inst_obs": null,
                "inst_date_etat": "2016-08-29",
                "inst_date_creation": "2005-09-22",
                "inst_hs_bool": null,
                "epci_code": "200059228",
                "dep_code": "77",
                "dep_nom": "Seine-et-Marne",
                "reg_code": "11",
                "reg_nom": "\u00cele-de-France",
                "epci_nom": "CA Grand Paris Sud Seine Essonne S\u00e9nart",
                "code_bdv": "75056",
                "lib_bdv": "Paris",
                "arr_code": "772",
                "arr_name": "Melun",
                "dens_niveau": 2,
                "dens_lib": "Centres urbains interm\u00e9diaires",
                "dep_code_filled": "77",
                "aca_nom": "Acad\u00e9mie de Cr\u00e9teil",
                "zrr_simp": "NC - Commune non class\u00e9e",
                "equip_nom": "SALLE DE COMBAT",
                "equip_type_name": "Dojo \/ Salle d'arts martiaux",
                "equip_prop_nom": null,
                "equip_prop_type": "EPCI",
                "equip_propsec_type": null,
                "equip_gest_type": "Commune",
                "equip_cogest_type": null,
                "equip_dsp": "false",
                "equip_ouv_public_bool": "true",
                "equip_erp_type": "[\"X\"]",
                "equip_erp_cat": 4,
                "equip_homo_date": null,
                "equip_homo_periode": null,
                "equip_service_date": "1993",
                "equip_service_periode": "1985-1994",
                "equip_travaux_date": null,
                "equip_travaux_periode": null,
                "equip_travaux_type": null,
                "equip_energie": "[\"Gaz\"]",
                "equip_nature": "Int\u00e9rieur",
                "equip_sol": "Synth\u00e9tique (hors gazon)",
                "equip_long": 13.0,
                "equip_larg": 11.0,
                "equip_haut": 3.0,
                "equip_surf": 143.0,
                "equip_eclair": "true",
                "equip_piste_nb": null,
                "equip_trib_nb": 0,
                "equip_vest_sport": 2,
                "equip_vest_ens": 1,
                "equip_douche": "true",
                "equip_sanit": "true",
                "equip_loc_type": null,
                "equip_conf_type": null,
                "equip_acces_handi_mobilite": "Aire de jeu,Sanitaires,Vestiaires",
                "equip_acces_handi_sensoriel": "Sanitaires",
                "equip_pdesi_pdipr": null,
                "equip_bassin_long": null,
                "equip_bassin_larg": null,
                "equip_bassin_surf": null,
                "equip_bassin_min": null,
                "equip_bassin_max": null,
                "equip_piste_long": null,
                "equip_sae_haut": null,
                "equip_sae_surf": null,
                "equip_sae_couloir": null,
                "equip_pasdetir": null,
                "equip_url": null,
                "equip_utilisateur": "[\"Clubs sportifs,comit\u00e9s,ligues,f\u00e9d\u00e9rations,Scolaires,universit\u00e9s\"]",
                "equip_acc_libre": "false",
                "equip_saison": "false",
                "equip_obs": null,
                "equip_type_famille": "Salle de combat",
                "equip_type_code": "1801",
                "equip_rnb": "84BM6N77BFMK",
                "inst_acc_handi_bool": "true",
                "inst_trans_bool": "true",
                "inst_part_bool": "false",
                "equip_loc_bool": "false",
                "equip_pmr_vest": "true",
                "equip_pmr_acc": "false",
                "equip_pmr_aire": "true",
                "equip_pmr_chem": "false",
                "equip_pmr_douche": "false",
                "equip_pmr_sanit": "true",
                "equip_pmr_trib": "false",
                "equip_pshs_aire": "false",
                "equip_pshs_chem": "false",
                "equip_pshs_sanit": "true",
                "equip_pshs_sign": "false",
                "equip_pshs_trib": "false",
                "equip_pshs_vest": "false",
                "equip_x": "2.58215",
                "equip_y": "48.5847",
                "inst_part_type": null,
                "aps_name": [
                    "Aikido \/ Aikibudo \/ Budo",
                    "Judo \/ Jujitsu \/ Ta\u00efso"
                ],
                "equip_qpv": null,
                "equip_qpv_200m": null,
                "categorie": null,
                "gen_2024fin_labellisation": null
            }
        },
        {
            "type": "Feature",
            "geometry": {
                "type": "Point",
                "coordinates": [
                    2.78477,
                    48.4104
                ]
            },
            "properties": {
                "equip_numero": "E002I774630006",
                "inst_numero": "I774630006",
                "inst_enqu_date": "2025-03-31",
                "inst_nom": "ENSEMBLE SPORTIF DU JARDIN SALOMON",
                "inst_siret": null,
                "inst_adresse": "JARDIN SALOMON",
                "inst_cp": "77810",
                "new_name": "Thomery",
                "new_code": "77463",
                "inst_part_type_filter": null,
                "inst_uai": null,
                "inst_acc_handi_type": "[\"Handicap moteur\"]",
                "inst_trans_type": null,
                "inst_obs": null,
                "inst_date_etat": "2016-02-19",
                "inst_date_creation": "2005-09-22",
                "inst_hs_bool": null,
                "epci_code": "247700032",
                "dep_code": "77",
                "dep_nom": "Seine-et-Marne",
                "reg_code": "11",
                "reg_nom": "\u00cele-de-France",
                "epci_nom": "CC Moret Seine et Loing",
                "code_bdv": "77316",
                "lib_bdv": "Moret-Loing-et-Orvanne",
                "arr_code": "774",
                "arr_name": "Fontainebleau",
                "dens_niveau": 4,
                "dens_lib": "Ceintures urbaines",
                "dep_code_filled": "77",
                "aca_nom": "Acad\u00e9mie de Cr\u00e9teil",
                "zrr_simp": "NC - Commune non class\u00e9e",
                "equip_nom": "DOJO",
                "equip_type_name": "Dojo \/ Salle d'arts martiaux",
                "equip_prop_nom": null,
                "equip_prop_type": "Commune",
                "equip_propsec_type": null,
                "equip_gest_type": "Commune",
                "equip_cogest_type": null,
                "equip_dsp": "false",
                "equip_ouv_public_bool": "true",
                "equip_erp_type": "[\"L\", \"X\"]",
                "equip_erp_cat": 5,
                "equip_homo_date": "2002-01-02",
                "equip_homo_periode": "1995-2004",
                "equip_service_date": "2002",
                "equip_service_periode": "1995-2004",
                "equip_travaux_date": null,
                "equip_travaux_periode": null,
                "equip_travaux_type": null,
                "equip_energie": "[\"Gaz\"]",
                "equip_nature": "Int\u00e9rieur",
                "equip_sol": "Parquet",
                "equip_long": 14.0,
                "equip_larg": 14.0,
                "equip_haut": 3.0,
                "equip_surf": 196.0,
                "equip_eclair": "true",
                "equip_piste_nb": null,
                "equip_trib_nb": 0,
                "equip_vest_sport": 4,
                "equip_vest_ens": 1,
                "equip_douche": "true",
                "equip_sanit": "true",
                "equip_loc_type": null,
                "equip_conf_type": null,
                "equip_acces_handi_mobilite": "Aire de jeu",
                "equip_acces_handi_sensoriel": null,
                "equip_pdesi_pdipr": null,
                "equip_bassin_long": null,
                "equip_bassin_larg": null,
                "equip_bassin_surf": null,
                "equip_bassin_min": null,
                "equip_bassin_max": null,
                "equip_piste_long": null,
                "equip_sae_haut": null,
                "equip_sae_surf": null,
                "equip_sae_couloir": null,
                "equip_pasdetir": null,
                "equip_url": "www.mairiethomery.com",
                "equip_utilisateur": "[\"Clubs sportifs,comit\u00e9s,ligues,f\u00e9d\u00e9rations,Scolaires,universit\u00e9s,Autre - association(s) et groupes divers\"]",
                "equip_acc_libre": "false",
                "equip_saison": "false",
                "equip_obs": null,
                "equip_type_famille": "Salle de combat",
                "equip_type_code": "1801",
                "equip_rnb": "2PQYT53HCWGA",
                "inst_acc_handi_bool": "true",
                "inst_trans_bool": "false",
                "inst_part_bool": "false",
                "equip_loc_bool": "false",
                "equip_pmr_vest": "false",
                "equip_pmr_acc": "false",
                "equip_pmr_aire": "true",
                "equip_pmr_chem": "false",
                "equip_pmr_douche": "false",
                "equip_pmr_sanit": "false",
                "equip_pmr_trib": "false",
                "equip_pshs_aire": "false",
                "equip_pshs_chem": "false",
                "equip_pshs_sanit": "false",
                "equip_pshs_sign": "false",
                "equip_pshs_trib": "false",
                "equip_pshs_vest": "false",
                "equip_x": "2.78477",
                "equip_y": "48.4104",
                "inst_part_type": null,
                "aps_name": [
                    "Judo \/ Jujitsu \/ Ta\u00efso"
                ],
                "equip_qpv": null,
                "equip_qpv_200m": null,
                "categorie": null,
                "gen_2024fin_labellisation": null
            }
        },
        {
            "type": "Feature",
            "geometry": {
                "type": "Point",
                "coordinates": [
                    2.82469,
                    48.8504
                ]
            },
            "properties": {
                "equip_numero": "E002I770180002",
                "inst_numero": "I770180002",
                "inst_enqu_date": "2025-03-31",
                "inst_nom": "COMPLEXE SPORTIF LILANDRY",
                "inst_siret": null,
                "inst_adresse": "Boulevard des Sports",
                "inst_cp": "77700",
                "new_name": "Bailly-Romainvilliers",
                "new_code": "77018",
                "inst_part_type_filter": [
                    "Complexe sportif"
                ],
                "inst_uai": null,
                "inst_acc_handi_type": "[\"Handicap moteur\"]",
                "inst_trans_type": "[\"Bus\"]",
                "inst_obs": null,
                "inst_date_etat": "2024-04-03",
                "inst_date_creation": "2005-09-22",
                "inst_hs_bool": "false",
                "epci_code": "247700339",
                "dep_code": "77",
                "dep_nom": "Seine-et-Marne",
                "reg_code": "11",
                "reg_nom": "\u00cele-de-France",
                "epci_nom": "CA Val d'Europe Agglom\u00e9ration",
                "code_bdv": "77268",
                "lib_bdv": "Magny-le-Hongre",
                "arr_code": "775",
                "arr_name": "Torcy",
                "dens_niveau": 1,
                "dens_lib": "Grands centres urbains",
                "dep_code_filled": "77",
                "aca_nom": "Acad\u00e9mie de Cr\u00e9teil",
                "zrr_simp": "NC - Commune non class\u00e9e",
                "equip_nom": "DOJO",
                "equip_type_name": "Dojo \/ Salle d'arts martiaux",
                "equip_prop_nom": "Commune de Bailly-Romainvilliers",
                "equip_prop_type": "Commune",
                "equip_propsec_type": null,
                "equip_gest_type": "Commune",
                "equip_cogest_type": null,
                "equip_dsp": "false",
                "equip_ouv_public_bool": "true",
                "equip_erp_type": "[\"X\"]",
                "equip_erp_cat": 3,
                "equip_homo_date": null,
                "equip_homo_periode": null,
                "equip_service_date": "2000",
                "equip_service_periode": "1995-2004",
                "equip_travaux_date": null,
                "equip_travaux_periode": null,
                "equip_travaux_type": null,
                "equip_energie": "[\"Gaz\"]",
                "equip_nature": "Int\u00e9rieur",
                "equip_sol": "Synth\u00e9tique (hors gazon)",
                "equip_long": 20.0,
                "equip_larg": 12.3,
                "equip_haut": 4.0,
                "equip_surf": 245.0,
                "equip_eclair": "true",
                "equip_piste_nb": null,
                "equip_trib_nb": 0,
                "equip_vest_sport": 2,
                "equip_vest_ens": 0,
                "equip_douche": "true",
                "equip_sanit": "true",
                "equip_loc_type": null,
                "equip_conf_type": null,
                "equip_acces_handi_mobilite": null,
                "equip_acces_handi_sensoriel": null,
                "equip_pdesi_pdipr": null,
                "equip_bassin_long": null,
                "equip_bassin_larg": null,
                "equip_bassin_surf": null,
                "equip_bassin_min": null,
                "equip_bassin_max": null,
                "equip_piste_long": null,
                "equip_sae_haut": null,
                "equip_sae_surf": null,
                "equip_sae_couloir": null,
                "equip_pasdetir": null,
                "equip_url": "http:\/\/www.bailly-romainvilliers.fr",
                "equip_utilisateur": "[\"Individuel(s),famille(s),Clubs sportifs,comit\u00e9s,ligues,f\u00e9d\u00e9rations,Scolaires,universit\u00e9s\"]",
                "equip_acc_libre": "false",
                "equip_saison": "false",
                "equip_obs": "+ activit\u00e9: Kung-Fu",
                "equip_type_famille": "Salle de combat",
                "equip_type_code": "1801",
                "equip_rnb": "GQ1FWP8YE239",
                "inst_acc_handi_bool": "true",
                "inst_trans_bool": "true",
                "inst_part_bool": "true",
                "equip_loc_bool": "false",
                "equip_pmr_vest": "false",
                "equip_pmr_acc": "false",
                "equip_pmr_aire": "false",
                "equip_pmr_chem": "false",
                "equip_pmr_douche": "false",
                "equip_pmr_sanit": "false",
                "equip_pmr_trib": "false",
                "equip_pshs_aire": "false",
                "equip_pshs_chem": "false",
                "equip_pshs_sanit": "false",
                "equip_pshs_sign": "false",
                "equip_pshs_trib": "false",
                "equip_pshs_vest": "false",
                "equip_x": "2.82469",
                "equip_y": "48.8504",
                "inst_part_type": "[\"Complexe sportif\"]",
                "aps_name": [
                    "Aikido \/ Aikibudo \/ Budo",
                    "Judo \/ Jujitsu \/ Ta\u00efso",
                    "Karat\u00e9\/Karat\u00e9 jutsu\/Goshin jutsu\/Kobudo\/Nihon Tai-jutsu\/Taijitsu\/Nambudo\/Ninjutsu\/Nunchaku\/...",
                    "Taekwondo \/ Hapkido \/ Tang-soo-do \/ Soo bahk do \/ Sin moo hapkido \/ Hapkido jin jung kwan"
                ],
                "equip_qpv": null,
                "equip_qpv_200m": null,
                "categorie": null,
                "gen_2024fin_labellisation": null
            }
        },
        {
            "type": "Feature",
            "geometry": {
                "type": "Point",
                "coordinates": [
                    2.58206,
                    48.8492
                ]
            },
            "properties": {
                "equip_numero": "E002I770830004",
                "inst_numero": "I770830004",
                "inst_enqu_date": "2025-03-31",
                "inst_nom": "GYMNASE DU NESLES",
                "inst_siret": null,
                "inst_adresse": "AVENUE DU NESLES",
                "inst_cp": "77420",
                "new_name": "Champs-sur-Marne",
                "new_code": "77083",
                "inst_part_type_filter": null,
                "inst_uai": null,
                "inst_acc_handi_type": "[\"Handicap moteur\"]",
                "inst_trans_type": "[\"Bus\"]",
                "inst_obs": null,
                "inst_date_etat": "2013-04-26",
                "inst_date_creation": "2005-09-22",
                "inst_hs_bool": null,
                "epci_code": "200057958",
                "dep_code": "77",
                "dep_nom": "Seine-et-Marne",
                "reg_code": "11",
                "reg_nom": "\u00cele-de-France",
                "epci_nom": "CA Paris - Vall\u00e9e de la Marne",
                "code_bdv": "75056",
                "lib_bdv": "Paris",
                "arr_code": "775",
                "arr_name": "Torcy",
                "dens_niveau": 1,
                "dens_lib": "Grands centres urbains",
                "dep_code_filled": "77",
                "aca_nom": "Acad\u00e9mie de Cr\u00e9teil",
                "zrr_simp": "NC - Commune non class\u00e9e",
                "equip_nom": "SALLE DE JUDO",
                "equip_type_name": "Dojo \/ Salle d'arts martiaux",
                "equip_prop_nom": null,
                "equip_prop_type": "Commune",
                "equip_propsec_type": null,
                "equip_gest_type": "Commune",
                "equip_cogest_type": null,
                "equip_dsp": "false",
                "equip_ouv_public_bool": "true",
                "equip_erp_type": "[\"X\"]",
                "equip_erp_cat": 5,
                "equip_homo_date": null,
                "equip_homo_periode": null,
                "equip_service_date": "1983",
                "equip_service_periode": "1975-1984",
                "equip_travaux_date": null,
                "equip_travaux_periode": null,
                "equip_travaux_type": null,
                "equip_energie": "[\"Gaz\"]",
                "equip_nature": "Int\u00e9rieur",
                "equip_sol": "Synth\u00e9tique (hors gazon)",
                "equip_long": 24.0,
                "equip_larg": 15.0,
                "equip_haut": 5.0,
                "equip_surf": 360.0,
                "equip_eclair": "true",
                "equip_piste_nb": null,
                "equip_trib_nb": 0,
                "equip_vest_sport": null,
                "equip_vest_ens": 0,
                "equip_douche": "true",
                "equip_sanit": "true",
                "equip_loc_type": null,
                "equip_conf_type": null,
                "equip_acces_handi_mobilite": "Aire de jeu,Sanitaires,Vestiaires",
                "equip_acces_handi_sensoriel": "Sanitaires",
                "equip_pdesi_pdipr": null,
                "equip_bassin_long": null,
                "equip_bassin_larg": null,
                "equip_bassin_surf": null,
                "equip_bassin_min": null,
                "equip_bassin_max": null,
                "equip_piste_long": null,
                "equip_sae_haut": null,
                "equip_sae_surf": null,
                "equip_sae_couloir": null,
                "equip_pasdetir": null,
                "equip_url": null,
                "equip_utilisateur": "[\"Clubs sportifs,comit\u00e9s,ligues,f\u00e9d\u00e9rations,Scolaires,universit\u00e9s\"]",
                "equip_acc_libre": "false",
                "equip_saison": "false",
                "equip_obs": null,
                "equip_type_famille": "Salle de combat",
                "equip_type_code": "1801",
                "equip_rnb": "TYXYPXKC9757",
                "inst_acc_handi_bool": "true",
                "inst_trans_bool": "true",
                "inst_part_bool": "false",
                "equip_loc_bool": "false",
                "equip_pmr_vest": "true",
                "equip_pmr_acc": "false",
                "equip_pmr_aire": "true",
                "equip_pmr_chem": "false",
                "equip_pmr_douche": "false",
                "equip_pmr_sanit": "true",
                "equip_pmr_trib": "false",
                "equip_pshs_aire": "false",
                "equip_pshs_chem": "false",
                "equip_pshs_sanit": "true",
                "equip_pshs_sign": "false",
                "equip_pshs_trib": "false",
                "equip_pshs_vest": "false",
                "equip_x": "2.58206",
                "equip_y": "48.8492",
                "inst_part_type": null,
                "aps_name": [
                    "Judo \/ Jujitsu \/ Ta\u00efso"
                ],
                "equip_qpv": null,
                "equip_qpv_200m": null,
                "categorie": null,
                "gen_2024fin_labellisation": null
            }
        },
        {
            "type": "Feature",
            "geometry": {
                "type": "Point",
                "coordinates": [
                    3.0733,
                    48.81255
                ]
            },
            "properties": {
                "equip_numero": "E002I771310007",
                "inst_numero": "I771310007",
                "inst_enqu_date": "2025-03-31",
                "inst_nom": "COMPLEXE CULTUREL ET SPORTIF DE LA SUCRERIE",
                "inst_siret": null,
                "inst_adresse": "98 AVENUE DU GENERAL LECLERC",
                "inst_cp": "77120",
                "new_name": "Coulommiers",
                "new_code": "77131",
                "inst_part_type_filter": null,
                "inst_uai": null,
                "inst_acc_handi_type": "[\"Handicap moteur\"]",
                "inst_trans_type": "[\"Bus\", \"Train\"]",
                "inst_obs": null,
                "inst_date_etat": "2016-07-07",
                "inst_date_creation": "2005-09-22",
                "inst_hs_bool": null,
                "epci_code": "200090504",
                "dep_code": "77",
                "dep_nom": "Seine-et-Marne",
                "reg_code": "11",
                "reg_nom": "\u00cele-de-France",
                "epci_nom": "CA Coulommiers Pays de Brie",
                "code_bdv": "77131",
                "lib_bdv": "Coulommiers",
                "arr_code": "771",
                "arr_name": "Meaux",
                "dens_niveau": 2,
                "dens_lib": "Centres urbains interm\u00e9diaires",
                "dep_code_filled": "77",
                "aca_nom": "Acad\u00e9mie de Cr\u00e9teil",
                "zrr_simp": "NC - Commune non class\u00e9e",
                "equip_nom": "DOJO",
                "equip_type_name": "Dojo \/ Salle d'arts martiaux",
                "equip_prop_nom": null,
                "equip_prop_type": "Commune",
                "equip_propsec_type": null,
                "equip_gest_type": "Commune",
                "equip_cogest_type": null,
                "equip_dsp": "false",
                "equip_ouv_public_bool": "true",
                "equip_erp_type": "[\"R\", \"X\"]",
                "equip_erp_cat": 5,
                "equip_homo_date": null,
                "equip_homo_periode": null,
                "equip_service_date": "1988",
                "equip_service_periode": "1985-1994",
                "equip_travaux_date": "2014",
                "equip_travaux_periode": "A partir de 2005",
                "equip_travaux_type": "[\"Mise en conformit\u00e9 avec les r\u00e8glements (s\u00e9curit\u00e9\", \"incendie\", \"hygi\u00e8ne ...)\"]",
                "equip_energie": "[\"Gaz\"]",
                "equip_nature": "Int\u00e9rieur",
                "equip_sol": "Synth\u00e9tique (hors gazon)",
                "equip_long": 20.0,
                "equip_larg": 15.0,
                "equip_haut": 7.0,
                "equip_surf": 300.0,
                "equip_eclair": "true",
                "equip_piste_nb": null,
                "equip_trib_nb": 0,
                "equip_vest_sport": 3,
                "equip_vest_ens": 0,
                "equip_douche": "true",
                "equip_sanit": "true",
                "equip_loc_type": "[\"Local de rangement\"]",
                "equip_conf_type": null,
                "equip_acces_handi_mobilite": "Aire de jeu,Cheminements,Douches,Sanitaires,Vestiaires",
                "equip_acces_handi_sensoriel": "Sanitaires",
                "equip_pdesi_pdipr": null,
                "equip_bassin_long": null,
                "equip_bassin_larg": null,
                "equip_bassin_surf": null,
                "equip_bassin_min": null,
                "equip_bassin_max": null,
                "equip_piste_long": null,
                "equip_sae_haut": null,
                "equip_sae_surf": null,
                "equip_sae_couloir": null,
                "equip_pasdetir": null,
                "equip_url": null,
                "equip_utilisateur": "[\"Clubs sportifs,comit\u00e9s,ligues,f\u00e9d\u00e9rations,Scolaires,universit\u00e9s,Autre - association(s) et groupes divers\"]",
                "equip_acc_libre": "false",
                "equip_saison": "false",
                "equip_obs": null,
                "equip_type_famille": "Salle de combat",
                "equip_type_code": "1801",
                "equip_rnb": "72ATFEH8S7K1",
                "inst_acc_handi_bool": "true",
                "inst_trans_bool": "true",
                "inst_part_bool": "false",
                "equip_loc_bool": "true",
                "equip_pmr_vest": "true",
                "equip_pmr_acc": "false",
                "equip_pmr_aire": "true",
                "equip_pmr_chem": "true",
                "equip_pmr_douche": "true",
                "equip_pmr_sanit": "true",
                "equip_pmr_trib": "false",
                "equip_pshs_aire": "false",
                "equip_pshs_chem": "false",
                "equip_pshs_sanit": "true",
                "equip_pshs_sign": "false",
                "equip_pshs_trib": "false",
                "equip_pshs_vest": "false",
                "equip_x": "3.0733",
                "equip_y": "48.81255",
                "inst_part_type": null,
                "aps_name": [
                    "Judo \/ Jujitsu \/ Ta\u00efso"
                ],
                "equip_qpv": null,
                "equip_qpv_200m": null,
                "categorie": null,
                "gen_2024fin_labellisation": null
            }
        },
        {
            "type": "Feature",
            "geometry": {
                "type": "Point",
                "coordinates": [
                    2.87576,
                    48.9786
                ]
            },
            "properties": {
                "equip_numero": "E002I771430003",
                "inst_numero": "I771430003",
                "inst_enqu_date": "2025-03-31",
                "inst_nom": "GYMNASE MUNICIPAL",
                "inst_siret": null,
                "inst_adresse": "RUE DES CARROUGES",
                "inst_cp": "77124",
                "new_name": "Cr\u00e9gy-l\u00e8s-Meaux",
                "new_code": "77143",
                "inst_part_type_filter": null,
                "inst_uai": null,
                "inst_acc_handi_type": "[\"Handicap moteur\"]",
                "inst_trans_type": "[\"Bus\"]",
                "inst_obs": null,
                "inst_date_etat": "2014-12-09",
                "inst_date_creation": "2005-09-22",
                "inst_hs_bool": null,
                "epci_code": "200072130",
                "dep_code": "77",
                "dep_nom": "Seine-et-Marne",
                "reg_code": "11",
                "reg_nom": "\u00cele-de-France",
                "epci_nom": "CA du Pays de Meaux",
                "code_bdv": "77284",
                "lib_bdv": "Meaux",
                "arr_code": "771",
                "arr_name": "Meaux",
                "dens_niveau": 1,
                "dens_lib": "Grands centres urbains",
                "dep_code_filled": "77",
                "aca_nom": "Acad\u00e9mie de Cr\u00e9teil",
                "zrr_simp": "NC - Commune non class\u00e9e",
                "equip_nom": "DOJO",
                "equip_type_name": "Dojo \/ Salle d'arts martiaux",
                "equip_prop_nom": null,
                "equip_prop_type": "Commune",
                "equip_propsec_type": null,
                "equip_gest_type": "Commune",
                "equip_cogest_type": null,
                "equip_dsp": "false",
                "equip_ouv_public_bool": "true",
                "equip_erp_type": "[\"L\"]",
                "equip_erp_cat": 5,
                "equip_homo_date": null,
                "equip_homo_periode": null,
                "equip_service_date": "1992",
                "equip_service_periode": "1985-1994",
                "equip_travaux_date": null,
                "equip_travaux_periode": "1985-1994",
                "equip_travaux_type": null,
                "equip_energie": "[\"Gaz\"]",
                "equip_nature": "Int\u00e9rieur",
                "equip_sol": "B\u00e9ton",
                "equip_long": 10.0,
                "equip_larg": 10.0,
                "equip_haut": 3.0,
                "equip_surf": 100.0,
                "equip_eclair": "true",
                "equip_piste_nb": null,
                "equip_trib_nb": 0,
                "equip_vest_sport": 2,
                "equip_vest_ens": 1,
                "equip_douche": "true",
                "equip_sanit": "true",
                "equip_loc_type": null,
                "equip_conf_type": null,
                "equip_acces_handi_mobilite": "Aire de jeu,Cheminements,Douches,Sanitaires,Vestiaires",
                "equip_acces_handi_sensoriel": "Sanitaires",
                "equip_pdesi_pdipr": null,
                "equip_bassin_long": null,
                "equip_bassin_larg": null,
                "equip_bassin_surf": null,
                "equip_bassin_min": null,
                "equip_bassin_max": null,
                "equip_piste_long": null,
                "equip_sae_haut": null,
                "equip_sae_surf": null,
                "equip_sae_couloir": null,
                "equip_pasdetir": null,
                "equip_url": "http:\/\/www.cregylesmeaux.com\/sport.htm",
                "equip_utilisateur": "[\"Clubs sportifs,comit\u00e9s,ligues,f\u00e9d\u00e9rations\"]",
                "equip_acc_libre": "false",
                "equip_saison": "false",
                "equip_obs": null,
                "equip_type_famille": "Salle de combat",
                "equip_type_code": "1801",
                "equip_rnb": "H5RZYE41XKTF",
                "inst_acc_handi_bool": "true",
                "inst_trans_bool": "true",
                "inst_part_bool": "false",
                "equip_loc_bool": "false",
                "equip_pmr_vest": "true",
                "equip_pmr_acc": "false",
                "equip_pmr_aire": "true",
                "equip_pmr_chem": "true",
                "equip_pmr_douche": "true",
                "equip_pmr_sanit": "true",
                "equip_pmr_trib": "false",
                "equip_pshs_aire": "false",
                "equip_pshs_chem": "false",
                "equip_pshs_sanit": "true",
                "equip_pshs_sign": "false",
                "equip_pshs_trib": "false",
                "equip_pshs_vest": "false",
                "equip_x": "2.87576",
                "equip_y": "48.9786",
                "inst_part_type": null,
                "aps_name": [
                    "Judo \/ Jujitsu \/ Ta\u00efso",
                    "Karat\u00e9\/Karat\u00e9 jutsu\/Goshin jutsu\/Kobudo\/Nihon Tai-jutsu\/Taijitsu\/Nambudo\/Ninjutsu\/Nunchaku\/..."
                ],
                "equip_qpv": null,
                "equip_qpv_200m": null,
                "categorie": null,
                "gen_2024fin_labellisation": null
            }
        },
        {
            "type": "Feature",
            "geometry": {
                "type": "Point",
                "coordinates": [
                    2.89992,
                    48.3868
                ]
            },
            "properties": {
                "equip_numero": "E002I772100001",
                "inst_numero": "I772100001",
                "inst_enqu_date": "2025-03-31",
                "inst_nom": "GYMNASE",
                "inst_siret": null,
                "inst_adresse": "RUE CLOVIS MORIOT",
                "inst_cp": "77130",
                "new_name": "La Grande-Paroisse",
                "new_code": "77210",
                "inst_part_type_filter": null,
                "inst_uai": null,
                "inst_acc_handi_type": "[\"Handicap moteur\"]",
                "inst_trans_type": "[\"Bus\"]",
                "inst_obs": null,
                "inst_date_etat": "2014-09-11",
                "inst_date_creation": "2005-09-22",
                "inst_hs_bool": null,
                "epci_code": "247700107",
                "dep_code": "77",
                "dep_nom": "Seine-et-Marne",
                "reg_code": "11",
                "reg_nom": "\u00cele-de-France",
                "epci_nom": "CC Pays de Montereau",
                "code_bdv": "77305",
                "lib_bdv": "Montereau-Fault-Yonne",
                "arr_code": "773",
                "arr_name": "Provins",
                "dens_niveau": 4,
                "dens_lib": "Ceintures urbaines",
                "dep_code_filled": "77",
                "aca_nom": "Acad\u00e9mie de Cr\u00e9teil",
                "zrr_simp": "NC - Commune non class\u00e9e",
                "equip_nom": "DOJO",
                "equip_type_name": "Dojo \/ Salle d'arts martiaux",
                "equip_prop_nom": null,
                "equip_prop_type": "Commune",
                "equip_propsec_type": null,
                "equip_gest_type": "Commune",
                "equip_cogest_type": null,
                "equip_dsp": "false",
                "equip_ouv_public_bool": "true",
                "equip_erp_type": "[\"L\", \"X\"]",
                "equip_erp_cat": 4,
                "equip_homo_date": null,
                "equip_homo_periode": null,
                "equip_service_date": "1998",
                "equip_service_periode": "1995-2004",
                "equip_travaux_date": null,
                "equip_travaux_periode": null,
                "equip_travaux_type": null,
                "equip_energie": "[\"Gaz\"]",
                "equip_nature": "Int\u00e9rieur",
                "equip_sol": "Synth\u00e9tique (hors gazon)",
                "equip_long": 9.0,
                "equip_larg": 8.0,
                "equip_haut": 3.0,
                "equip_surf": 72.0,
                "equip_eclair": "true",
                "equip_piste_nb": null,
                "equip_trib_nb": 0,
                "equip_vest_sport": 2,
                "equip_vest_ens": 0,
                "equip_douche": "true",
                "equip_sanit": "true",
                "equip_loc_type": "[\"Local de rangement\"]",
                "equip_conf_type": null,
                "equip_acces_handi_mobilite": "Aire de jeu,Cheminements",
                "equip_acces_handi_sensoriel": null,
                "equip_pdesi_pdipr": null,
                "equip_bassin_long": null,
                "equip_bassin_larg": null,
                "equip_bassin_surf": null,
                "equip_bassin_min": null,
                "equip_bassin_max": null,
                "equip_piste_long": null,
                "equip_sae_haut": null,
                "equip_sae_surf": null,
                "equip_sae_couloir": null,
                "equip_pasdetir": null,
                "equip_url": null,
                "equip_utilisateur": "[\"Clubs sportifs,comit\u00e9s,ligues,f\u00e9d\u00e9rations,Scolaires,universit\u00e9s\"]",
                "equip_acc_libre": "true",
                "equip_saison": "false",
                "equip_obs": null,
                "equip_type_famille": "Salle de combat",
                "equip_type_code": "1801",
                "equip_rnb": "A555R4TY3HSZ",
                "inst_acc_handi_bool": "true",
                "inst_trans_bool": "true",
                "inst_part_bool": "false",
                "equip_loc_bool": "true",
                "equip_pmr_vest": "false",
                "equip_pmr_acc": "false",
                "equip_pmr_aire": "true",
                "equip_pmr_chem": "true",
                "equip_pmr_douche": "false",
                "equip_pmr_sanit": "false",
                "equip_pmr_trib": "false",
                "equip_pshs_aire": "false",
                "equip_pshs_chem": "false",
                "equip_pshs_sanit": "false",
                "equip_pshs_sign": "false",
                "equip_pshs_trib": "false",
                "equip_pshs_vest": "false",
                "equip_x": "2.89992",
                "equip_y": "48.3868",
                "inst_part_type": null,
                "aps_name": [
                    "Judo \/ Jujitsu \/ Ta\u00efso"
                ],
                "equip_qpv": null,
                "equip_qpv_200m": null,
                "categorie": null,
                "gen_2024fin_labellisation": null
            }
        },
        {
            "type": "Feature",
            "geometry": {
                "type": "Point",
                "coordinates": [
                    2.74341,
                    48.73582
                ]
            },
            "properties": {
                "equip_numero": "E002I772150004",
                "inst_numero": "I772150004",
                "inst_enqu_date": "2025-03-31",
                "inst_nom": "SALLES DU MESNIL",
                "inst_siret": null,
                "inst_adresse": "RUE DE VIGNOLLES",
                "inst_cp": "77220",
                "new_name": "Gretz-Armainvilliers",
                "new_code": "77215",
                "inst_part_type_filter": null,
                "inst_uai": null,
                "inst_acc_handi_type": "[\"Handicap moteur\"]",
                "inst_trans_type": "[\"Bus\"]",
                "inst_obs": null,
                "inst_date_etat": "2024-04-24",
                "inst_date_creation": "2005-09-22",
                "inst_hs_bool": null,
                "epci_code": "200023125",
                "dep_code": "77",
                "dep_nom": "Seine-et-Marne",
                "reg_code": "11",
                "reg_nom": "\u00cele-de-France",
                "epci_nom": "CC Les Portes Briardes entre Villes et For\u00eats",
                "code_bdv": "77470",
                "lib_bdv": "Tournan-en-Brie",
                "arr_code": "775",
                "arr_name": "Torcy",
                "dens_niveau": 2,
                "dens_lib": "Centres urbains interm\u00e9diaires",
                "dep_code_filled": "77",
                "aca_nom": "Acad\u00e9mie de Cr\u00e9teil",
                "zrr_simp": "NC - Commune non class\u00e9e",
                "equip_nom": "SALLE DE JUDO",
                "equip_type_name": "Dojo \/ Salle d'arts martiaux",
                "equip_prop_nom": null,
                "equip_prop_type": "Commune",
                "equip_propsec_type": null,
                "equip_gest_type": "Commune",
                "equip_cogest_type": null,
                "equip_dsp": "false",
                "equip_ouv_public_bool": "true",
                "equip_erp_type": "[\"X\"]",
                "equip_erp_cat": 5,
                "equip_homo_date": null,
                "equip_homo_periode": null,
                "equip_service_date": "1985",
                "equip_service_periode": "1985-1994",
                "equip_travaux_date": null,
                "equip_travaux_periode": "1995-2004",
                "equip_travaux_type": null,
                "equip_energie": "[\"Gaz\"]",
                "equip_nature": "Int\u00e9rieur",
                "equip_sol": "B\u00e9ton",
                "equip_long": 20.0,
                "equip_larg": 14.0,
                "equip_haut": 4.0,
                "equip_surf": 280.0,
                "equip_eclair": "true",
                "equip_piste_nb": null,
                "equip_trib_nb": 0,
                "equip_vest_sport": 4,
                "equip_vest_ens": 1,
                "equip_douche": "true",
                "equip_sanit": "true",
                "equip_loc_type": null,
                "equip_conf_type": null,
                "equip_acces_handi_mobilite": "Aire de jeu",
                "equip_acces_handi_sensoriel": null,
                "equip_pdesi_pdipr": null,
                "equip_bassin_long": null,
                "equip_bassin_larg": null,
                "equip_bassin_surf": null,
                "equip_bassin_min": null,
                "equip_bassin_max": null,
                "equip_piste_long": null,
                "equip_sae_haut": null,
                "equip_sae_surf": null,
                "equip_sae_couloir": null,
                "equip_pasdetir": null,
                "equip_url": "www.gretz-armainvilliers.fr",
                "equip_utilisateur": "[\"Clubs sportifs,comit\u00e9s,ligues,f\u00e9d\u00e9rations\"]",
                "equip_acc_libre": "false",
                "equip_saison": "false",
                "equip_obs": null,
                "equip_type_famille": "Salle de combat",
                "equip_type_code": "1801",
                "equip_rnb": "Z46YTTD73HD8",
                "inst_acc_handi_bool": "true",
                "inst_trans_bool": "true",
                "inst_part_bool": "false",
                "equip_loc_bool": "false",
                "equip_pmr_vest": "false",
                "equip_pmr_acc": "false",
                "equip_pmr_aire": "true",
                "equip_pmr_chem": "false",
                "equip_pmr_douche": "false",
                "equip_pmr_sanit": "false",
                "equip_pmr_trib": "false",
                "equip_pshs_aire": "false",
                "equip_pshs_chem": "false",
                "equip_pshs_sanit": "false",
                "equip_pshs_sign": "false",
                "equip_pshs_trib": "false",
                "equip_pshs_vest": "false",
                "equip_x": "2.74341",
                "equip_y": "48.73582",
                "inst_part_type": null,
                "aps_name": [
                    "Aikido \/ Aikibudo \/ Budo",
                    "Boxe fran\u00e7aise savate",
                    "Judo \/ Jujitsu \/ Ta\u00efso",
                    "Karat\u00e9\/Karat\u00e9 jutsu\/Goshin jutsu\/Kobudo\/Nihon Tai-jutsu\/Taijitsu\/Nambudo\/Ninjutsu\/Nunchaku\/..."
                ],
                "equip_qpv": null,
                "equip_qpv_200m": null,
                "categorie": null,
                "gen_2024fin_labellisation": null
            }
        },
        {
            "type": "Feature",
            "geometry": {
                "type": "Point",
                "coordinates": [
                    3.133314,
                    48.924078
                ]
            },
            "properties": {
                "equip_numero": "E002I772380001",
                "inst_numero": "I772380001",
                "inst_enqu_date": "2025-03-31",
                "inst_nom": "STADE GUY NICOLLE",
                "inst_siret": null,
                "inst_adresse": "RUE DE LA CHAPELLE",
                "inst_cp": "77640",
                "new_name": "Jouarre",
                "new_code": "77238",
                "inst_part_type_filter": null,
                "inst_uai": null,
                "inst_acc_handi_type": "[\"Handicap moteur\"]",
                "inst_trans_type": "[\"Bus\"]",
                "inst_obs": null,
                "inst_date_etat": "2015-01-12",
                "inst_date_creation": "2005-09-22",
                "inst_hs_bool": null,
                "epci_code": "200090504",
                "dep_code": "77",
                "dep_nom": "Seine-et-Marne",
                "reg_code": "11",
                "reg_nom": "\u00cele-de-France",
                "epci_nom": "CA Coulommiers Pays de Brie",
                "code_bdv": "77183",
                "lib_bdv": "La Fert\u00e9-sous-Jouarre",
                "arr_code": "771",
                "arr_name": "Meaux",
                "dens_niveau": 4,
                "dens_lib": "Ceintures urbaines",
                "dep_code_filled": "77",
                "aca_nom": "Acad\u00e9mie de Cr\u00e9teil",
                "zrr_simp": "NC - Commune non class\u00e9e",
                "equip_nom": "SALLE POLYVALENTE",
                "equip_type_name": "Salle multisports (gymnase)",
                "equip_prop_nom": null,
                "equip_prop_type": "Commune",
                "equip_propsec_type": null,
                "equip_gest_type": "Commune",
                "equip_cogest_type": null,
                "equip_dsp": "false",
                "equip_ouv_public_bool": "true",
                "equip_erp_type": "[\"X\"]",
                "equip_erp_cat": 4,
                "equip_homo_date": null,
                "equip_homo_periode": null,
                "equip_service_date": "1969",
                "equip_service_periode": "1965-1974",
                "equip_travaux_date": null,
                "equip_travaux_periode": null,
                "equip_travaux_type": "[\"V\u00e9tust\u00e9 normale\", \"remise \u00e0 niveau\"]",
                "equip_energie": "[\"Gaz\"]",
                "equip_nature": "Int\u00e9rieur",
                "equip_sol": "Synth\u00e9tique (hors gazon)",
                "equip_long": 20.0,
                "equip_larg": 15.0,
                "equip_haut": 6.0,
                "equip_surf": 300.0,
                "equip_eclair": "true",
                "equip_piste_nb": null,
                "equip_trib_nb": 0,
                "equip_vest_sport": 0,
                "equip_vest_ens": 0,
                "equip_douche": "false",
                "equip_sanit": "true",
                "equip_loc_type": null,
                "equip_conf_type": null,
                "equip_acces_handi_mobilite": "Aire de jeu,Cheminements,Sanitaires",
                "equip_acces_handi_sensoriel": "Sanitaires",
                "equip_pdesi_pdipr": null,
                "equip_bassin_long": null,
                "equip_bassin_larg": null,
                "equip_bassin_surf": null,
                "equip_bassin_min": null,
                "equip_bassin_max": null,
                "equip_piste_long": null,
                "equip_sae_haut": null,
                "equip_sae_surf": null,
                "equip_sae_couloir": null,
                "equip_pasdetir": null,
                "equip_url": "http:\/\/www.jouarre.fr\/",
                "equip_utilisateur": "[\"Clubs sportifs,comit\u00e9s,ligues,f\u00e9d\u00e9rations,Scolaires,universit\u00e9s,Autre - association(s) et groupes divers\"]",
                "equip_acc_libre": "false",
                "equip_saison": "false",
                "equip_obs": null,
                "equip_type_famille": "Salle multisports",
                "equip_type_code": "1901",
                "equip_rnb": "FCN4668JQ7QJ",
                "inst_acc_handi_bool": "true",
                "inst_trans_bool": "true",
                "inst_part_bool": "false",
                "equip_loc_bool": "false",
                "equip_pmr_vest": "false",
                "equip_pmr_acc": "false",
                "equip_pmr_aire": "true",
                "equip_pmr_chem": "true",
                "equip_pmr_douche": "false",
                "equip_pmr_sanit": "true",
                "equip_pmr_trib": "false",
                "equip_pshs_aire": "false",
                "equip_pshs_chem": "false",
                "equip_pshs_sanit": "true",
                "equip_pshs_sign": "false",
                "equip_pshs_trib": "false",
                "equip_pshs_vest": "false",
                "equip_x": "3.133314",
                "equip_y": "48.924078",
                "inst_part_type": null,
                "aps_name": [
                    "Badminton",
                    "Jeu de volant",
                    "Handball \/ Mini hand \/ Handball de plage",
                    "Judo \/ Jujitsu \/ Ta\u00efso",
                    "Tennis de table"
                ],
                "equip_qpv": null,
                "equip_qpv_200m": null,
                "categorie": "structurant",
                "gen_2024fin_labellisation": null
            }
        },
        {
            "type": "Feature",
            "geometry": {
                "type": "Point",
                "coordinates": [
                    2.704334,
                    48.841857
                ]
            },
            "properties": {
                "equip_numero": "E002I770580014",
                "inst_numero": "I770580014",
                "inst_enqu_date": "2025-03-31",
                "inst_nom": "ENSEMBLE SCOLAIRE MAURICE RONDEAU",
                "inst_siret": null,
                "inst_adresse": "1 PLACE DU CLOS SAINT-GEORGES",
                "inst_cp": "77600",
                "new_name": "Bussy-Saint-Georges",
                "new_code": "77058",
                "inst_part_type_filter": [
                    "Etablissement scolaire"
                ],
                "inst_uai": "0772601J",
                "inst_acc_handi_type": "[\"Handicap moteur\"]",
                "inst_trans_type": "[\"Bus\", \"Train\"]",
                "inst_obs": null,
                "inst_date_etat": "2024-07-09",
                "inst_date_creation": "2019-11-28",
                "inst_hs_bool": "false",
                "epci_code": "247700594",
                "dep_code": "77",
                "dep_nom": "Seine-et-Marne",
                "reg_code": "11",
                "reg_nom": "\u00cele-de-France",
                "epci_nom": "CA Marne et Gondoire",
                "code_bdv": "75056",
                "lib_bdv": "Paris",
                "arr_code": "775",
                "arr_name": "Torcy",
                "dens_niveau": 1,
                "dens_lib": "Grands centres urbains",
                "dep_code_filled": "77",
                "aca_nom": "Acad\u00e9mie de Cr\u00e9teil",
                "zrr_simp": "NC - Commune non class\u00e9e",
                "equip_nom": "DOJO",
                "equip_type_name": "Dojo \/ Salle d'arts martiaux",
                "equip_prop_nom": null,
                "equip_prop_type": "Etablissement d'enseignement priv\u00e9",
                "equip_propsec_type": null,
                "equip_gest_type": "Etablissement d'enseignement priv\u00e9",
                "equip_cogest_type": null,
                "equip_dsp": "false",
                "equip_ouv_public_bool": null,
                "equip_erp_type": null,
                "equip_erp_cat": null,
                "equip_homo_date": null,
                "equip_homo_periode": null,
                "equip_service_date": null,
                "equip_service_periode": null,
                "equip_travaux_date": null,
                "equip_travaux_periode": null,
                "equip_travaux_type": null,
                "equip_energie": null,
                "equip_nature": "Int\u00e9rieur",
                "equip_sol": "Synth\u00e9tique (hors gazon)",
                "equip_long": 24.0,
                "equip_larg": 12.0,
                "equip_haut": null,
                "equip_surf": 288.0,
                "equip_eclair": "true",
                "equip_piste_nb": null,
                "equip_trib_nb": 0,
                "equip_vest_sport": 2,
                "equip_vest_ens": null,
                "equip_douche": "false",
                "equip_sanit": "true",
                "equip_loc_type": null,
                "equip_conf_type": null,
                "equip_acces_handi_mobilite": "Accueil,Aire de jeu,Cheminements,Sanitaires",
                "equip_acces_handi_sensoriel": null,
                "equip_pdesi_pdipr": null,
                "equip_bassin_long": null,
                "equip_bassin_larg": null,
                "equip_bassin_surf": null,
                "equip_bassin_min": null,
                "equip_bassin_max": null,
                "equip_piste_long": null,
                "equip_sae_haut": null,
                "equip_sae_surf": null,
                "equip_sae_couloir": null,
                "equip_pasdetir": null,
                "equip_url": null,
                "equip_utilisateur": "[\"Scolaires,universit\u00e9s,Autre - association(s) et groupes divers\"]",
                "equip_acc_libre": "false",
                "equip_saison": "false",
                "equip_obs": null,
                "equip_type_famille": "Salle de combat",
                "equip_type_code": "1801",
                "equip_rnb": null,
                "inst_acc_handi_bool": "true",
                "inst_trans_bool": "true",
                "inst_part_bool": "true",
                "equip_loc_bool": "false",
                "equip_pmr_vest": "false",
                "equip_pmr_acc": "true",
                "equip_pmr_aire": "true",
                "equip_pmr_chem": "true",
                "equip_pmr_douche": "false",
                "equip_pmr_sanit": "true",
                "equip_pmr_trib": "false",
                "equip_pshs_aire": "false",
                "equip_pshs_chem": "false",
                "equip_pshs_sanit": "false",
                "equip_pshs_sign": "false",
                "equip_pshs_trib": "false",
                "equip_pshs_vest": "false",
                "equip_x": "2.704334",
                "equip_y": "48.841857",
                "inst_part_type": "[\"Etablissement scolaire\"]",
                "aps_name": [
                    "Judo \/ Jujitsu \/ Ta\u00efso"
                ],
                "equip_qpv": null,
                "equip_qpv_200m": null,
                "categorie": null,
                "gen_2024fin_labellisation": null
            }
        },
        {
            "type": "Feature",
            "geometry": {
                "type": "Point",
                "coordinates": [
                    2.81038,
                    48.8997
                ]
            },
            "properties": {
                "equip_numero": "E002I771710004",
                "inst_numero": "I771710004",
                "inst_enqu_date": "2025-03-31",
                "inst_nom": "COSEC DU COLLEGE LOUIS BRAILLE",
                "inst_siret": "19771361300010",
                "inst_adresse": "Rue Louis Braille",
                "inst_cp": "77450",
                "new_name": "Esbly",
                "new_code": "77171",
                "inst_part_type_filter": [
                    "Etablissement scolaire"
                ],
                "inst_uai": "0771361L",
                "inst_acc_handi_type": null,
                "inst_trans_type": "[\"Autre\"]",
                "inst_obs": null,
                "inst_date_etat": "2015-05-10",
                "inst_date_creation": "2005-09-22",
                "inst_hs_bool": null,
                "epci_code": "247700339",
                "dep_code": "77",
                "dep_nom": "Seine-et-Marne",
                "reg_code": "11",
                "reg_nom": "\u00cele-de-France",
                "epci_nom": "CA Val d'Europe Agglom\u00e9ration",
                "code_bdv": "77171",
                "lib_bdv": "Esbly",
                "arr_code": "775",
                "arr_name": "Torcy",
                "dens_niveau": 2,
                "dens_lib": "Centres urbains interm\u00e9diaires",
                "dep_code_filled": "77",
                "aca_nom": "Acad\u00e9mie de Cr\u00e9teil",
                "zrr_simp": "NC - Commune non class\u00e9e",
                "equip_nom": "SALLE DE JUDO N\u00b0 1 1ER ETAGE",
                "equip_type_name": "Dojo \/ Salle d'arts martiaux",
                "equip_prop_nom": null,
                "equip_prop_type": "EPCI",
                "equip_propsec_type": null,
                "equip_gest_type": "EPCI",
                "equip_cogest_type": null,
                "equip_dsp": "false",
                "equip_ouv_public_bool": "true",
                "equip_erp_type": "[\"X\"]",
                "equip_erp_cat": 5,
                "equip_homo_date": null,
                "equip_homo_periode": null,
                "equip_service_date": "1976",
                "equip_service_periode": "1975-1984",
                "equip_travaux_date": null,
                "equip_travaux_periode": null,
                "equip_travaux_type": null,
                "equip_energie": "[\"Gaz\"]",
                "equip_nature": "Int\u00e9rieur",
                "equip_sol": "Synth\u00e9tique (hors gazon)",
                "equip_long": 15.0,
                "equip_larg": 12.0,
                "equip_haut": 4.0,
                "equip_surf": 180.0,
                "equip_eclair": "true",
                "equip_piste_nb": null,
                "equip_trib_nb": 0,
                "equip_vest_sport": 4,
                "equip_vest_ens": 0,
                "equip_douche": "true",
                "equip_sanit": "true",
                "equip_loc_type": null,
                "equip_conf_type": null,
                "equip_acces_handi_mobilite": null,
                "equip_acces_handi_sensoriel": null,
                "equip_pdesi_pdipr": null,
                "equip_bassin_long": null,
                "equip_bassin_larg": null,
                "equip_bassin_surf": null,
                "equip_bassin_min": null,
                "equip_bassin_max": null,
                "equip_piste_long": null,
                "equip_sae_haut": null,
                "equip_sae_surf": null,
                "equip_sae_couloir": null,
                "equip_pasdetir": null,
                "equip_url": "http:\/\/www.esbly.org\/",
                "equip_utilisateur": "[\"Clubs sportifs,comit\u00e9s,ligues,f\u00e9d\u00e9rations,Scolaires,universit\u00e9s\"]",
                "equip_acc_libre": "false",
                "equip_saison": "false",
                "equip_obs": null,
                "equip_type_famille": "Salle de combat",
                "equip_type_code": "1801",
                "equip_rnb": "KNYE8FWFJDPY",
                "inst_acc_handi_bool": "false",
                "inst_trans_bool": "true",
                "inst_part_bool": "true",
                "equip_loc_bool": "false",
                "equip_pmr_vest": "false",
                "equip_pmr_acc": "false",
                "equip_pmr_aire": "false",
                "equip_pmr_chem": "false",
                "equip_pmr_douche": "false",
                "equip_pmr_sanit": "false",
                "equip_pmr_trib": "false",
                "equip_pshs_aire": "false",
                "equip_pshs_chem": "false",
                "equip_pshs_sanit": "false",
                "equip_pshs_sign": "false",
                "equip_pshs_trib": "false",
                "equip_pshs_vest": "false",
                "equip_x": "2.81038",
                "equip_y": "48.8997",
                "inst_part_type": "[\"Etablissement scolaire\"]",
                "aps_name": [
                    "Autres Danses",
                    "Judo \/ Jujitsu \/ Ta\u00efso",
                    "Kendo \/ Ia\u00efdo \/ Naginata \/ Jodo \/ Sport chanbara"
                ],
                "equip_qpv": null,
                "equip_qpv_200m": null,
                "categorie": null,
                "gen_2024fin_labellisation": null
            }
        },
        {
            "type": "Feature",
            "geometry": {
                "type": "Point",
                "coordinates": [
                    2.8999,
                    48.95556
                ]
            },
            "properties": {
                "equip_numero": "E018I772840001",
                "inst_numero": "I772840001",
                "inst_enqu_date": "2025-03-31",
                "inst_nom": "COMPLEXE SPORTIF G. TAUZIET",
                "inst_siret": null,
                "inst_adresse": "24 AVENUE FRANKLIN ROOSEVELT",
                "inst_cp": "77100",
                "new_name": "Meaux",
                "new_code": "77284",
                "inst_part_type_filter": [
                    "Complexe sportif"
                ],
                "inst_uai": null,
                "inst_acc_handi_type": "[\"Handicap moteur\"]",
                "inst_trans_type": null,
                "inst_obs": null,
                "inst_date_etat": "2024-02-22",
                "inst_date_creation": "2005-09-22",
                "inst_hs_bool": null,
                "epci_code": "200072130",
                "dep_code": "77",
                "dep_nom": "Seine-et-Marne",
                "reg_code": "11",
                "reg_nom": "\u00cele-de-France",
                "epci_nom": "CA du Pays de Meaux",
                "code_bdv": "77284",
                "lib_bdv": "Meaux",
                "arr_code": "771",
                "arr_name": "Meaux",
                "dens_niveau": 1,
                "dens_lib": "Grands centres urbains",
                "dep_code_filled": "77",
                "aca_nom": "Acad\u00e9mie de Cr\u00e9teil",
                "zrr_simp": "NC - Commune non class\u00e9e",
                "equip_nom": "HALLE DES SPORTS - DOJO",
                "equip_type_name": "Dojo \/ Salle d'arts martiaux",
                "equip_prop_nom": null,
                "equip_prop_type": "Commune",
                "equip_propsec_type": null,
                "equip_gest_type": "Commune",
                "equip_cogest_type": null,
                "equip_dsp": "false",
                "equip_ouv_public_bool": "true",
                "equip_erp_type": "[\"X\"]",
                "equip_erp_cat": 4,
                "equip_homo_date": null,
                "equip_homo_periode": null,
                "equip_service_date": "1987",
                "equip_service_periode": "1985-1994",
                "equip_travaux_date": null,
                "equip_travaux_periode": null,
                "equip_travaux_type": null,
                "equip_energie": "[\"Electricit\u00e9\", \"Autre\"]",
                "equip_nature": "Int\u00e9rieur",
                "equip_sol": "B\u00e9ton",
                "equip_long": 35.0,
                "equip_larg": 8.6,
                "equip_haut": 3.0,
                "equip_surf": 300.0,
                "equip_eclair": "true",
                "equip_piste_nb": null,
                "equip_trib_nb": 0,
                "equip_vest_sport": 2,
                "equip_vest_ens": 1,
                "equip_douche": "true",
                "equip_sanit": "true",
                "equip_loc_type": "[\"Local de rangement\"]",
                "equip_conf_type": null,
                "equip_acces_handi_mobilite": "Aire de jeu,Vestiaires",
                "equip_acces_handi_sensoriel": null,
                "equip_pdesi_pdipr": null,
                "equip_bassin_long": null,
                "equip_bassin_larg": null,
                "equip_bassin_surf": null,
                "equip_bassin_min": null,
                "equip_bassin_max": null,
                "equip_piste_long": null,
                "equip_sae_haut": null,
                "equip_sae_surf": null,
                "equip_sae_couloir": null,
                "equip_pasdetir": null,
                "equip_url": null,
                "equip_utilisateur": "[\"Clubs sportifs,comit\u00e9s,ligues,f\u00e9d\u00e9rations,Scolaires,universit\u00e9s\"]",
                "equip_acc_libre": "false",
                "equip_saison": "false",
                "equip_obs": "CHAUFFAGE AEROTHERME",
                "equip_type_famille": "Salle de combat",
                "equip_type_code": "1801",
                "equip_rnb": "9644WJT9FNT3",
                "inst_acc_handi_bool": "true",
                "inst_trans_bool": "false",
                "inst_part_bool": "true",
                "equip_loc_bool": "true",
                "equip_pmr_vest": "true",
                "equip_pmr_acc": "false",
                "equip_pmr_aire": "true",
                "equip_pmr_chem": "false",
                "equip_pmr_douche": "false",
                "equip_pmr_sanit": "false",
                "equip_pmr_trib": "false",
                "equip_pshs_aire": "false",
                "equip_pshs_chem": "false",
                "equip_pshs_sanit": "false",
                "equip_pshs_sign": "false",
                "equip_pshs_trib": "false",
                "equip_pshs_vest": "false",
                "equip_x": "2.8999",
                "equip_y": "48.95556",
                "inst_part_type": "[\"Complexe sportif\"]",
                "aps_name": [
                    "Aikido \/ Aikibudo \/ Budo",
                    "Judo \/ Jujitsu \/ Ta\u00efso"
                ],
                "equip_qpv": null,
                "equip_qpv_200m": "QN07713M",
                "categorie": null,
                "gen_2024fin_labellisation": null
            }
        }
    ]
}